Date,Price,Open,High,Low,Vol.,Change %
1999-08-01,264.75,264.00,286.75,259.00,160.06K,0.38%
1999-08-02,282.75,264.00,283.75,264.00,17.64K,6.80%
1999-08-03,272.00,282.00,286.75,271.00,14.02K,-3.80%
1999-08-04,276.50,271.25,276.75,269.00,4.98K,1.65%
1999-08-05,278.50,276.50,279.00,271.50,9.30K,0.72%
1999-08-06,279.25,278.00,281.50,275.00,7.06K,0.27%
1999-08-09,279.50,277.50,280.00,275.50,5.93K,0.09%
1999-08-10,279.25,280.00,283.00,279.00,7.08K,-0.09%
1999-08-11,272.75,279.25,279.25,272.00,7.91K,-2.33%
1999-08-12,263.50,272.75,272.75,260.00,11.08K,-3.39%
1999-08-13,268.25,263.00,268.75,263.00,5.20K,1.80%
1999-08-16,268.75,267.75,271.00,267.50,3.42K,0.19%
1999-08-17,269.00,269.75,274.75,268.50,4.47K,0.09%
1999-08-18,270.50,268.50,272.75,265.00,5.81K,0.56%
1999-08-19,272.25,270.50,274.00,269.00,4.43K,0.65%
1999-08-20,269.50,272.25,272.75,269.25,4.51K,-1.01%
1999-08-23,270.75,269.75,271.50,265.00,5.33K,0.46%
1999-08-24,267.25,271.50,273.00,266.00,6.32K,-1.29%
1999-08-25,268.75,266.75,269.00,262.75,4.56K,0.56%
1999-08-26,266.75,268.75,269.00,265.75,3.31K,-0.74%
1999-08-27,262.75,265.00,265.50,261.25,6.50K,-1.50%
1999-08-30,259.75,262.00,264.50,259.00,12.21K,-1.14%
1999-08-31,264.75,260.75,265.50,260.50,9.00K,1.92%
1999-09-01,266.75,264.50,266.75,264.50,5.74K,0.76%
1999-09-02,270.75,266.50,271.00,263.75,5.91K,1.50%
1999-09-03,272.75,270.50,273.50,270.50,4.53K,0.74%
1999-09-07,277.00,278.00,279.00,276.50,3.56K,1.56%
1999-09-08,269.00,274.50,275.00,269.00,3.75K,-2.89%
1999-09-09,270.00,269.50,271.75,269.50,2.77K,0.37%
1999-09-10,274.00,268.00,274.50,268.00,2.06K,1.48%
1999-09-13,274.25,274.00,275.50,272.00,2.00K,0.09%
1999-09-14,274.00,271.50,274.00,271.00,2.29K,-0.09%
1999-09-15,261.50,272.00,272.00,261.00,2.05K,-4.56%
1999-09-16,263.25,261.00,263.50,258.00,1.28K,0.67%
1999-09-17,262.50,263.50,264.00,259.75,0.24K,-0.28%
1999-09-20,259.00,261.00,262.00,259.00,0.34K,-1.33%
1999-09-21,258.00,259.00,260.00,255.00,0.03K,-0.39%
1999-09-22,258.00,0.00,0.00,0.00,0.03K,0.00%
1999-09-23,273.25,269.75,273.75,267.00,19.16K,5.91%
1999-09-24,277.75,273.25,278.50,273.00,19.26K,1.65%
1999-09-27,279.75,277.00,282.50,273.50,22.05K,0.72%
1999-09-28,285.75,279.75,286.50,278.75,25.22K,2.14%
1999-09-29,284.25,285.75,290.00,284.00,26.13K,-0.52%
1999-09-30,275.75,284.25,284.50,275.00,21.31K,-2.99%
1999-10-01,267.00,276.00,276.75,266.00,26.95K,-3.17%
1999-10-04,268.75,266.00,269.50,262.00,25.78K,0.66%
1999-10-05,264.50,269.00,269.50,264.00,10.06K,-1.58%
1999-10-06,264.25,264.50,265.50,259.00,25.44K,-0.09%
1999-10-07,258.75,264.50,264.50,258.50,15.25K,-2.08%
1999-10-08,254.75,259.75,261.00,253.50,26.26K,-1.55%
1999-10-11,253.50,254.00,255.00,250.50,11.73K,-0.49%
1999-10-12,257.50,254.00,259.50,254.00,15.61K,1.58%
1999-10-13,255.50,257.50,259.00,254.50,13.34K,-0.78%
1999-10-14,255.50,255.25,257.25,253.75,9.42K,0.00%
1999-10-15,256.50,255.00,258.50,253.25,14.58K,0.39%
1999-10-18,260.25,256.25,262.00,254.75,13.92K,1.46%
1999-10-19,263.00,260.50,264.00,260.25,14.35K,1.06%
1999-10-20,257.75,263.25,264.75,257.50,19.85K,-2.00%
1999-10-21,257.00,257.75,258.50,254.50,12.69K,-0.29%
1999-10-22,258.00,257.00,259.75,255.00,10.95K,0.39%
1999-10-25,262.00,257.50,262.50,257.50,12.91K,1.55%
1999-10-26,256.75,262.50,266.00,256.50,20.54K,-2.00%
1999-10-27,256.50,256.50,259.75,255.00,13.04K,-0.10%
1999-10-28,257.25,257.00,259.75,256.50,11.69K,0.29%
1999-10-29,255.75,257.25,257.50,252.00,19.09K,-0.58%
1999-11-01,252.00,255.25,257.00,251.00,11.17K,-1.47%
1999-11-02,255.25,252.75,256.00,252.75,10.76K,1.29%
1999-11-03,259.25,255.25,261.00,254.00,25.71K,1.57%
1999-11-04,259.25,260.50,261.50,258.00,10.44K,0.00%
1999-11-05,256.00,259.00,261.00,254.50,15.63K,-1.25%
1999-11-08,258.75,256.75,260.00,256.50,10.50K,1.07%
1999-11-09,253.50,259.75,261.00,253.00,15.19K,-2.03%
1999-11-10,248.00,253.75,254.25,247.50,23.23K,-2.17%
1999-11-11,247.00,248.00,248.50,243.25,22.38K,-0.40%
1999-11-12,244.25,247.00,248.00,244.00,8.41K,-1.11%
1999-11-15,250.00,244.50,250.25,244.50,17.09K,2.35%
1999-11-16,250.75,252.00,253.25,249.00,14.56K,0.30%
1999-11-17,245.75,250.50,251.00,245.50,10.96K,-1.99%
1999-11-18,240.50,244.75,244.75,240.00,15.38K,-2.14%
1999-11-19,243.25,240.00,244.00,238.25,14.99K,1.14%
1999-11-22,243.50,243.00,244.50,241.50,10.83K,0.10%
1999-11-23,243.25,242.50,245.50,238.50,20.05K,-0.10%
1999-11-24,239.25,243.50,245.00,239.00,15.00K,-1.64%
1999-11-26,235.75,238.25,239.50,235.25,9.57K,-1.46%
1999-11-29,230.75,235.75,237.00,230.00,30.47K,-2.12%
1999-11-30,233.00,231.75,234.75,231.25,13.34K,0.98%
1999-12-01,236.50,234.50,238.00,233.25,11.32K,1.50%
1999-12-02,232.25,237.50,238.00,231.25,6.57K,-1.80%
1999-12-03,228.25,232.25,233.00,227.50,6.39K,-1.72%
1999-12-06,233.25,228.50,233.75,227.50,5.27K,2.19%
1999-12-07,231.50,234.00,234.00,230.00,1.86K,-0.75%
1999-12-08,227.00,228.75,230.00,225.50,3.36K,-1.94%
1999-12-09,226.00,227.50,229.00,225.00,3.30K,-0.44%
1999-12-10,227.50,225.00,227.50,224.50,2.01K,0.66%
1999-12-13,224.00,225.00,225.00,222.50,0.60K,-1.54%
1999-12-14,227.00,225.50,228.50,224.25,0.18K,1.34%
1999-12-15,227.00,229.50,229.50,225.75,0.14K,0.00%
1999-12-16,230.00,227.00,233.00,227.00,0.04K,1.32%
1999-12-17,233.50,231.00,233.75,231.00,0.10K,1.52%
1999-12-20,236.00,237.25,237.25,234.00,0.05K,1.07%
1999-12-21,246.00,249.00,249.75,245.50,9.24K,4.24%
1999-12-22,248.00,246.50,248.50,244.75,5.86K,0.81%
1999-12-23,249.75,248.00,250.75,247.00,8.34K,0.71%
1999-12-27,247.00,250.50,253.50,245.50,10.91K,-1.10%
1999-12-28,247.25,247.25,248.00,245.00,7.60K,0.10%
1999-12-29,246.75,247.25,248.50,246.50,4.73K,-0.20%
1999-12-30,248.50,246.50,250.00,246.50,10.61K,0.71%
2000-01-01,256.25,249.00,269.00,241.00,345.62K,3.12%
2000-01-03,247.50,249.00,251.50,245.25,13.43K,-3.41%
2000-01-04,247.25,247.50,248.00,241.00,21.17K,-0.10%
2000-01-05,249.75,247.25,250.00,246.00,14.71K,1.01%
2000-01-06,248.50,250.00,251.00,247.50,13.68K,-0.50%
2000-01-07,251.75,248.25,252.00,246.00,16.47K,1.31%
2000-01-10,253.50,251.25,255.00,248.75,18.41K,0.70%
2000-01-11,253.75,253.50,256.00,251.50,17.51K,0.10%
2000-01-12,258.75,253.75,260.00,252.25,21.32K,1.97%
2000-01-13,263.50,258.25,263.75,257.00,21.22K,1.84%
2000-01-14,265.00,262.75,267.75,261.25,27.43K,0.57%
2000-01-18,264.50,261.50,265.50,261.00,14.23K,-0.19%
2000-01-19,266.00,265.00,267.00,263.00,12.11K,0.57%
2000-01-20,265.00,265.50,265.75,262.50,14.76K,-0.38%
2000-01-21,264.25,265.25,266.25,261.50,13.98K,-0.28%
2000-01-24,266.00,265.50,269.00,265.00,17.63K,0.66%
2000-01-25,264.75,265.25,266.75,263.00,11.58K,-0.47%
2000-01-26,260.00,264.50,264.75,259.00,17.88K,-1.79%
2000-01-27,263.50,260.00,264.00,256.50,26.30K,1.35%
2000-01-28,259.75,263.75,264.75,259.00,15.93K,-1.42%
2000-01-31,256.25,258.25,258.25,254.00,15.90K,-1.35%
2000-02-01,258.00,256.00,260.00,254.25,11.35K,0.68%
2000-02-02,257.25,258.00,260.00,256.50,9.08K,-0.29%
2000-02-03,253.75,257.00,257.00,253.00,17.19K,-1.36%
2000-02-04,257.00,253.00,257.50,249.00,21.56K,1.28%
2000-02-07,258.75,259.00,260.75,257.00,16.38K,0.68%
2000-02-08,259.25,259.00,260.25,256.50,12.21K,0.19%
2000-02-09,265.50,258.00,266.00,257.00,24.31K,2.41%
2000-02-10,271.75,265.00,273.00,265.00,35.79K,2.35%
2000-02-11,269.50,272.75,273.50,267.50,35.63K,-0.83%
2000-02-14,268.75,269.00,272.75,268.00,12.20K,-0.28%
2000-02-15,266.00,269.50,269.50,265.00,16.49K,-1.02%
2000-02-16,265.25,266.00,268.00,263.25,21.64K,-0.28%
2000-02-17,262.50,265.00,267.00,262.00,10.30K,-1.04%
2000-02-18,264.75,262.00,265.00,261.00,11.42K,0.86%
2000-02-22,262.25,264.25,267.00,262.00,17.34K,-0.94%
2000-02-23,254.75,261.50,262.50,254.25,19.10K,-2.86%
2000-02-24,254.75,257.00,257.25,253.50,10.94K,0.00%
2000-02-25,248.00,255.00,258.25,247.50,13.86K,-2.65%
2000-02-28,244.50,247.00,253.00,244.00,19.38K,-1.41%
2000-02-29,247.00,244.75,248.25,244.00,9.24K,1.02%
2000-03-01,247.75,246.00,249.75,245.75,7.25K,0.30%
2000-03-02,247.25,247.00,247.50,244.25,6.82K,-0.20%
2000-03-03,247.50,246.50,248.50,245.50,5.17K,0.10%
2000-03-06,249.75,246.50,250.00,245.75,4.77K,0.91%
2000-03-07,250.00,250.00,252.00,249.00,3.56K,0.10%
2000-03-08,252.00,249.00,252.00,248.00,3.60K,0.80%
2000-03-09,254.25,256.00,256.50,254.00,0.09K,0.89%
2000-03-10,250.00,254.50,254.50,249.50,0.28K,-1.67%
2000-03-13,253.75,252.50,254.50,252.00,0.27K,1.50%
2000-03-14,259.50,256.00,259.50,256.00,0.24K,2.27%
2000-03-15,268.75,271.00,271.50,267.25,11.50K,3.56%
2000-03-16,266.25,268.25,270.00,266.00,11.96K,-0.93%
2000-03-17,272.25,266.25,273.00,266.00,17.96K,2.25%
2000-03-20,266.25,267.50,268.25,266.00,10.13K,-2.20%
2000-03-21,260.25,266.25,266.25,259.25,19.37K,-2.25%
2000-03-22,261.75,260.75,263.00,258.00,11.76K,0.58%
2000-03-23,256.25,262.75,262.75,256.00,15.74K,-2.10%
2000-03-24,252.75,256.25,258.50,252.00,20.11K,-1.37%
2000-03-27,254.50,254.00,256.00,252.75,6.30K,0.69%
2000-03-28,249.75,255.00,255.00,249.50,10.17K,-1.87%
2000-03-29,251.25,251.00,252.00,248.50,6.86K,0.60%
2000-03-30,255.50,251.75,256.50,251.00,8.59K,1.69%
2000-03-31,262.25,255.50,263.50,254.75,20.97K,2.64%
2000-04-01,242.25,262.75,267.00,240.50,159.28K,-7.63%
2000-04-03,257.75,262.75,267.00,257.00,15.62K,6.40%
2000-04-04,255.75,257.75,259.50,254.00,6.56K,-0.78%
2000-04-05,256.25,256.50,258.00,253.75,7.05K,0.20%
2000-04-06,253.75,256.50,257.00,252.25,7.56K,-0.98%
2000-04-07,258.50,254.25,259.00,251.25,6.91K,1.87%
2000-04-10,252.75,257.75,257.75,252.50,8.40K,-2.22%
2000-04-11,252.75,252.50,255.00,251.50,7.49K,0.00%
2000-04-12,255.50,252.50,256.50,251.75,7.79K,1.09%
2000-04-13,257.75,255.50,258.75,254.50,8.14K,0.88%
2000-04-14,255.75,257.50,261.00,255.25,5.39K,-0.78%
2000-04-17,253.25,256.00,258.25,253.00,6.76K,-0.98%
2000-04-18,252.25,253.25,256.00,249.50,9.47K,-0.39%
2000-04-19,253.00,253.00,253.50,249.25,6.69K,0.30%
2000-04-20,251.00,254.00,254.00,248.50,5.86K,-0.79%
2000-04-24,250.75,248.00,252.50,248.00,5.24K,-0.10%
2000-04-25,252.25,250.75,253.25,250.50,6.34K,0.60%
2000-04-26,248.50,252.00,255.00,248.00,11.50K,-1.49%
2000-04-27,241.00,248.00,248.25,240.50,20.53K,-3.02%
2000-04-28,242.25,241.00,249.00,240.50,6.00K,0.52%
2000-05-01,251.00,248.50,254.00,243.00,4.99K,3.61%
2000-05-02,254.25,251.50,255.50,251.50,4.98K,1.29%
2000-05-03,260.00,258.00,264.50,257.50,0.79K,2.26%
2000-05-04,265.50,263.75,265.50,259.00,0.23K,2.12%
2000-05-05,261.75,262.50,263.00,259.75,0.07K,-1.41%
2000-05-08,258.00,259.00,260.25,257.00,0.09K,-1.43%
2000-05-09,257.75,257.50,258.50,257.00,0.31K,-0.10%
2000-05-10,265.00,261.00,265.00,261.00,0.05K,2.81%
2000-05-11,272.50,268.00,273.00,266.00,0.37K,2.83%
2000-05-12,271.00,270.00,271.00,270.00,0.02K,-0.55%
2000-05-15,282.25,282.50,283.75,276.00,27.47K,4.15%
2000-05-16,281.25,283.00,285.50,280.50,18.20K,-0.35%
2000-05-17,277.00,281.25,284.50,276.00,21.48K,-1.51%
2000-05-18,272.00,278.00,281.50,271.00,25.39K,-1.81%
2000-05-19,276.25,272.00,277.00,271.50,11.39K,1.56%
2000-05-22,280.25,275.50,283.50,273.50,19.06K,1.45%
2000-05-23,281.25,281.00,284.50,280.00,18.25K,0.36%
2000-05-24,279.50,280.75,281.25,278.25,10.93K,-0.62%
2000-05-25,279.50,279.50,282.00,276.00,18.93K,0.00%
2000-05-26,280.75,279.50,281.50,278.50,12.43K,0.45%
2000-05-30,274.25,280.00,280.00,272.50,20.49K,-2.32%
2000-05-31,274.75,275.00,276.75,274.00,12.56K,0.18%
2000-06-01,270.50,276.50,278.75,270.00,22.14K,-1.55%
2000-06-02,271.25,270.50,272.00,267.25,20.82K,0.28%
2000-06-05,266.00,272.25,274.00,264.00,24.79K,-1.94%
2000-06-06,267.00,266.00,268.00,263.00,16.75K,0.38%
2000-06-07,264.25,267.50,268.50,260.00,23.23K,-1.03%
2000-06-08,266.50,264.50,268.00,263.50,14.21K,0.85%
2000-06-09,269.75,266.50,271.75,265.50,23.71K,1.22%
2000-06-12,265.75,268.50,268.50,264.50,17.28K,-1.48%
2000-06-13,264.75,266.00,268.25,264.25,16.95K,-0.38%
2000-06-14,261.25,263.50,264.75,260.50,18.74K,-1.32%
2000-06-15,262.75,261.00,264.75,260.00,15.90K,0.57%
2000-06-16,263.00,262.50,265.50,262.50,11.34K,0.10%
2000-06-19,268.75,263.75,269.50,261.50,12.98K,2.19%
2000-06-20,273.75,267.50,276.00,266.50,26.27K,1.86%
2000-06-21,277.00,274.00,279.75,273.00,19.65K,1.19%
2000-06-22,277.50,277.25,281.00,275.00,15.08K,0.18%
2000-06-23,272.25,277.00,277.50,272.00,14.21K,-1.89%
2000-06-26,274.00,272.25,276.75,271.25,11.07K,0.64%
2000-06-27,273.75,274.00,277.00,273.00,11.23K,-0.09%
2000-06-28,271.50,273.75,274.00,270.25,13.04K,-0.82%
2000-06-29,271.75,271.50,274.00,270.75,19.15K,0.09%
2000-06-30,259.50,272.00,274.00,258.50,7.29K,-4.51%
2000-07-01,246.25,260.50,261.50,237.50,72.62K,-5.11%
2000-07-03,245.50,260.50,261.50,243.00,5.35K,-0.30%
2000-07-05,248.00,247.50,251.00,247.00,3.51K,1.02%
2000-07-06,244.50,248.50,250.00,244.00,0.96K,-1.41%
2000-07-07,245.50,244.50,248.00,244.50,0.54K,0.41%
2000-07-10,247.25,243.00,247.25,241.00,0.74K,0.71%
2000-07-11,247.00,246.75,249.00,246.75,0.54K,-0.10%
2000-07-12,243.00,242.00,243.00,237.50,0.44K,-1.62%
2000-07-13,245.00,242.00,245.50,242.00,0.06K,0.82%
2000-07-14,242.50,244.00,244.50,242.00,0.06K,-1.02%
2000-07-17,244.25,248.00,248.00,243.75,7.23K,0.72%
2000-07-18,241.25,244.25,247.50,241.00,6.52K,-1.23%
2000-07-19,244.50,241.25,246.00,239.00,7.14K,1.35%
2000-07-20,246.75,244.00,247.50,244.00,3.79K,0.92%
2000-07-21,247.25,247.00,248.50,246.50,4.38K,0.20%
2000-07-24,245.50,247.25,249.50,242.50,4.39K,-0.71%
2000-07-25,245.50,244.75,247.00,243.00,5.97K,0.00%
2000-07-26,244.25,245.50,247.50,243.00,3.76K,-0.51%
2000-07-27,245.75,244.25,247.75,244.25,5.41K,0.61%
2000-07-28,248.00,246.00,259.00,246.00,5.70K,0.92%
2000-07-31,246.25,247.75,248.25,245.25,6.13K,-0.71%
2000-08-01,245.00,246.25,249.75,242.50,6.98K,-0.51%
2000-08-02,246.25,245.00,247.25,244.50,5.73K,0.51%
2000-08-03,242.25,246.25,247.50,241.75,7.05K,-1.62%
2000-08-04,237.00,241.50,241.50,236.50,6.08K,-2.17%
2000-08-07,233.50,237.00,239.75,233.00,6.49K,-1.48%
2000-08-08,236.50,234.50,237.00,234.00,8.20K,1.28%
2000-08-09,235.50,236.00,237.50,233.50,7.03K,-0.42%
2000-08-10,235.75,235.50,238.00,235.00,10.41K,0.11%
2000-08-11,236.75,236.00,238.00,232.50,7.03K,0.42%
2000-08-14,238.50,237.00,239.00,236.00,2.58K,0.74%
2000-08-15,240.50,239.00,241.50,238.25,3.78K,0.84%
2000-08-16,243.50,241.00,244.50,241.00,6.01K,1.25%
2000-08-17,239.50,244.75,245.50,238.50,4.71K,-1.64%
2000-08-18,238.75,239.50,241.25,237.50,5.95K,-0.31%
2000-08-21,236.25,238.75,238.75,234.00,5.51K,-1.05%
2000-08-22,234.75,236.50,238.00,234.50,5.75K,-0.63%
2000-08-23,233.75,234.75,235.25,232.00,3.47K,-0.43%
2000-08-24,240.00,234.00,240.50,233.75,8.57K,2.67%
2000-08-25,241.50,240.00,244.25,240.00,8.20K,0.63%
2000-08-28,245.00,241.50,247.00,241.50,8.77K,1.45%
2000-08-29,250.25,243.50,251.00,243.50,10.67K,2.14%
2000-08-30,246.25,250.25,250.75,245.75,14.03K,-1.60%
2000-08-31,250.75,248.00,251.00,247.25,4.98K,1.83%
2000-09-01,250.25,250.75,252.00,248.00,4.38K,-0.20%
2000-09-05,253.00,254.50,256.00,253.00,3.35K,1.10%
2000-09-06,247.50,250.50,250.50,245.50,1.85K,-2.17%
2000-09-07,249.50,248.00,250.25,247.50,1.53K,0.81%
2000-09-08,250.50,250.25,251.25,250.00,1.33K,0.40%
2000-09-11,249.25,250.00,250.50,248.75,0.94K,-0.50%
2000-09-12,245.00,246.00,246.00,241.75,0.30K,-1.71%
2000-09-13,242.00,245.00,245.50,240.00,0.56K,-1.22%
2000-09-14,242.00,241.00,242.50,241.00,0.07K,0.00%
2000-09-15,252.25,254.00,255.25,252.00,12.46K,4.24%
2000-09-18,256.25,253.50,257.00,248.50,23.18K,1.59%
2000-09-19,249.25,256.00,257.00,249.00,20.33K,-2.73%
2000-09-20,249.75,248.75,253.00,248.00,12.42K,0.20%
2000-09-21,247.50,248.75,250.00,246.00,15.54K,-0.90%
2000-09-22,250.75,247.25,252.00,246.75,11.68K,1.31%
2000-09-25,253.50,251.50,255.00,251.50,11.38K,1.10%
2000-09-26,254.50,253.75,257.00,253.25,12.33K,0.39%
2000-09-27,258.50,254.75,259.50,252.75,15.52K,1.57%
2000-09-28,259.25,258.75,261.50,258.50,15.63K,0.29%
2000-09-29,265.00,259.25,266.00,258.00,22.49K,2.22%
2000-10-01,254.75,265.50,280.50,250.50,364.34K,-3.87%
2000-10-02,267.00,265.50,272.00,264.00,16.98K,4.81%
2000-10-03,268.75,267.25,269.00,263.00,18.32K,0.66%
2000-10-04,267.25,268.00,270.50,266.50,18.51K,-0.56%
2000-10-05,267.25,266.50,268.50,263.25,16.12K,0.00%
2000-10-06,268.00,267.00,270.50,266.00,12.54K,0.28%
2000-10-09,267.25,269.25,269.25,264.50,6.83K,-0.28%
2000-10-10,275.25,267.50,275.50,266.50,24.67K,2.99%
2000-10-11,276.75,275.25,278.50,273.50,24.43K,0.54%
2000-10-12,273.50,276.75,280.50,272.00,22.58K,-1.17%
2000-10-13,267.25,272.50,273.50,267.00,18.40K,-2.29%
2000-10-16,270.75,267.00,271.50,265.50,13.38K,1.31%
2000-10-17,268.50,271.00,274.00,265.50,16.87K,-0.83%
2000-10-18,263.75,268.00,270.00,262.25,15.39K,-1.77%
2000-10-19,260.25,264.00,264.75,259.75,18.98K,-1.33%
2000-10-20,261.25,259.75,263.50,258.50,13.88K,0.38%
2000-10-23,256.75,260.00,260.50,256.00,20.81K,-1.72%
2000-10-24,256.25,257.75,258.50,253.00,19.73K,-0.19%
2000-10-25,255.50,257.50,258.50,253.75,11.71K,-0.29%
2000-10-26,256.25,255.00,258.00,254.75,11.71K,0.29%
2000-10-27,259.00,256.50,260.50,256.25,10.99K,1.07%
2000-10-30,255.50,259.00,260.50,254.00,14.38K,-1.35%
2000-10-31,254.75,256.00,258.50,250.50,17.12K,-0.29%
2000-11-01,254.75,255.50,257.00,254.50,12.49K,0.00%
2000-11-02,259.75,255.00,261.00,255.00,12.26K,1.96%
2000-11-03,264.00,260.00,265.00,260.00,16.08K,1.64%
2000-11-06,262.75,264.00,266.50,262.00,13.21K,-0.47%
2000-11-07,262.25,263.00,263.25,260.50,9.29K,-0.19%
2000-11-08,265.25,263.25,266.00,262.25,12.54K,1.14%
2000-11-09,258.25,265.75,266.25,258.00,18.59K,-2.64%
2000-11-10,256.75,258.25,258.25,254.75,15.13K,-0.58%
2000-11-13,257.75,258.00,259.00,255.50,16.63K,0.39%
2000-11-14,255.75,258.00,259.50,255.25,14.04K,-0.78%
2000-11-15,254.50,256.00,258.00,254.00,9.46K,-0.49%
2000-11-16,254.50,254.50,255.50,252.00,14.11K,0.00%
2000-11-17,256.00,255.00,258.25,255.00,11.90K,0.59%
2000-11-20,256.00,256.50,259.75,255.50,13.11K,0.00%
2000-11-21,254.75,255.00,256.50,253.50,10.91K,-0.49%
2000-11-22,257.50,255.25,258.00,253.75,11.50K,1.08%
2000-11-24,260.50,259.00,263.00,258.00,7.09K,1.17%
2000-11-27,257.25,261.00,262.00,257.00,21.81K,-1.25%
2000-11-28,255.50,257.25,257.25,254.00,18.19K,-0.68%
2000-11-29,251.50,254.50,256.25,251.00,34.81K,-1.57%
2000-11-30,256.00,251.50,256.25,251.00,14.34K,1.79%
2000-12-01,260.25,256.00,261.25,256.00,10.22K,1.66%
2000-12-04,262.00,260.50,263.50,259.50,7.34K,0.67%
2000-12-05,259.25,261.00,261.50,258.00,4.82K,-1.05%
2000-12-06,260.00,259.50,261.00,258.75,4.40K,0.29%
2000-12-07,254.75,262.00,262.00,255.00,3.18K,-2.02%
2000-12-08,257.50,252.00,257.50,252.00,0.28K,1.08%
2000-12-11,255.00,257.00,257.25,255.00,0.94K,-0.97%
2000-12-12,254.50,256.50,258.50,254.50,0.20K,-0.20%
2000-12-13,255.00,254.00,256.50,254.00,0.24K,0.20%
2000-12-14,253.00,257.00,257.00,253.00,0.23K,-0.78%
2000-12-15,265.25,268.00,269.50,264.50,14.81K,4.84%
2000-12-18,268.75,265.50,269.00,265.00,12.50K,1.32%
2000-12-19,272.50,269.00,273.00,267.00,14.84K,1.40%
2000-12-20,271.00,274.00,274.50,268.50,11.47K,-0.55%
2000-12-21,272.75,271.00,273.00,268.50,9.13K,0.65%
2000-12-22,275.75,273.00,277.50,273.00,16.19K,1.10%
2000-12-26,274.50,275.50,275.75,274.25,4.82K,-0.45%
2000-12-27,272.75,274.00,274.50,270.50,6.08K,-0.64%
2000-12-28,271.75,272.50,274.50,271.50,5.21K,-0.37%
2000-12-29,279.50,271.50,280.00,271.50,15.55K,2.85%
2001-01-01,273.00,278.50,294.50,268.00,410.55K,-2.33%
2001-01-02,276.25,278.50,280.00,275.00,14.28K,1.19%
2001-01-03,283.25,276.25,284.00,275.50,28.72K,2.53%
2001-01-04,284.25,283.00,284.50,281.50,20.43K,0.35%
2001-01-05,283.00,284.50,284.50,280.00,19.38K,-0.44%
2001-01-08,283.00,283.50,283.50,278.50,14.10K,0.00%
2001-01-09,285.00,282.50,287.50,281.00,21.41K,0.71%
2001-01-10,289.00,284.50,289.50,284.50,25.78K,1.40%
2001-01-11,289.75,288.50,294.50,285.00,35.15K,0.26%
2001-01-12,289.00,289.00,290.00,285.50,20.16K,-0.26%
2001-01-16,285.25,287.75,288.00,284.00,15.96K,-1.30%
2001-01-17,282.50,284.50,285.50,282.25,13.43K,-0.96%
2001-01-18,284.50,283.50,286.75,283.00,10.89K,0.71%
2001-01-19,285.50,284.50,287.50,282.00,17.12K,0.35%
2001-01-22,285.25,286.00,286.50,282.00,14.69K,-0.09%
2001-01-23,285.75,285.50,287.00,283.00,12.19K,0.18%
2001-01-24,285.50,286.00,286.50,281.50,17.80K,-0.09%
2001-01-25,279.00,285.50,286.50,278.25,20.88K,-2.28%
2001-01-26,276.25,279.00,280.50,276.00,19.83K,-0.99%
2001-01-29,269.25,276.00,276.25,268.00,36.86K,-2.53%
2001-01-30,270.50,269.25,272.50,269.00,16.87K,0.46%
2001-01-31,273.00,270.50,273.50,268.00,14.63K,0.92%
2001-02-01,270.25,273.50,273.50,270.00,13.31K,-1.01%
2001-02-02,272.00,271.00,273.00,269.00,11.25K,0.65%
2001-02-05,268.50,272.50,276.00,268.00,3.37K,-1.29%
2001-02-06,267.00,267.50,269.25,265.25,21.13K,-0.56%
2001-02-07,267.00,267.00,269.00,266.00,12.63K,0.00%
2001-02-08,266.75,267.00,270.50,266.00,15.34K,-0.09%
2001-02-09,266.25,267.00,269.00,266.00,10.82K,-0.19%
2001-02-12,261.75,266.00,267.50,261.25,18.54K,-1.69%
2001-02-13,263.00,262.00,263.50,260.50,14.36K,0.48%
2001-02-14,267.50,263.50,269.00,263.00,17.76K,1.71%
2001-02-15,267.50,268.00,269.25,265.00,12.30K,0.00%
2001-02-16,264.25,267.00,269.00,263.50,10.28K,-1.21%
2001-02-20,266.25,265.25,268.00,265.00,10.73K,0.76%
2001-02-21,262.25,267.00,267.50,261.50,16.10K,-1.50%
2001-02-22,258.50,262.50,264.25,258.00,17.47K,-1.43%
2001-02-23,259.25,258.50,260.00,257.50,17.84K,0.29%
2001-02-26,259.00,260.00,260.00,256.25,24.52K,-0.10%
2001-02-27,257.50,260.25,260.50,257.00,23.31K,-0.58%
2001-02-28,265.00,258.50,269.00,257.50,9.34K,2.91%
2001-03-01,266.75,267.50,268.75,265.00,6.49K,0.66%
2001-03-02,270.50,269.00,271.50,268.00,6.12K,1.41%
2001-03-05,273.75,271.00,274.50,271.00,,1.20%
2001-03-06,272.25,274.00,274.75,270.50,2.43K,-0.55%
2001-03-07,270.00,271.00,271.00,268.75,1.46K,-0.83%
2001-03-08,270.50,270.00,272.50,267.75,0.94K,0.19%
2001-03-09,270.25,268.00,271.00,268.00,0.32K,-0.09%
2001-03-12,277.00,271.00,277.00,270.50,0.34K,2.50%
2001-03-13,276.00,279.00,279.00,275.25,0.30K,-0.36%
2001-03-14,276.75,278.25,278.25,275.25,,0.27%
2001-03-15,273.75,284.75,285.00,271.50,25.66K,-1.08%
2001-03-16,270.50,273.75,275.00,270.00,19.03K,-1.19%
2001-03-19,268.75,270.00,271.75,264.50,,-0.65%
2001-03-20,270.75,269.50,271.50,267.50,7.62K,0.74%
2001-03-21,266.50,271.25,271.25,262.00,20.63K,-1.57%
2001-03-22,259.75,267.00,268.00,259.00,14.43K,-2.53%
2001-03-23,262.25,260.25,263.00,260.25,11.43K,0.96%
2001-03-26,267.00,263.25,267.75,263.25,8.50K,1.81%
2001-03-27,267.00,268.00,269.50,265.25,7.60K,0.00%
2001-03-28,264.25,266.75,269.00,263.25,6.24K,-1.03%
2001-03-29,265.00,266.00,266.25,263.75,4.57K,0.28%
2001-03-30,255.00,266.00,270.00,254.00,21.10K,-3.77%
2001-04-01,272.75,256.75,273.00,255.50,169.15K,6.96%
2001-04-02,259.00,256.75,261.00,256.00,6.24K,-5.04%
2001-04-03,261.75,260.00,269.25,257.00,8.49K,1.06%
2001-04-04,265.25,262.25,266.50,262.00,6.49K,1.34%
2001-04-05,265.00,266.50,268.00,262.00,4.86K,-0.09%
2001-04-06,262.00,266.00,266.75,261.25,4.28K,-1.13%
2001-04-09,260.00,262.50,264.50,259.00,4.99K,-0.76%
2001-04-10,257.25,261.50,263.00,255.50,7.57K,-1.06%
2001-04-11,260.75,257.75,261.25,256.50,8.51K,1.36%
2001-04-12,266.75,261.25,268.50,261.25,9.93K,2.30%
2001-04-16,269.50,267.25,272.00,267.25,7.96K,1.03%
2001-04-17,265.75,269.50,270.50,265.50,6.63K,-1.39%
2001-04-18,268.25,265.75,269.50,264.00,6.05K,0.94%
2001-04-19,267.50,267.00,269.50,263.00,5.33K,-0.28%
2001-04-20,267.00,267.00,271.00,265.50,11.38K,-0.19%
2001-04-23,264.50,267.25,268.25,260.75,10.71K,-0.94%
2001-04-24,263.75,263.75,265.50,261.50,6.95K,-0.28%
2001-04-25,268.75,264.50,272.00,264.50,13.47K,1.90%
2001-04-26,269.75,268.25,272.50,268.25,10.82K,0.37%
2001-04-27,264.75,270.25,270.25,264.25,19.29K,-1.85%
2001-04-30,272.75,265.25,273.00,263.50,9.19K,3.02%
2001-05-01,271.00,273.50,276.00,270.00,7.47K,-0.64%
2001-05-02,268.25,270.00,270.50,267.75,8.78K,-1.01%
2001-05-03,263.00,268.00,268.00,263.00,3.25K,-1.96%
2001-05-04,264.00,262.50,264.00,261.25,2.75K,0.38%
2001-05-07,259.50,264.00,264.00,256.50,2.53K,-1.70%
2001-05-08,257.75,256.25,257.75,255.75,0.46K,-0.67%
2001-05-09,257.00,258.00,258.50,257.00,0.63K,-0.29%
2001-05-10,260.00,256.50,262.75,256.50,0.03K,1.17%
2001-05-11,262.50,260.00,263.00,260.00,0.64K,0.96%
2001-05-14,269.50,268.00,269.50,267.75,,2.67%
2001-05-15,277.50,279.25,281.75,275.50,,2.97%
2001-05-16,275.75,277.00,278.50,275.00,13.08K,-0.63%
2001-05-17,275.75,275.25,276.00,272.25,15.09K,0.00%
2001-05-18,271.75,276.00,277.00,269.50,16.95K,-1.45%
2001-05-21,263.00,270.75,270.75,262.25,25.51K,-3.22%
2001-05-22,259.75,264.50,265.00,259.25,22.67K,-1.24%
2001-05-23,260.00,260.00,262.50,258.50,14.76K,0.10%
2001-05-24,261.75,260.50,264.00,260.50,11.95K,0.67%
2001-05-25,259.75,261.75,264.00,259.25,14.07K,-0.76%
2001-05-29,264.75,260.50,265.50,259.00,18.62K,1.92%
2001-05-30,264.00,266.50,268.75,263.50,15.32K,-0.28%
2001-05-31,267.00,264.25,267.50,264.00,18.52K,1.14%
2001-06-01,270.75,266.75,272.00,266.75,21.38K,1.40%
2001-06-04,263.50,269.50,269.50,263.00,16.36K,-2.68%
2001-06-05,260.50,263.00,265.50,260.00,14.68K,-1.14%
2001-06-06,261.50,260.00,262.75,258.50,15.76K,0.38%
2001-06-07,264.25,262.00,267.00,262.00,20.26K,1.05%
2001-06-08,264.00,264.25,265.00,263.25,10.22K,-0.09%
2001-06-11,261.75,264.00,266.25,260.00,17.27K,-0.85%
2001-06-12,263.25,261.50,264.75,259.00,18.58K,0.57%
2001-06-13,262.00,262.75,264.50,260.25,11.65K,-0.47%
2001-06-14,259.25,261.75,262.00,257.50,14.20K,-1.05%
2001-06-15,255.75,258.00,258.75,255.00,14.12K,-1.35%
2001-06-18,262.75,256.00,263.00,254.75,22.74K,2.74%
2001-06-19,261.50,263.00,264.00,258.25,21.91K,-0.48%
2001-06-20,256.00,261.00,262.00,255.00,16.34K,-2.10%
2001-06-21,255.25,254.50,257.75,254.50,13.16K,-0.29%
2001-06-22,251.00,255.00,256.00,250.50,16.39K,-1.67%
2001-06-25,245.75,251.00,252.00,245.25,18.79K,-2.09%
2001-06-26,248.25,245.25,249.25,245.00,20.43K,1.02%
2001-06-27,247.50,247.75,250.75,246.00,25.09K,-0.30%
2001-06-28,242.75,247.50,249.00,242.50,29.80K,-1.92%
2001-06-29,246.75,243.00,249.50,243.00,7.52K,1.65%
2001-07-01,278.50,256.00,295.00,246.25,132.44K,12.87%
2001-07-02,251.25,256.00,256.00,246.25,5.21K,-9.78%
2001-07-03,253.50,250.25,255.50,250.00,3.26K,0.90%
2001-07-05,257.00,255.00,257.25,252.50,2.31K,1.38%
2001-07-06,258.75,260.00,261.75,257.50,1.82K,0.68%
2001-07-09,258.25,257.75,258.50,255.00,1.81K,-0.19%
2001-07-10,262.00,261.00,263.50,260.50,1.84K,1.45%
2001-07-11,267.00,268.00,268.00,264.00,0.19K,1.91%
2001-07-12,281.00,267.00,281.00,265.00,0.19K,5.24%
2001-07-13,277.00,280.00,280.00,276.00,0.06K,-1.42%
2001-07-16,282.00,284.50,284.50,275.50,14.61K,1.81%
2001-07-17,290.00,282.25,295.00,282.25,14.68K,2.84%
2001-07-18,288.75,289.00,292.50,283.00,13.32K,-0.43%
2001-07-19,289.00,289.00,293.25,285.50,12.79K,0.09%
2001-07-20,283.25,290.00,291.00,281.50,10.74K,-1.99%
2001-07-23,283.50,279.25,284.00,277.00,8.48K,0.09%
2001-07-24,282.50,285.00,286.50,280.25,6.74K,-0.35%
2001-07-25,282.50,281.50,284.75,279.00,5.86K,0.00%
2001-07-26,281.00,284.00,286.00,276.50,8.87K,-0.53%
2001-07-27,280.25,279.50,283.25,279.50,5.21K,-0.27%
2001-07-30,277.00,279.75,281.00,275.00,7.19K,-1.16%
2001-07-31,278.50,275.00,279.00,274.25,7.27K,0.54%
2001-08-01,274.50,277.50,279.50,274.00,6.71K,-1.44%
2001-08-02,269.50,274.00,277.00,269.00,9.23K,-1.82%
2001-08-03,264.75,269.50,271.50,263.50,8.84K,-1.76%
2001-08-06,265.00,263.50,266.50,262.00,5.44K,0.09%
2001-08-07,267.00,266.25,269.00,265.50,5.86K,0.75%
2001-08-08,268.50,268.00,269.50,265.00,8.86K,0.56%
2001-08-09,271.00,268.75,271.50,268.50,4.26K,0.93%
2001-08-10,270.25,271.00,275.25,269.00,8.06K,-0.28%
2001-08-13,271.50,270.00,272.50,268.50,4.53K,0.46%
2001-08-14,268.75,272.00,272.25,268.50,4.79K,-1.01%
2001-08-15,266.50,268.75,269.50,263.00,6.07K,-0.84%
2001-08-16,267.00,266.75,269.00,262.50,8.04K,0.19%
2001-08-17,267.25,267.25,269.00,266.25,3.27K,0.09%
2001-08-20,266.25,265.00,266.75,263.00,5.21K,-0.37%
2001-08-21,268.00,266.00,269.00,266.00,4.99K,0.66%
2001-08-22,270.25,268.00,270.50,267.50,5.32K,0.84%
2001-08-23,277.25,271.00,288.50,268.25,10.63K,2.59%
2001-08-24,274.25,275.25,278.75,273.75,8.17K,-1.08%
2001-08-27,273.50,271.25,273.75,271.00,5.39K,-0.27%
2001-08-28,269.50,273.50,275.25,268.00,7.58K,-1.46%
2001-08-29,275.00,270.00,275.50,268.25,11.33K,2.04%
2001-08-30,271.50,274.50,275.00,271.00,12.88K,-1.27%
2001-08-31,278.00,273.00,279.50,271.00,4.11K,2.39%
2001-09-01,270.75,277.00,277.00,260.50,191.65K,-2.61%
2001-09-04,276.50,277.00,277.00,271.50,1.83K,2.12%
2001-09-05,274.75,276.50,276.50,272.00,1.73K,-0.63%
2001-09-06,270.50,272.50,274.50,270.00,1.00K,-1.55%
2001-09-07,269.25,270.00,270.00,268.00,0.81K,-0.46%
2001-09-10,271.00,269.00,271.40,267.00,4.44K,0.65%
2001-09-11,271.00,0.00,0.00,0.00,,0.00%
2001-09-14,267.00,270.00,270.00,266.40,0.19K,-1.48%
2001-09-17,274.50,271.00,275.75,269.00,13.37K,2.81%
2001-09-18,267.50,275.25,277.00,267.00,23.15K,-2.55%
2001-09-19,262.75,268.00,268.75,261.00,28.44K,-1.78%
2001-09-20,265.75,263.25,266.50,261.50,12.61K,1.14%
2001-09-21,266.00,265.75,267.00,260.50,18.94K,0.09%
2001-09-24,266.75,267.00,269.00,265.75,9.77K,0.28%
2001-09-25,270.75,267.00,273.00,266.00,19.53K,1.50%
2001-09-26,275.50,270.75,276.00,268.50,21.61K,1.75%
2001-09-27,274.50,276.00,277.00,273.50,15.39K,-0.36%
2001-09-28,270.75,274.25,275.00,268.25,18.84K,-1.37%
2001-10-01,266.25,270.75,271.00,265.50,15.46K,-1.66%
2001-10-02,263.50,266.00,267.50,261.50,18.34K,-1.03%
2001-10-03,269.50,264.00,270.00,262.50,16.84K,2.28%
2001-10-04,272.75,269.75,274.25,269.50,19.60K,1.21%
2001-10-05,273.25,273.00,273.50,271.50,11.04K,0.18%
2001-10-08,271.75,273.50,275.75,270.00,13.35K,-0.55%
2001-10-09,274.25,272.00,276.00,270.50,15.85K,0.92%
2001-10-10,279.00,275.00,280.50,273.75,29.63K,1.73%
2001-10-11,279.25,279.00,282.00,277.50,20.46K,0.09%
2001-10-12,276.25,279.25,279.75,271.50,24.15K,-1.07%
2001-10-15,273.50,275.50,276.25,271.50,12.20K,-1.00%
2001-10-16,277.75,274.00,278.50,273.25,14.77K,1.55%
2001-10-17,284.75,278.50,285.00,274.00,29.61K,2.52%
2001-10-18,283.00,285.00,287.75,282.50,25.07K,-0.61%
2001-10-19,287.00,283.00,289.50,282.25,26.35K,1.41%
2001-10-22,282.00,287.25,287.50,280.25,17.21K,-1.74%
2001-10-23,285.50,281.50,287.00,281.50,16.49K,1.24%
2001-10-24,283.75,286.00,287.00,282.50,13.07K,-0.61%
2001-10-25,289.00,285.25,290.00,280.50,25.91K,1.85%
2001-10-26,295.00,290.00,295.50,289.25,29.64K,2.08%
2001-10-29,291.25,295.00,295.00,289.25,13.31K,-1.27%
2001-10-30,295.50,291.00,297.00,290.00,19.76K,1.46%
2001-10-31,293.25,295.50,297.00,291.50,23.00K,-0.76%
2001-11-01,288.75,291.50,292.75,288.00,18.68K,-1.53%
2001-11-02,285.50,288.25,289.50,285.00,13.67K,-1.13%
2001-11-05,284.25,285.25,285.25,281.50,13.67K,-0.44%
2001-11-06,285.50,284.50,287.00,283.50,11.53K,0.44%
2001-11-07,287.00,286.00,288.50,286.00,12.62K,0.53%
2001-11-08,283.75,287.00,288.50,283.00,16.72K,-1.13%
2001-11-09,286.00,283.50,287.00,281.00,16.75K,0.79%
2001-11-12,283.00,286.00,287.50,282.50,11.86K,-1.05%
2001-11-13,278.00,283.00,283.00,277.00,25.54K,-1.77%
2001-11-14,280.75,278.00,281.75,277.25,14.24K,0.99%
2001-11-15,280.25,280.75,282.00,276.00,16.45K,-0.18%
2001-11-16,289.25,280.00,290.00,277.75,24.28K,3.21%
2001-11-19,289.25,288.25,290.60,286.75,13.45K,0.00%
2001-11-20,286.75,290.25,290.25,285.50,11.80K,-0.86%
2001-11-21,287.00,286.50,289.75,286.25,8.60K,0.09%
2001-11-23,289.00,287.00,290.50,286.75,8.22K,0.70%
2001-11-26,277.00,289.00,289.75,275.00,24.69K,-4.15%
2001-11-27,279.50,277.50,280.50,275.00,14.89K,0.90%
2001-11-28,274.50,279.50,279.50,273.50,14.26K,-1.79%
2001-11-29,273.25,274.00,276.25,272.25,17.25K,-0.46%
2001-11-30,281.50,273.00,283.00,273.00,3.50K,3.02%
2001-12-01,289.00,283.75,294.50,268.50,135.80K,2.66%
2001-12-03,279.75,283.75,283.75,277.75,0.90K,-3.20%
2001-12-04,275.25,280.25,282.00,275.00,2.23K,-1.61%
2001-12-05,277.25,275.50,277.50,273.25,1.01K,0.73%
2001-12-06,273.00,277.00,277.50,272.50,1.27K,-1.53%
2001-12-07,275.50,271.00,276.00,268.50,0.93K,0.92%
2001-12-10,273.75,281.25,281.25,273.00,1.34K,-0.64%
2001-12-11,277.75,276.00,278.00,271.50,1.12K,1.46%
2001-12-12,277.00,274.50,277.50,274.50,0.31K,-0.27%
2001-12-13,274.00,277.25,277.75,271.00,0.25K,-1.08%
2001-12-14,275.00,274.00,277.00,273.00,,0.36%
2001-12-17,286.25,287.00,287.00,283.25,8.68K,4.09%
2001-12-18,285.75,285.75,289.00,285.00,15.39K,-0.17%
2001-12-19,293.00,286.00,294.50,284.25,34.66K,2.54%
2001-12-20,287.50,293.25,294.00,287.00,16.55K,-1.88%
2001-12-21,288.75,287.50,291.00,286.50,8.71K,0.43%
2001-12-24,288.75,0.00,0.00,0.00,,0.00%
2001-12-26,284.50,289.00,289.00,283.00,14.04K,-1.47%
2001-12-27,291.00,285.00,291.50,285.00,14.60K,2.28%
2001-12-28,290.25,291.00,293.50,288.00,9.63K,-0.26%
2001-12-31,289.00,289.75,291.00,288.00,4.19K,-0.43%
2002-01-01,286.00,290.50,313.25,283.50,438.19K,-1.04%
2002-01-02,292.00,290.50,292.50,288.50,10.49K,2.10%
2002-01-03,300.00,292.75,301.50,291.00,32.66K,2.74%
2002-01-04,307.00,300.00,309.00,299.50,34.80K,2.33%
2002-01-07,304.75,307.00,309.00,303.00,24.02K,-0.73%
2002-01-08,305.00,305.00,306.00,301.50,14.20K,0.08%
2002-01-09,302.75,304.75,307.00,301.50,12.82K,-0.74%
2002-01-10,303.50,303.75,307.50,301.00,22.60K,0.25%
2002-01-11,308.25,304.00,311.00,300.50,33.80K,1.57%
2002-01-14,306.75,308.75,313.25,306.00,24.25K,-0.49%
2002-01-15,302.00,306.50,307.00,301.50,19.83K,-1.55%
2002-01-16,303.50,301.00,304.00,298.00,23.13K,0.50%
2002-01-17,300.75,304.00,305.75,297.50,22.17K,-0.91%
2002-01-18,298.00,301.00,302.00,297.50,10.20K,-0.91%
2002-01-22,295.25,299.50,299.50,294.00,18.03K,-0.92%
2002-01-23,297.00,295.00,298.00,293.50,15.57K,0.59%
2002-01-24,298.50,296.50,299.75,294.50,16.78K,0.51%
2002-01-25,299.00,299.00,300.00,295.25,17.30K,0.17%
2002-01-28,291.25,298.00,298.50,291.00,20.07K,-2.59%
2002-01-29,289.50,291.25,293.75,288.50,21.41K,-0.60%
2002-01-30,285.25,290.00,290.50,283.75,28.20K,-1.47%
2002-01-31,286.00,284.00,288.25,283.50,15.87K,0.26%
2002-02-01,287.00,286.75,288.25,285.00,10.11K,0.35%
2002-02-04,280.75,288.00,289.50,280.00,29.45K,-2.18%
2002-02-05,283.00,280.75,285.00,278.50,23.33K,0.80%
2002-02-06,280.25,284.00,284.75,280.00,12.89K,-0.97%
2002-02-07,281.00,280.25,284.50,279.00,14.03K,0.27%
2002-02-08,281.75,282.00,287.00,278.50,12.00K,0.27%
2002-02-11,281.00,282.00,282.50,279.00,10.72K,-0.27%
2002-02-12,280.75,281.00,282.50,280.00,8.79K,-0.09%
2002-02-13,282.25,281.25,283.50,279.75,13.90K,0.53%
2002-02-14,280.75,282.50,283.50,280.50,8.69K,-0.53%
2002-02-15,275.25,280.75,281.00,274.50,22.82K,-1.96%
2002-02-19,277.75,276.50,278.50,275.75,12.34K,0.91%
2002-02-20,280.00,277.75,280.50,276.50,14.82K,0.81%
2002-02-21,278.75,280.00,281.00,276.50,18.94K,-0.45%
2002-02-22,280.25,278.50,281.00,278.00,15.20K,0.54%
2002-02-25,278.25,280.75,281.25,275.50,19.36K,-0.71%
2002-02-26,275.75,278.25,281.00,274.50,23.27K,-0.90%
2002-02-27,271.50,276.00,276.75,271.00,22.04K,-1.54%
2002-02-28,267.25,272.00,273.00,266.25,9.30K,-1.57%
2002-03-01,270.00,267.25,270.50,267.00,3.77K,1.03%
2002-03-04,270.75,271.00,273.00,268.25,2.71K,0.28%
2002-03-05,274.25,270.50,293.75,270.50,2.87K,1.29%
2002-03-06,274.50,273.00,275.50,271.50,0.94K,0.09%
2002-03-07,272.50,277.00,279.00,272.50,0.87K,-0.73%
2002-03-08,271.00,272.00,273.50,269.50,0.31K,-0.55%
2002-03-11,267.25,270.00,270.00,263.75,0.36K,-1.38%
2002-03-12,268.00,267.00,270.50,266.00,0.11K,0.28%
2002-03-13,270.00,266.50,272.00,266.50,0.12K,0.75%
2002-03-14,272.00,271.00,273.50,271.00,0.03K,0.74%
2002-03-15,282.25,280.00,286.75,277.50,23.26K,3.77%
2002-03-18,277.75,283.75,284.25,277.00,13.52K,-1.59%
2002-03-19,281.50,278.00,282.00,276.00,14.55K,1.35%
2002-03-20,277.25,282.00,283.50,277.00,13.14K,-1.51%
2002-03-21,282.00,277.25,284.25,276.50,19.07K,1.71%
2002-03-22,281.75,283.25,285.25,281.50,6.88K,-0.09%
2002-03-25,283.75,281.00,285.50,280.25,8.89K,0.71%
2002-03-26,287.25,284.00,288.25,284.00,13.63K,1.23%
2002-03-27,294.25,287.25,295.00,286.50,20.58K,2.44%
2002-03-28,285.00,294.00,297.00,280.00,34.31K,-3.14%
2002-04-01,285.25,285.50,287.00,284.00,9.63K,0.09%
2002-04-02,283.25,286.50,289.00,283.00,12.83K,-0.70%
2002-04-03,283.50,283.25,286.25,281.25,13.45K,0.09%
2002-04-04,280.50,284.00,285.50,280.00,13.83K,-1.06%
2002-04-05,277.25,280.25,280.50,276.50,12.30K,-1.16%
2002-04-08,273.00,277.50,277.50,272.25,14.11K,-1.53%
2002-04-09,270.25,273.50,274.50,270.00,11.07K,-1.01%
2002-04-10,272.50,270.25,274.00,269.50,11.02K,0.83%
2002-04-11,271.25,272.50,273.50,269.75,6.41K,-0.46%
2002-04-12,272.50,272.00,275.00,267.00,10.22K,0.46%
2002-04-15,271.75,274.00,275.00,271.00,6.43K,-0.28%
2002-04-16,275.00,272.75,275.75,271.50,6.39K,1.20%
2002-04-17,275.75,275.00,278.00,272.00,6.65K,0.27%
2002-04-18,268.25,274.50,276.25,267.50,6.12K,-2.72%
2002-04-19,267.00,269.00,269.50,265.50,6.64K,-0.47%
2002-04-22,264.75,268.00,268.75,264.00,3.23K,-0.84%
2002-04-23,264.50,265.00,267.00,263.50,5.40K,-0.09%
2002-04-24,263.50,264.00,266.50,263.00,13.13K,-0.38%
2002-04-25,261.00,263.50,265.75,260.75,7.90K,-0.95%
2002-04-26,257.75,260.75,262.00,257.00,10.05K,-1.25%
2002-04-29,256.00,258.00,260.25,255.50,14.02K,-0.68%
2002-04-30,261.75,256.50,262.75,256.50,5.62K,2.25%
2002-05-01,266.25,262.50,266.50,260.50,0.71K,1.72%
2002-05-02,258.50,266.25,266.50,257.50,0.29K,-2.91%
2002-05-03,260.25,258.00,261.00,258.00,0.18K,0.68%
2002-05-06,263.00,260.00,264.00,260.00,0.32K,1.06%
2002-05-07,267.00,265.00,268.50,265.00,0.09K,1.52%
2002-05-08,264.00,268.25,269.00,264.00,0.02K,-1.12%
2002-05-09,266.75,267.00,267.50,266.50,0.02K,1.04%
2002-05-10,265.00,268.50,270.00,263.50,0.04K,-0.66%
2002-05-13,273.50,270.00,273.50,270.00,0.35K,3.21%
2002-05-14,273.00,273.50,275.00,272.00,0.13K,-0.18%
2002-05-15,283.50,278.75,284.00,277.50,19.95K,3.85%
2002-05-16,276.50,283.50,284.00,275.00,20.05K,-2.47%
2002-05-17,273.75,276.75,277.50,273.00,11.49K,-0.99%
2002-05-20,276.75,273.25,278.25,271.75,13.71K,1.10%
2002-05-21,273.00,277.25,278.00,272.25,12.13K,-1.36%
2002-05-22,269.00,272.75,273.75,268.50,16.65K,-1.47%
2002-05-23,271.50,269.00,272.50,267.50,12.92K,0.93%
2002-05-24,269.25,272.50,272.50,268.00,9.24K,-0.83%
2002-05-28,272.00,268.50,273.50,268.00,12.14K,1.02%
2002-05-29,276.25,272.25,277.00,270.50,13.61K,1.56%
2002-05-30,276.50,276.25,277.50,272.00,14.24K,0.09%
2002-05-31,282.25,277.50,283.00,276.50,26.96K,2.08%
2002-06-01,307.00,282.00,308.00,272.50,360.72K,8.77%
2002-06-03,286.75,282.00,288.00,279.50,32.49K,-6.60%
2002-06-04,282.00,286.75,290.00,281.50,30.21K,-1.66%
2002-06-05,283.25,282.00,284.50,280.25,12.98K,0.44%
2002-06-06,280.50,283.00,285.00,279.50,12.13K,-0.97%
2002-06-07,275.00,279.50,281.00,274.00,21.08K,-1.96%
2002-06-10,278.25,274.00,279.00,272.50,19.38K,1.18%
2002-06-11,279.50,278.25,281.00,276.50,15.30K,0.45%
2002-06-12,283.50,279.00,287.00,279.00,23.59K,1.43%
2002-06-13,295.50,283.75,296.00,283.25,37.66K,4.23%
2002-06-14,294.25,295.50,298.00,290.50,22.54K,-0.42%
2002-06-17,289.25,293.50,294.50,288.50,15.83K,-1.70%
2002-06-18,289.25,289.50,291.50,287.50,13.35K,0.00%
2002-06-19,291.50,289.00,293.00,289.00,15.45K,0.78%
2002-06-20,291.25,291.50,294.00,290.50,11.95K,-0.09%
2002-06-21,287.25,291.00,292.50,286.50,15.67K,-1.37%
2002-06-24,291.75,287.75,296.00,287.75,19.78K,1.57%
2002-06-25,291.00,290.75,293.00,287.50,14.82K,-0.26%
2002-06-26,293.00,290.50,294.00,288.00,13.85K,0.69%
2002-06-27,306.50,293.50,308.00,291.50,8.75K,4.61%
2002-06-28,307.00,304.00,308.00,300.00,3.94K,0.16%
2002-07-01,315.50,304.00,316.00,304.00,3.55K,2.77%
2002-07-02,316.00,315.00,320.00,313.50,2.62K,0.16%
2002-07-03,316.00,311.00,316.50,311.00,1.45K,0.00%
2002-07-05,318.50,315.00,321.00,314.25,0.95K,0.79%
2002-07-08,314.50,316.00,317.25,313.50,0.65K,-1.26%
2002-07-09,313.00,316.50,322.00,313.00,0.49K,-0.48%
2002-07-10,319.50,313.00,319.50,313.00,0.14K,2.08%
2002-07-11,326.00,325.00,328.00,319.00,0.15K,2.03%
2002-07-12,315.25,321.50,321.50,314.00,0.07K,-3.30%
2002-07-15,323.75,318.50,328.00,318.50,8.19K,2.70%
2002-07-16,334.00,327.00,335.00,325.75,9.23K,3.17%
2002-07-17,335.00,334.00,336.00,331.00,9.95K,0.30%
2002-07-18,333.25,334.25,337.00,331.25,7.33K,-0.52%
2002-07-19,330.75,332.00,332.50,326.00,9.78K,-0.75%
2002-07-22,339.75,333.50,343.00,333.50,6.98K,2.72%
2002-07-23,332.75,340.00,342.00,332.00,7.39K,-2.06%
2002-07-24,336.00,332.50,338.00,332.50,4.79K,0.98%
2002-07-25,335.00,336.00,337.25,330.00,5.76K,-0.30%
2002-07-26,335.00,334.50,336.75,333.00,6.72K,0.00%
2002-07-29,326.50,332.00,332.75,324.75,6.73K,-2.54%
2002-07-30,326.00,328.25,328.25,321.75,9.26K,-0.15%
2002-07-31,334.00,328.00,335.50,328.00,6.91K,2.45%
2002-08-01,334.75,335.00,347.25,333.50,8.62K,0.22%
2002-08-02,337.00,334.75,338.75,334.75,4.05K,0.67%
2002-08-05,338.00,334.50,339.50,331.00,7.29K,0.30%
2002-08-06,341.75,339.50,344.50,338.50,8.73K,1.11%
2002-08-07,346.25,341.75,347.00,340.50,7.17K,1.32%
2002-08-08,338.50,345.75,350.00,337.00,9.63K,-2.24%
2002-08-09,344.50,345.75,350.00,334.00,8.63K,1.77%
2002-08-12,351.75,349.75,363.00,347.25,9.83K,2.10%
2002-08-13,356.75,350.00,360.00,350.00,6.83K,1.42%
2002-08-14,357.00,356.00,361.00,355.50,6.10K,0.07%
2002-08-15,350.50,356.50,360.00,350.00,8.80K,-1.82%
2002-08-16,347.75,350.00,352.00,344.00,5.66K,-0.78%
2002-08-19,349.25,347.00,352.50,343.00,3.76K,0.43%
2002-08-20,338.75,349.00,349.50,338.50,7.12K,-3.01%
2002-08-21,338.25,339.00,342.50,334.00,5.63K,-0.15%
2002-08-22,340.25,338.25,341.00,333.00,5.88K,0.59%
2002-08-23,347.75,340.00,348.50,338.75,5.23K,2.20%
2002-08-26,353.50,349.00,355.00,349.00,6.43K,1.65%
2002-08-27,352.50,353.00,357.50,349.50,5.56K,-0.28%
2002-08-28,355.25,352.00,358.00,352.00,7.34K,0.78%
2002-08-29,355.25,355.00,359.50,354.75,7.96K,0.00%
2002-08-30,362.25,355.25,363.50,353.50,3.15K,1.97%
2002-09-01,396.50,368.00,434.00,366.00,281.06K,9.45%
2002-09-03,367.00,368.00,370.00,366.00,0.48K,-7.44%
2002-09-04,379.00,368.00,379.50,367.00,0.47K,3.27%
2002-09-05,386.50,377.00,387.50,376.50,0.80K,1.98%
2002-09-06,403.50,394.00,403.50,394.00,0.76K,4.40%
2002-09-09,415.00,409.00,434.00,409.00,0.80K,2.85%
2002-09-10,414.00,418.00,418.00,404.00,0.48K,-0.24%
2002-09-11,416.00,414.00,416.50,409.00,0.23K,0.48%
2002-09-12,409.00,416.00,425.00,409.00,0.37K,-1.68%
2002-09-13,395.00,402.25,404.00,395.00,0.07K,-3.42%
2002-09-16,400.75,391.00,404.00,387.25,24.95K,1.46%
2002-09-17,405.25,401.50,406.00,397.50,20.05K,1.12%
2002-09-18,413.00,405.00,419.00,405.00,27.43K,1.91%
2002-09-19,395.50,413.00,418.00,395.00,36.50K,-4.24%
2002-09-20,400.00,395.00,405.50,391.00,26.89K,1.14%
2002-09-23,389.50,401.00,402.75,388.50,23.37K,-2.63%
2002-09-24,403.50,390.00,404.00,383.50,25.18K,3.59%
2002-09-25,391.00,407.00,408.00,388.00,33.61K,-3.10%
2002-09-26,402.25,391.25,404.00,391.00,16.57K,2.88%
2002-09-27,402.50,403.50,405.50,396.00,16.23K,0.06%
2002-09-30,396.50,405.00,413.00,395.00,25.82K,-1.49%
2002-10-01,396.50,397.25,401.50,390.00,18.93K,0.00%
2002-10-02,383.50,397.00,401.50,382.50,23.98K,-3.28%
2002-10-03,374.75,384.50,385.50,372.50,29.78K,-2.28%
2002-10-04,376.25,375.00,381.00,370.50,18.15K,0.40%
2002-10-07,381.75,378.00,385.00,376.00,13.47K,1.46%
2002-10-08,381.75,382.50,385.50,381.00,5.96K,0.00%
2002-10-09,372.25,382.75,383.00,371.50,13.61K,-2.49%
2002-10-10,365.75,371.25,374.00,365.25,19.25K,-1.75%
2002-10-11,365.50,366.00,373.00,360.50,19.53K,-0.07%
2002-10-14,363.25,367.00,371.50,360.00,11.70K,-0.62%
2002-10-15,393.25,364.00,393.25,363.00,33.86K,8.26%
2002-10-16,408.25,399.75,410.00,397.00,36.26K,3.81%
2002-10-17,406.00,409.25,414.00,401.00,30.24K,-0.55%
2002-10-18,413.00,406.25,414.00,403.50,15.42K,1.72%
2002-10-21,408.75,413.50,416.75,407.50,16.41K,-1.03%
2002-10-22,403.75,406.50,409.00,402.50,11.96K,-1.22%
2002-10-23,396.50,403.75,406.00,396.00,16.14K,-1.80%
2002-10-24,411.75,398.00,412.50,395.00,24.49K,3.85%
2002-10-25,410.50,411.50,413.00,404.00,12.90K,-0.30%
2002-10-28,415.50,409.50,418.00,409.50,13.91K,1.22%
2002-10-29,415.75,416.50,419.00,397.00,29.21K,0.06%
2002-10-30,406.75,417.50,418.75,405.00,16.48K,-2.16%
2002-10-31,402.25,417.50,418.75,401.50,15.34K,-1.11%
2002-11-01,413.50,403.00,417.00,403.00,17.61K,2.80%
2002-11-04,408.25,412.25,416.00,407.00,12.18K,-1.27%
2002-11-05,400.75,409.00,410.25,400.00,16.15K,-1.84%
2002-11-06,394.50,400.50,400.75,394.00,15.85K,-1.56%
2002-11-07,397.00,395.00,400.00,388.00,22.02K,0.63%
2002-11-08,382.50,396.50,398.00,382.00,26.45K,-3.65%
2002-11-11,383.50,382.50,388.00,377.00,20.21K,0.26%
2002-11-12,374.50,387.50,398.50,374.00,31.32K,-2.35%
2002-11-13,381.00,376.00,384.00,369.00,21.44K,1.74%
2002-11-14,391.25,380.00,392.00,380.00,14.74K,2.69%
2002-11-15,389.75,391.50,393.50,384.50,14.06K,-0.38%
2002-11-18,382.25,389.75,390.75,377.00,13.85K,-1.92%
2002-11-19,385.00,381.25,386.00,373.00,16.80K,0.72%
2002-11-20,374.50,387.00,387.00,370.50,15.05K,-2.73%
2002-11-21,374.25,373.75,378.50,367.75,17.87K,-0.07%
2002-11-22,373.75,372.50,377.50,371.00,14.01K,-0.13%
2002-11-25,382.25,372.50,383.00,372.00,15.28K,2.27%
2002-11-26,374.50,381.50,382.00,372.00,11.17K,-2.03%
2002-11-27,380.50,375.00,381.50,374.00,7.81K,1.60%
2002-11-29,373.00,379.00,379.00,371.50,5.81K,-1.97%
2002-12-01,325.00,376.00,381.00,321.00,150.01K,-12.87%
2002-12-02,372.00,376.00,381.00,369.00,3.48K,14.46%
2002-12-03,356.50,372.75,373.00,356.00,3.15K,-4.17%
2002-12-04,356.75,357.50,358.50,353.00,1.37K,0.07%
2002-12-05,347.00,354.00,358.50,343.00,1.74K,-2.73%
2002-12-06,349.25,348.00,352.00,342.50,2.53K,0.65%
2002-12-09,348.00,345.00,348.25,345.00,0.30K,-0.36%
2002-12-10,339.50,347.50,347.50,339.00,1.45K,-2.44%
2002-12-11,347.50,340.00,348.50,338.00,0.12K,2.36%
2002-12-12,345.50,347.00,347.00,339.00,0.08K,-0.58%
2002-12-13,344.50,343.50,350.50,343.50,,-0.29%
2002-12-16,355.00,352.25,360.00,350.00,13.74K,3.05%
2002-12-17,361.50,355.00,362.00,354.00,10.56K,1.83%
2002-12-18,356.00,361.00,364.00,351.50,14.24K,-1.52%
2002-12-19,350.25,355.75,358.00,350.00,9.76K,-1.62%
2002-12-20,342.75,350.25,350.25,340.50,22.88K,-2.14%
2002-12-23,345.75,342.75,347.00,340.00,8.22K,0.88%
2002-12-26,338.25,345.00,345.00,336.50,13.17K,-2.17%
2002-12-27,333.00,338.00,340.50,332.00,10.99K,-1.55%
2002-12-30,329.00,334.00,334.75,325.00,16.33K,-1.20%
2002-12-31,325.00,329.00,332.00,321.00,15.91K,-1.22%
2003-01-01,320.50,325.75,339.00,307.50,296.18K,-1.38%
2003-01-02,328.75,325.75,331.50,320.00,16.42K,2.57%
2003-01-03,330.50,329.00,332.50,326.00,14.20K,0.53%
2003-01-06,331.50,329.75,334.50,328.75,9.10K,0.30%
2003-01-07,327.75,331.25,333.00,326.00,10.20K,-1.13%
2003-01-08,337.00,331.00,339.00,331.00,19.65K,2.82%
2003-01-09,329.00,336.50,338.75,327.25,19.52K,-2.37%
2003-01-10,319.25,329.75,330.50,318.00,19.30K,-2.96%
2003-01-13,311.25,320.00,321.00,308.50,17.56K,-2.51%
2003-01-14,314.25,311.25,315.50,308.00,13.66K,0.96%
2003-01-15,312.75,314.75,315.00,309.00,12.44K,-0.48%
2003-01-16,311.00,312.00,315.50,310.25,7.88K,-0.56%
2003-01-17,316.75,310.75,317.50,307.50,12.84K,1.85%
2003-01-21,319.25,317.25,320.50,315.50,10.09K,0.79%
2003-01-22,314.50,319.00,324.25,314.00,19.00K,-1.49%
2003-01-23,311.75,314.00,316.00,309.25,11.82K,-0.87%
2003-01-24,318.50,314.00,319.00,310.00,11.01K,2.17%
2003-01-27,310.50,319.00,322.75,309.00,16.02K,-2.51%
2003-01-28,317.00,310.50,319.00,310.00,11.45K,2.09%
2003-01-29,313.00,317.50,318.50,310.25,11.45K,-1.26%
2003-01-30,315.00,314.00,315.50,309.00,9.92K,0.64%
2003-01-31,320.50,315.00,326.50,315.00,22.67K,1.75%
2003-02-01,312.50,320.50,338.00,307.50,238.37K,-2.50%
2003-02-03,323.50,320.50,324.50,319.00,10.19K,3.52%
2003-02-04,324.00,324.00,325.50,321.50,9.49K,0.15%
2003-02-05,324.00,323.50,328.50,320.00,14.92K,0.00%
2003-02-06,327.00,324.00,327.50,322.50,9.03K,0.93%
2003-02-07,331.00,328.00,334.50,327.75,18.02K,1.22%
2003-02-10,334.75,332.25,337.75,330.25,17.13K,1.13%
2003-02-11,330.00,333.50,335.75,327.00,18.92K,-1.42%
2003-02-12,325.50,329.00,332.25,325.00,11.50K,-1.36%
2003-02-13,326.50,325.75,328.50,323.50,10.08K,0.31%
2003-02-14,334.25,326.50,335.00,325.50,15.65K,2.37%
2003-02-18,335.50,334.75,338.00,332.75,11.00K,0.37%
2003-02-19,327.75,335.00,337.00,325.25,17.72K,-2.31%
2003-02-20,332.00,326.00,334.00,324.00,13.85K,1.30%
2003-02-21,328.50,332.00,334.00,327.50,12.47K,-1.05%
2003-02-24,321.50,327.00,327.50,318.50,14.29K,-2.13%
2003-02-25,320.50,322.00,325.50,320.00,11.21K,-0.31%
2003-02-26,319.75,320.50,322.50,318.25,7.95K,-0.23%
2003-02-27,309.00,319.75,319.75,308.50,11.14K,-3.36%
2003-02-28,312.50,308.50,316.00,307.50,3.82K,1.13%
2003-03-01,286.75,313.75,339.50,277.50,80.60K,-8.24%
2003-03-03,318.25,313.75,319.50,313.75,1.43K,10.99%
2003-03-04,326.50,319.50,326.50,316.50,1.63K,2.59%
2003-03-05,321.50,339.50,339.50,317.50,0.88K,-1.53%
2003-03-06,321.00,321.00,324.50,319.75,0.64K,-0.16%
2003-03-07,313.00,318.50,320.50,312.00,0.59K,-2.49%
2003-03-10,311.75,314.00,314.00,306.25,0.37K,-0.40%
2003-03-11,310.00,309.75,310.75,308.00,0.16K,-0.56%
2003-03-12,306.50,310.00,310.00,302.00,0.20K,-1.13%
2003-03-13,310.50,307.00,311.00,307.00,0.19K,1.31%
2003-03-14,311.00,312.00,315.00,310.00,,0.16%
2003-03-17,292.75,298.50,300.00,292.50,11.38K,-5.87%
2003-03-18,296.00,292.50,297.00,290.00,7.19K,1.11%
2003-03-19,294.75,296.00,298.00,293.00,5.83K,-0.42%
2003-03-20,294.75,296.00,299.00,292.00,6.36K,0.00%
2003-03-21,286.00,296.00,297.50,285.50,8.24K,-2.97%
2003-03-24,281.00,285.50,287.75,280.00,7.62K,-1.75%
2003-03-25,281.00,282.00,283.50,279.50,3.73K,0.00%
2003-03-26,284.25,283.00,286.00,280.00,4.14K,1.16%
2003-03-27,283.50,284.00,287.50,283.00,3.82K,-0.26%
2003-03-28,279.25,283.50,285.50,277.50,6.12K,-1.50%
2003-03-31,286.75,279.25,288.50,278.00,10.08K,2.69%
2003-04-01,283.00,286.75,288.00,282.50,6.16K,-1.31%
2003-04-02,287.50,284.00,288.50,283.50,5.74K,1.59%
2003-04-03,281.50,287.00,288.00,280.00,4.54K,-2.09%
2003-04-04,285.00,282.50,286.00,282.50,3.46K,1.24%
2003-04-07,290.25,286.50,291.00,286.00,8.40K,1.84%
2003-04-08,283.50,290.00,290.00,283.00,7.79K,-2.33%
2003-04-09,287.00,284.25,288.50,283.75,7.08K,1.23%
2003-04-10,285.50,286.50,290.00,282.00,8.01K,-0.52%
2003-04-11,284.25,286.25,287.50,282.00,6.88K,-0.44%
2003-04-14,280.75,284.00,285.50,278.50,4.78K,-1.23%
2003-04-15,286.00,281.00,286.75,280.75,6.21K,1.87%
2003-04-16,281.75,286.00,286.00,280.00,5.80K,-1.49%
2003-04-17,286.00,281.75,287.00,280.25,4.08K,1.51%
2003-04-21,290.25,285.50,291.00,282.25,7.88K,1.49%
2003-04-22,288.25,290.00,293.00,288.00,6.88K,-0.69%
2003-04-23,294.25,288.00,295.00,287.00,9.23K,2.08%
2003-04-24,292.75,295.00,298.00,291.50,4.28K,-0.51%
2003-04-25,292.50,292.50,293.50,289.00,5.69K,-0.09%
2003-04-28,285.25,292.50,292.50,285.00,4.13K,-2.48%
2003-04-29,280.00,286.00,286.00,277.50,6.28K,-1.84%
2003-04-30,279.50,282.00,285.00,278.00,2.08K,-0.18%
2003-05-01,275.50,278.00,278.50,273.00,1.87K,-1.43%
2003-05-02,277.50,276.00,278.00,275.00,0.42K,0.73%
2003-05-05,282.25,279.25,282.75,278.00,0.12K,1.71%
2003-05-06,287.00,284.50,288.00,282.00,0.04K,1.68%
2003-05-07,296.00,290.00,297.00,288.00,0.34K,3.14%
2003-05-08,293.50,297.00,298.50,292.00,0.08K,-0.84%
2003-05-09,317.00,294.50,317.00,294.00,0.03K,8.01%
2003-05-12,326.00,326.75,330.00,326.00,0.01K,2.84%
2003-05-13,326.00,325.00,329.00,323.00,0.06K,0.00%
2003-05-14,322.00,326.00,326.00,322.00,,-1.23%
2003-05-15,338.75,328.50,339.50,327.50,24.44K,5.20%
2003-05-16,338.50,338.00,345.75,337.00,26.29K,-0.07%
2003-05-19,328.50,337.00,341.50,327.00,32.25K,-2.95%
2003-05-20,335.00,327.00,341.00,326.50,26.73K,1.98%
2003-05-21,332.25,333.25,337.00,329.25,12.63K,-0.82%
2003-05-22,325.50,332.00,332.50,324.00,21.85K,-2.03%
2003-05-23,322.75,325.50,325.75,320.00,16.36K,-0.84%
2003-05-27,327.50,321.00,329.00,317.25,25.37K,1.47%
2003-05-28,319.00,327.00,329.50,317.50,22.11K,-2.60%
2003-05-29,324.00,318.50,326.00,316.00,15.75K,1.57%
2003-05-30,324.25,324.00,329.00,320.50,17.60K,0.08%
2003-06-01,301.75,325.00,339.50,294.50,345.91K,-6.94%
2003-06-02,318.75,325.00,328.50,317.00,23.92K,5.63%
2003-06-03,319.50,318.75,323.00,318.25,12.98K,0.24%
2003-06-04,313.50,319.50,323.00,312.50,24.63K,-1.88%
2003-06-05,320.50,314.00,324.50,311.00,23.55K,2.23%
2003-06-06,320.50,320.00,322.75,318.25,16.91K,0.00%
2003-06-09,327.25,320.50,328.25,319.50,18.33K,2.11%
2003-06-10,333.75,327.00,338.00,326.50,24.64K,1.99%
2003-06-11,330.50,332.75,336.50,327.75,19.68K,-0.97%
2003-06-12,337.00,330.25,339.50,329.25,14.96K,1.97%
2003-06-13,317.75,336.00,337.50,317.00,25.43K,-5.71%
2003-06-16,316.00,318.00,322.50,314.50,19.42K,-0.55%
2003-06-17,316.75,316.00,322.00,313.00,16.22K,0.24%
2003-06-18,316.50,317.25,320.50,315.00,11.44K,-0.08%
2003-06-19,315.75,316.50,319.25,314.00,9.68K,-0.24%
2003-06-20,311.75,314.00,314.00,310.00,19.28K,-1.27%
2003-06-23,307.00,310.50,311.75,303.50,21.74K,-1.52%
2003-06-24,302.25,306.00,307.00,302.00,11.40K,-1.55%
2003-06-25,301.00,300.50,303.25,299.25,7.87K,-0.41%
2003-06-26,298.50,301.00,304.50,298.00,8.45K,-0.83%
2003-06-27,295.25,299.75,300.25,294.50,10.04K,-1.09%
2003-06-30,301.75,296.00,303.50,295.00,5.35K,2.20%
2003-07-01,306.25,303.25,306.50,297.25,3.90K,1.49%
2003-07-02,306.50,304.00,306.50,303.25,2.03K,0.08%
2003-07-03,303.25,306.00,307.75,301.00,1.10K,-1.06%
2003-07-07,298.25,301.75,303.00,298.00,1.43K,-1.65%
2003-07-08,300.00,299.00,301.50,297.00,1.21K,0.59%
2003-07-09,310.00,301.00,311.50,301.00,0.69K,3.33%
2003-07-10,309.75,310.00,313.00,308.00,0.34K,-0.08%
2003-07-11,314.50,308.00,315.00,306.50,0.39K,1.53%
2003-07-14,315.50,316.00,317.50,313.00,0.39K,0.32%
2003-07-15,315.25,318.75,319.00,315.00,9.58K,-0.08%
2003-07-16,320.75,315.25,322.50,313.50,12.71K,1.74%
2003-07-17,327.50,320.75,330.00,320.75,16.20K,2.10%
2003-07-18,335.50,326.00,338.00,325.00,17.89K,2.44%
2003-07-21,334.50,335.00,341.50,333.00,15.50K,-0.30%
2003-07-22,333.25,334.50,335.50,329.50,10.86K,-0.37%
2003-07-23,346.25,333.00,347.00,332.75,20.38K,3.90%
2003-07-24,343.50,345.50,355.50,343.00,26.47K,-0.79%
2003-07-25,342.50,343.00,348.00,341.00,12.54K,-0.29%
2003-07-28,349.50,341.50,350.00,341.50,13.31K,2.04%
2003-07-29,347.25,350.00,353.50,345.00,16.70K,-0.64%
2003-07-30,339.25,347.25,347.25,336.75,17.03K,-2.30%
2003-07-31,348.50,339.00,351.00,336.25,20.88K,2.73%
2003-08-01,351.00,348.50,355.00,347.00,16.53K,0.72%
2003-08-04,354.00,352.00,356.00,349.50,9.00K,0.85%
2003-08-05,349.75,354.25,357.00,347.00,6.21K,-1.20%
2003-08-06,358.50,352.00,361.00,349.50,13.67K,2.50%
2003-08-07,357.25,358.50,361.00,355.00,9.97K,-0.35%
2003-08-08,357.50,356.25,358.00,354.00,8.02K,0.07%
2003-08-11,358.50,357.00,364.50,355.25,9.92K,0.28%
2003-08-12,361.75,359.00,368.50,359.00,11.99K,0.91%
2003-08-13,365.00,360.25,367.00,360.00,7.75K,0.90%
2003-08-14,368.25,367.00,372.00,367.00,10.65K,0.89%
2003-08-15,378.50,370.00,379.00,369.50,10.57K,2.78%
2003-08-18,383.50,381.50,387.00,381.50,7.11K,1.32%
2003-08-19,369.25,382.00,382.00,368.00,8.34K,-3.72%
2003-08-20,366.00,369.00,377.50,365.00,8.37K,-0.88%
2003-08-21,363.00,366.75,372.50,360.50,6.41K,-0.82%
2003-08-22,362.75,363.00,364.50,359.50,6.94K,-0.07%
2003-08-25,358.25,362.50,364.00,356.50,9.21K,-1.24%
2003-08-26,361.00,362.25,366.50,359.00,7.29K,0.77%
2003-08-27,360.75,361.00,362.00,354.00,6.43K,-0.07%
2003-08-28,358.75,360.75,365.50,358.00,10.83K,-0.55%
2003-08-29,367.50,359.50,368.00,355.50,4.47K,2.44%
2003-09-01,360.25,365.25,365.50,337.00,263.33K,-1.97%
2003-09-02,363.25,365.25,365.50,360.50,2.25K,0.83%
2003-09-03,358.50,363.00,363.00,357.25,3.14K,-1.31%
2003-09-04,354.00,358.50,358.75,354.00,1.49K,-1.26%
2003-09-05,345.00,352.00,352.00,344.50,0.69K,-2.54%
2003-09-08,348.50,344.00,350.50,344.00,0.27K,1.01%
2003-09-09,347.00,350.50,350.50,344.50,0.26K,-0.43%
2003-09-10,345.00,346.00,348.50,344.50,0.19K,-0.58%
2003-09-11,340.00,346.50,346.50,339.00,0.21K,-1.45%
2003-09-12,338.50,339.50,344.50,337.00,,-0.44%
2003-09-15,356.25,353.25,357.00,349.00,13.81K,5.24%
2003-09-16,353.50,356.25,358.50,351.50,17.10K,-0.77%
2003-09-17,349.50,353.25,357.50,348.50,14.86K,-1.13%
2003-09-18,340.75,348.00,348.50,338.50,46.47K,-2.50%
2003-09-19,347.25,341.00,348.00,338.25,21.61K,1.91%
2003-09-22,345.50,346.50,351.00,342.50,15.69K,-0.50%
2003-09-23,344.75,345.75,348.75,341.00,13.94K,-0.22%
2003-09-24,353.00,345.25,354.00,343.00,23.69K,2.39%
2003-09-25,360.50,353.00,363.00,352.50,29.68K,2.12%
2003-09-26,359.50,360.50,364.50,357.00,25.40K,-0.28%
2003-09-29,355.25,358.75,360.00,353.50,13.33K,-1.18%
2003-09-30,360.25,355.00,363.00,353.50,19.27K,1.41%
2003-10-01,364.25,360.25,365.75,358.50,17.02K,1.11%
2003-10-02,359.00,364.25,367.25,355.75,24.10K,-1.44%
2003-10-03,352.25,359.25,360.75,351.50,17.88K,-1.88%
2003-10-06,341.00,349.00,349.50,340.50,32.79K,-3.19%
2003-10-07,332.50,342.50,342.50,329.00,34.15K,-2.49%
2003-10-08,327.75,333.00,334.00,325.50,33.21K,-1.43%
2003-10-09,327.25,328.00,329.50,325.00,16.15K,-0.15%
2003-10-10,326.75,327.50,333.75,326.25,21.16K,-0.15%
2003-10-13,334.00,328.00,334.75,325.50,15.26K,2.22%
2003-10-14,325.50,334.00,336.50,324.00,27.28K,-2.54%
2003-10-15,334.50,326.00,335.00,321.00,33.19K,2.76%
2003-10-16,336.25,335.00,336.50,331.25,16.13K,0.52%
2003-10-17,328.25,337.25,338.75,328.00,21.87K,-2.38%
2003-10-20,333.75,328.25,335.50,327.00,13.83K,1.68%
2003-10-21,340.50,333.75,341.25,332.75,17.93K,2.02%
2003-10-22,354.50,341.00,356.50,341.00,44.37K,4.11%
2003-10-23,369.50,354.50,375.00,354.50,42.66K,4.23%
2003-10-24,369.25,369.00,374.00,367.00,24.88K,-0.07%
2003-10-27,367.25,369.50,382.00,364.50,29.94K,-0.54%
2003-10-28,377.25,366.50,378.00,364.50,23.63K,2.72%
2003-10-29,375.75,379.00,384.00,370.00,32.55K,-0.40%
2003-10-30,369.00,375.50,376.50,367.00,22.52K,-1.80%
2003-10-31,369.50,368.75,372.50,365.00,22.99K,0.14%
2003-11-01,394.25,370.50,408.00,361.00,325.76K,6.70%
2003-11-03,365.00,370.50,374.00,362.00,17.35K,-7.42%
2003-11-04,363.50,367.00,369.50,362.00,13.68K,-0.41%
2003-11-05,378.00,364.75,379.50,361.00,25.45K,3.99%
2003-11-06,375.50,380.00,383.25,374.00,20.10K,-0.66%
2003-11-07,378.00,375.25,384.00,373.00,20.81K,0.67%
2003-11-10,383.00,378.00,387.00,375.00,21.36K,1.32%
2003-11-11,389.00,385.00,391.00,378.50,19.05K,1.57%
2003-11-12,403.50,389.00,405.00,386.00,29.13K,3.73%
2003-11-13,405.75,405.00,408.00,400.50,25.36K,0.56%
2003-11-14,405.50,406.50,408.00,401.00,14.19K,-0.06%
2003-11-17,399.75,405.50,406.75,397.00,17.25K,-1.42%
2003-11-18,388.25,398.75,399.75,387.50,19.05K,-2.88%
2003-11-19,363.50,388.25,388.75,361.00,26.69K,-6.37%
2003-11-20,373.50,364.00,374.00,363.50,15.27K,2.75%
2003-11-21,383.25,373.75,384.00,373.75,9.28K,2.61%
2003-11-24,379.50,386.00,388.50,376.00,10.61K,-0.98%
2003-11-25,388.25,377.00,389.00,375.00,9.13K,2.31%
2003-11-26,386.50,389.00,390.00,383.00,7.53K,-0.45%
2003-11-28,394.25,387.00,395.00,386.50,4.48K,2.01%
2003-12-01,395.75,397.00,398.00,394.00,1.24K,0.38%
2003-12-02,395.75,392.50,396.00,386.00,1.02K,0.00%
2003-12-03,402.00,397.00,402.50,397.00,1.03K,1.58%
2003-12-04,399.50,404.00,409.00,398.00,0.28K,-0.62%
2003-12-05,391.00,393.50,394.00,387.00,0.72K,-2.13%
2003-12-08,396.50,393.00,396.50,388.00,0.23K,1.41%
2003-12-09,395.00,402.00,402.00,390.50,0.32K,-0.38%
2003-12-10,386.50,392.50,392.50,383.00,0.28K,-2.15%
2003-12-11,378.00,381.00,382.00,374.50,0.61K,-2.20%
2003-12-12,380.50,372.00,381.00,372.00,0.28K,0.66%
2003-12-15,386.50,392.00,393.00,382.00,16.85K,1.58%
2003-12-16,389.50,384.00,390.00,381.50,12.52K,0.78%
2003-12-17,386.00,388.00,390.50,382.50,14.15K,-0.90%
2003-12-18,393.25,387.50,395.50,384.50,14.52K,1.88%
2003-12-19,394.25,396.00,398.00,387.00,14.29K,0.25%
2003-12-22,385.50,391.50,393.00,385.00,10.87K,-2.22%
2003-12-23,370.50,382.00,382.00,369.00,37.06K,-3.89%
2003-12-24,363.00,358.00,369.00,358.00,23.79K,-2.02%
2003-12-26,366.00,362.75,369.50,362.00,11.59K,0.83%
2003-12-29,364.00,364.00,370.50,363.00,10.61K,-0.55%
2003-12-30,365.25,361.00,366.75,360.00,11.39K,0.34%
2003-12-31,377.00,367.00,377.75,366.50,15.09K,3.22%
2004-01-01,389.00,377.50,407.00,373.00,469.00K,3.18%
2004-01-02,405.75,377.50,407.00,377.50,33.48K,4.31%
2004-01-05,398.50,402.75,405.50,397.00,23.14K,-1.79%
2004-01-06,394.50,399.50,404.75,393.00,20.52K,-1.00%
2004-01-07,395.50,393.50,398.75,387.00,24.03K,0.25%
2004-01-08,394.00,395.50,398.00,390.00,16.76K,-0.38%
2004-01-09,385.50,394.50,397.25,385.00,18.04K,-2.16%
2004-01-12,399.25,385.00,400.00,384.00,29.88K,3.57%
2004-01-13,392.00,400.75,406.00,390.50,31.29K,-1.82%
2004-01-14,395.25,393.00,398.75,386.50,21.64K,0.83%
2004-01-15,386.25,396.00,398.00,385.00,22.65K,-2.28%
2004-01-16,398.00,385.25,402.00,382.50,35.99K,3.04%
2004-01-20,395.50,398.00,404.00,394.50,20.75K,-0.63%
2004-01-21,392.00,395.50,397.00,386.50,29.94K,-0.88%
2004-01-22,387.00,392.00,394.25,385.00,11.56K,-1.28%
2004-01-23,381.50,385.50,393.75,380.00,33.44K,-1.42%
2004-01-26,381.25,379.50,387.50,378.00,21.00K,-0.07%
2004-01-27,380.00,381.50,384.25,377.50,12.61K,-0.33%
2004-01-28,374.75,380.00,384.00,373.00,26.76K,-1.38%
2004-01-29,380.25,374.25,381.50,373.50,16.51K,1.47%
2004-01-30,389.00,382.25,389.50,382.25,19.01K,2.30%
2004-02-01,380.75,388.00,395.00,363.75,307.22K,-2.12%
2004-02-02,385.00,388.00,388.00,381.75,16.26K,1.12%
2004-02-03,380.50,385.25,390.50,380.00,15.43K,-1.17%
2004-02-04,376.00,380.50,382.00,375.25,14.75K,-1.18%
2004-02-05,381.00,375.00,384.00,373.75,18.03K,1.33%
2004-02-06,378.50,382.50,386.00,376.00,18.70K,-0.66%
2004-02-09,382.25,378.00,384.00,374.50,17.20K,0.99%
2004-02-10,384.50,383.00,387.50,380.50,22.37K,0.59%
2004-02-11,388.50,385.25,393.50,384.00,26.67K,1.04%
2004-02-12,386.75,389.75,391.50,384.50,17.67K,-0.45%
2004-02-13,380.25,386.75,388.50,376.00,23.63K,-1.68%
2004-02-17,375.25,381.50,383.00,371.00,29.39K,-1.31%
2004-02-18,364.50,376.50,377.00,364.00,19.17K,-2.86%
2004-02-19,372.75,365.00,373.75,363.75,15.15K,2.26%
2004-02-20,371.50,372.75,376.75,365.00,12.72K,-0.34%
2004-02-23,391.00,373.25,395.00,371.50,11.98K,5.25%
2004-02-24,392.50,390.50,394.50,387.50,7.21K,0.38%
2004-02-25,387.25,390.50,393.75,383.00,8.15K,-1.34%
2004-02-26,387.50,386.50,389.00,382.00,7.55K,0.06%
2004-02-27,380.75,386.00,388.25,379.00,5.17K,-1.74%
2004-03-01,375.00,385.00,385.00,373.50,2.39K,-1.51%
2004-03-02,374.00,372.50,377.00,371.00,0.61K,-0.27%
2004-03-03,369.50,372.50,374.00,369.00,0.41K,-1.20%
2004-03-04,370.75,367.50,372.50,365.00,0.75K,0.34%
2004-03-05,366.50,369.50,370.00,366.00,0.10K,-1.15%
2004-03-08,360.25,363.00,364.00,360.00,0.06K,-1.71%
2004-03-09,363.00,362.50,366.00,361.00,0.04K,0.76%
2004-03-10,359.00,365.00,365.00,355.00,0.23K,-1.10%
2004-03-11,355.00,359.00,361.00,355.00,0.06K,-1.11%
2004-03-12,357.00,354.00,359.00,354.00,0.15K,0.56%
2004-03-15,373.00,365.00,374.50,364.50,17.96K,4.48%
2004-03-16,372.00,373.50,377.00,371.50,12.70K,-0.27%
2004-03-17,391.50,373.00,392.00,373.00,37.70K,5.24%
2004-03-18,398.00,389.25,401.75,389.25,38.19K,1.66%
2004-03-19,392.75,397.00,401.00,391.50,18.64K,-1.32%
2004-03-22,422.75,394.50,422.75,394.50,39.15K,7.64%
2004-03-23,413.00,421.50,422.75,412.50,25.87K,-2.31%
2004-03-24,412.00,413.50,420.00,408.75,19.51K,-0.24%
2004-03-25,408.00,412.00,413.75,404.25,14.95K,-0.97%
2004-03-26,405.25,407.00,407.00,400.50,13.07K,-0.67%
2004-03-29,405.75,406.00,407.00,398.00,14.27K,0.12%
2004-03-30,415.25,406.75,416.75,405.00,15.74K,2.34%
2004-03-31,408.00,414.50,418.00,395.00,36.89K,-1.75%
2004-04-01,410.50,408.25,419.00,405.50,18.42K,0.61%
2004-04-02,416.25,411.00,418.50,406.50,14.69K,1.40%
2004-04-05,414.00,415.00,424.00,409.00,22.37K,-0.54%
2004-04-06,416.50,412.00,419.00,406.50,18.51K,0.60%
2004-04-07,415.00,415.00,419.50,412.00,19.05K,-0.36%
2004-04-08,414.50,416.25,418.50,408.00,16.93K,-0.12%
2004-04-12,407.50,413.50,418.00,406.00,20.16K,-1.69%
2004-04-13,393.00,406.50,407.50,392.50,32.64K,-3.56%
2004-04-14,401.25,393.00,402.00,390.00,23.12K,2.10%
2004-04-15,383.00,402.00,404.00,381.00,21.03K,-4.55%
2004-04-16,388.50,384.00,390.00,383.00,13.78K,1.44%
2004-04-19,394.00,389.75,399.50,387.50,8.20K,1.42%
2004-04-20,397.00,394.50,398.50,389.00,5.22K,0.76%
2004-04-21,385.00,397.75,399.00,382.00,7.73K,-3.02%
2004-04-22,379.00,386.00,386.50,377.50,5.54K,-1.56%
2004-04-23,373.00,379.00,379.75,369.25,8.99K,-1.58%
2004-04-26,374.00,371.00,375.50,366.00,5.18K,0.27%
2004-04-27,378.25,374.50,382.00,374.50,4.43K,1.14%
2004-04-28,372.50,381.00,381.00,370.00,3.56K,-1.52%
2004-04-29,380.00,373.25,382.50,373.25,4.75K,2.01%
2004-04-30,381.50,381.50,387.00,379.00,3.90K,0.39%
2004-05-01,362.00,380.50,407.00,354.00,199.49K,-5.11%
2004-05-03,387.25,380.50,388.50,379.75,1.62K,6.98%
2004-05-04,403.50,390.00,404.00,390.00,0.78K,4.20%
2004-05-05,399.00,407.00,407.00,398.00,0.61K,-1.12%
2004-05-06,394.50,398.00,402.50,394.00,0.09K,-1.13%
2004-05-07,393.50,393.00,398.00,392.00,0.02K,-0.25%
2004-05-10,378.50,385.00,385.00,376.00,0.07K,-3.81%
2004-05-11,370.00,380.00,380.00,370.00,0.08K,-2.25%
2004-05-12,362.00,375.00,375.00,359.50,0.06K,-2.16%
2004-05-13,362.25,365.00,366.50,360.00,0.03K,0.07%
2004-05-14,354.00,362.50,362.50,354.00,0.04K,-2.28%
2004-05-17,367.75,358.50,368.00,356.00,19.57K,3.88%
2004-05-18,370.50,366.75,374.00,365.00,27.84K,0.75%
2004-05-19,377.00,370.50,379.00,370.50,18.06K,1.75%
2004-05-20,370.25,377.50,378.25,365.00,17.02K,-1.79%
2004-05-21,368.25,370.00,374.00,365.25,12.80K,-0.54%
2004-05-24,378.50,370.75,379.00,370.50,15.76K,2.78%
2004-05-25,378.00,378.75,382.75,374.00,20.47K,-0.13%
2004-05-26,381.50,378.50,382.00,376.00,17.19K,0.93%
2004-05-27,369.25,381.75,382.25,369.00,24.72K,-3.21%
2004-05-28,362.00,368.00,372.00,361.00,22.68K,-1.96%
2004-06-01,388.25,365.00,391.00,365.00,37.17K,7.25%
2004-06-02,375.00,387.75,387.75,374.50,21.26K,-3.41%
2004-06-03,367.25,374.50,375.00,366.25,19.03K,-2.07%
2004-06-04,370.00,367.25,373.00,367.25,15.23K,0.75%
2004-06-07,363.00,368.25,370.00,360.50,23.35K,-1.89%
2004-06-08,363.00,363.00,366.50,359.00,22.35K,0.00%
2004-06-09,360.00,363.75,366.00,358.00,20.71K,-0.83%
2004-06-10,350.50,361.00,361.50,350.00,0.60K,-2.64%
2004-06-11,350.50,0.00,0.00,0.00,,0.00%
2004-06-14,356.50,351.00,360.00,349.25,30.23K,1.71%
2004-06-15,351.00,356.75,358.25,348.00,20.98K,-1.54%
2004-06-16,352.00,351.00,357.50,351.00,18.19K,0.28%
2004-06-17,352.50,352.50,356.00,350.00,11.11K,0.14%
2004-06-18,352.75,352.25,354.00,351.00,7.74K,0.07%
2004-06-21,354.25,352.00,357.50,350.00,7.04K,0.43%
2004-06-22,343.75,351.25,353.50,343.00,11.61K,-2.96%
2004-06-23,345.25,344.00,347.25,341.00,10.34K,0.44%
2004-06-24,339.50,346.00,347.00,338.00,8.07K,-1.67%
2004-06-25,341.25,339.75,344.00,337.50,8.47K,0.52%
2004-06-28,338.50,343.00,343.00,336.50,8.58K,-0.81%
2004-06-29,337.50,338.75,342.00,335.00,12.04K,-0.30%
2004-06-30,338.00,337.50,340.00,328.00,7.24K,0.15%
2004-07-01,330.50,335.25,338.00,330.00,2.86K,-2.22%
2004-07-02,335.00,331.00,335.00,328.00,1.25K,1.36%
2004-07-06,338.50,333.00,340.00,331.00,0.76K,1.04%
2004-07-07,341.00,338.50,348.00,338.50,0.46K,0.74%
2004-07-08,334.00,339.75,342.25,332.50,0.99K,-2.05%
2004-07-09,330.00,334.50,336.00,330.00,0.12K,-1.20%
2004-07-12,339.00,334.00,339.00,333.50,0.10K,2.73%
2004-07-13,333.00,338.00,338.00,332.00,0.08K,-1.77%
2004-07-14,337.00,332.00,339.50,332.00,0.04K,1.20%
2004-07-15,333.25,345.50,346.25,332.50,18.27K,-1.11%
2004-07-16,333.25,332.00,337.00,331.00,10.57K,0.00%
2004-07-19,335.50,334.25,337.50,330.00,11.47K,0.68%
2004-07-20,331.25,335.50,336.75,329.50,14.66K,-1.27%
2004-07-21,324.00,332.00,332.00,323.50,17.95K,-2.19%
2004-07-22,322.75,324.25,326.50,322.00,11.89K,-0.39%
2004-07-23,328.75,323.25,330.50,323.00,15.83K,1.86%
2004-07-26,323.75,328.75,329.25,320.75,13.05K,-1.52%
2004-07-27,321.25,324.00,324.50,319.50,9.46K,-0.77%
2004-07-28,314.75,321.00,322.00,314.00,14.38K,-2.02%
2004-07-29,312.75,314.75,319.50,312.25,12.62K,-0.64%
2004-07-30,312.25,312.75,315.50,310.00,14.72K,-0.16%
2004-08-01,309.75,310.75,324.00,295.50,224.38K,-0.80%
2004-08-02,317.00,310.75,318.50,309.00,17.06K,2.34%
2004-08-03,317.00,317.00,317.50,313.50,11.39K,0.00%
2004-08-04,318.50,317.50,321.25,314.00,13.43K,0.47%
2004-08-05,321.50,319.00,323.00,318.00,14.64K,0.94%
2004-08-06,315.75,321.50,324.00,315.00,18.09K,-1.79%
2004-08-09,316.00,317.75,319.75,314.50,17.79K,0.08%
2004-08-10,312.00,316.50,317.25,311.50,17.07K,-1.27%
2004-08-11,304.75,312.75,314.00,304.50,19.22K,-2.32%
2004-08-12,299.50,304.50,304.75,298.00,16.43K,-1.72%
2004-08-13,299.50,300.25,301.00,298.00,5.96K,0.00%
2004-08-16,302.75,299.50,303.50,295.50,9.64K,1.09%
2004-08-17,308.75,303.25,310.00,303.25,7.35K,1.98%
2004-08-18,301.75,308.00,308.75,301.50,5.96K,-2.27%
2004-08-19,309.50,301.25,311.00,301.25,6.48K,2.57%
2004-08-20,312.00,309.25,313.00,307.50,0.06K,0.81%
2004-08-23,321.00,312.50,321.50,310.00,0.16K,2.88%
2004-08-24,311.50,320.00,320.00,311.00,10.14K,-2.96%
2004-08-25,306.00,312.25,316.00,304.50,4.96K,-1.77%
2004-08-26,305.75,306.00,308.50,304.25,4.83K,-0.08%
2004-08-27,301.50,306.50,306.50,299.50,6.93K,-1.39%
2004-08-30,303.25,301.50,309.00,301.50,10.85K,0.58%
2004-08-31,309.75,302.00,310.25,302.00,5.94K,2.14%
2004-09-01,317.50,310.25,318.50,308.75,3.50K,2.50%
2004-09-02,311.25,319.00,319.00,308.50,2.93K,-1.97%
2004-09-03,308.00,308.00,310.00,306.75,1.77K,-1.04%
2004-09-07,305.75,304.50,306.50,302.50,2.25K,-0.73%
2004-09-08,309.25,306.75,309.25,306.00,0.83K,1.14%
2004-09-09,311.50,310.00,313.50,310.00,1.02K,0.73%
2004-09-10,323.00,311.50,323.00,307.00,1.00K,3.69%
2004-09-13,328.50,328.40,331.50,320.00,0.27K,1.70%
2004-09-14,327.25,328.00,328.00,325.50,0.16K,-0.38%
2004-09-15,337.25,330.50,341.00,330.00,26.38K,3.06%
2004-09-16,338.25,337.25,341.25,332.00,17.22K,0.30%
2004-09-17,333.25,337.75,341.50,331.00,18.32K,-1.48%
2004-09-20,328.75,333.25,333.25,325.00,19.46K,-1.35%
2004-09-21,334.75,328.75,336.75,327.25,18.17K,1.83%
2004-09-22,325.75,335.50,336.50,325.00,20.73K,-2.69%
2004-09-23,325.25,325.75,329.00,321.50,18.10K,-0.15%
2004-09-24,321.75,325.75,327.75,321.00,11.10K,-1.08%
2004-09-27,320.50,321.75,325.00,317.00,16.41K,-0.39%
2004-09-28,315.75,320.00,323.50,315.50,12.61K,-1.48%
2004-09-29,319.75,316.50,321.50,316.00,14.03K,1.27%
2004-09-30,306.75,319.25,321.00,305.75,30.83K,-4.07%
2004-10-01,303.75,307.50,308.50,300.50,20.81K,-0.98%
2004-10-04,302.50,303.50,305.50,300.00,11.69K,-0.41%
2004-10-05,306.25,303.00,307.25,299.00,16.55K,1.24%
2004-10-06,302.00,306.00,307.50,301.00,13.32K,-1.39%
2004-10-07,302.75,303.00,306.50,301.00,11.79K,0.25%
2004-10-08,303.25,302.75,307.75,301.00,12.68K,0.17%
2004-10-11,303.00,301.00,305.00,301.00,9.27K,-0.08%
2004-10-12,311.00,302.50,311.50,297.00,34.74K,2.64%
2004-10-13,312.00,311.25,313.00,308.00,16.29K,0.32%
2004-10-14,314.00,312.00,315.50,310.75,14.99K,0.64%
2004-10-15,319.25,314.00,319.50,313.50,19.60K,1.67%
2004-10-18,314.75,318.75,321.00,314.00,16.33K,-1.41%
2004-10-19,319.25,314.25,320.75,312.75,19.73K,1.43%
2004-10-20,313.50,319.25,321.25,313.00,18.08K,-1.80%
2004-10-21,311.75,312.75,314.50,309.00,16.01K,-0.56%
2004-10-22,308.50,311.75,312.00,308.00,11.85K,-1.04%
2004-10-25,316.00,309.25,319.50,308.75,23.27K,2.43%
2004-10-26,315.50,315.25,317.00,311.50,13.94K,-0.16%
2004-10-27,319.25,316.00,320.00,314.50,14.19K,1.19%
2004-10-28,322.25,320.50,324.00,318.00,20.57K,0.94%
2004-10-29,316.50,321.75,326.00,314.00,27.87K,-1.78%
2004-11-01,306.25,316.50,316.50,304.50,31.80K,-3.24%
2004-11-02,302.25,307.50,309.00,302.00,19.59K,-1.31%
2004-11-03,300.25,302.25,304.50,298.50,18.42K,-0.66%
2004-11-04,303.00,301.50,305.00,297.25,20.75K,0.92%
2004-11-05,306.50,303.00,309.00,300.50,25.73K,1.16%
2004-11-08,308.75,306.50,309.25,303.50,17.51K,0.73%
2004-11-09,304.50,308.75,310.75,304.00,19.38K,-1.38%
2004-11-10,303.50,304.75,310.00,303.00,24.52K,-0.33%
2004-11-11,302.75,303.25,305.00,301.00,17.75K,-0.25%
2004-11-12,302.75,303.00,304.25,296.00,27.65K,0.00%
2004-11-15,306.25,303.00,308.75,300.50,19.48K,1.16%
2004-11-16,310.75,306.50,311.00,305.50,20.57K,1.47%
2004-11-17,318.50,310.75,319.00,310.75,28.77K,2.49%
2004-11-18,316.25,318.25,320.50,315.50,21.26K,-0.71%
2004-11-19,309.75,315.50,315.50,308.50,19.80K,-2.06%
2004-11-22,302.00,310.50,313.50,301.00,27.03K,-2.50%
2004-11-23,300.50,302.50,303.50,300.00,20.08K,-0.50%
2004-11-24,299.25,302.25,302.25,298.50,15.87K,-0.42%
2004-11-26,291.25,300.00,301.75,291.00,10.78K,-2.67%
2004-11-29,287.00,292.50,292.75,286.00,22.05K,-1.46%
2004-11-30,289.75,288.00,292.00,287.50,7.96K,0.96%
2004-12-01,286.00,289.50,293.00,285.00,3.86K,-1.29%
2004-12-02,283.50,287.00,288.00,282.50,2.19K,-0.87%
2004-12-03,291.00,283.50,291.00,283.50,0.52K,2.65%
2004-12-06,293.00,294.00,296.00,292.50,0.42K,0.69%
2004-12-07,287.00,292.50,292.50,285.75,0.12K,-2.05%
2004-12-08,287.25,284.00,288.50,283.50,0.17K,0.09%
2004-12-09,290.00,288.00,291.00,287.50,0.10K,0.96%
2004-12-10,284.00,290.00,290.50,283.50,0.08K,-2.07%
2004-12-13,286.75,288.00,289.25,286.00,0.18K,0.97%
2004-12-14,285.00,284.00,287.25,284.00,0.09K,-0.61%
2004-12-15,302.50,301.25,304.00,299.50,14.83K,6.14%
2004-12-16,297.50,304.00,304.75,297.00,13.22K,-1.65%
2004-12-17,304.25,297.75,305.00,297.00,16.37K,2.27%
2004-12-20,306.00,305.50,309.50,305.00,21.35K,0.58%
2004-12-21,305.50,305.25,307.50,302.50,16.41K,-0.16%
2004-12-22,307.00,305.75,308.00,304.75,8.43K,0.49%
2004-12-23,309.50,307.50,310.00,305.50,0.14K,0.81%
2004-12-27,305.00,310.00,311.75,301.00,21.79K,-1.45%
2004-12-28,305.00,305.00,306.00,298.00,6.95K,0.00%
2004-12-29,303.50,304.25,306.00,300.50,8.72K,-0.49%
2004-12-30,307.50,303.75,308.00,302.50,13.45K,1.32%
2005-01-01,291.00,307.50,312.00,287.50,440.98K,-5.37%
2005-01-03,302.25,307.50,307.50,301.50,13.22K,3.87%
2005-01-04,296.00,301.75,302.00,292.25,43.29K,-2.07%
2005-01-05,299.75,295.75,301.00,295.25,18.07K,1.27%
2005-01-06,308.25,299.25,308.50,299.25,30.55K,2.84%
2005-01-07,309.75,309.25,312.00,306.50,28.99K,0.49%
2005-01-10,307.75,309.25,309.50,303.25,17.57K,-0.65%
2005-01-11,306.50,306.50,310.50,304.50,17.72K,-0.41%
2005-01-12,307.25,306.25,308.50,302.00,25.92K,0.24%
2005-01-13,307.50,307.50,307.75,303.50,13.93K,0.08%
2005-01-14,297.50,307.25,307.50,297.25,30.77K,-3.25%
2005-01-18,296.50,297.75,299.75,295.00,19.77K,-0.34%
2005-01-19,299.00,297.00,302.00,296.00,23.73K,0.84%
2005-01-20,294.75,298.25,299.50,293.50,25.41K,-1.42%
2005-01-21,295.75,295.00,297.75,294.25,14.69K,0.34%
2005-01-24,295.25,296.50,299.00,293.75,16.06K,-0.17%
2005-01-25,297.00,295.25,298.75,294.50,17.21K,0.59%
2005-01-26,295.25,297.50,299.75,295.00,15.18K,-0.59%
2005-01-27,289.50,295.00,295.50,288.50,35.82K,-1.95%
2005-01-28,290.00,289.75,291.25,288.25,14.19K,0.17%
2005-01-31,291.00,289.75,292.00,287.50,18.87K,0.34%
2005-02-01,292.25,291.25,294.00,290.50,21.54K,0.43%
2005-02-02,288.25,292.75,293.00,287.75,16.28K,-1.37%
2005-02-03,289.75,288.25,291.00,288.00,16.24K,0.52%
2005-02-04,287.75,290.00,291.50,287.00,19.53K,-0.69%
2005-02-07,292.50,288.50,293.00,288.25,26.78K,1.65%
2005-02-08,291.75,294.00,295.00,289.50,29.48K,-0.26%
2005-02-09,290.00,292.00,293.75,289.50,21.89K,-0.60%
2005-02-10,296.25,290.00,297.00,289.00,39.43K,2.16%
2005-02-11,294.50,295.50,297.75,294.25,23.78K,-0.59%
2005-02-14,301.75,295.00,302.25,294.50,35.22K,2.46%
2005-02-15,299.25,302.00,302.75,298.00,25.17K,-0.83%
2005-02-16,292.50,298.75,298.75,292.00,26.96K,-2.26%
2005-02-17,295.50,292.50,297.00,292.00,17.14K,1.03%
2005-02-18,296.00,295.00,297.00,293.50,13.64K,0.17%
2005-02-22,312.50,297.00,320.00,297.00,27.28K,5.57%
2005-02-23,316.00,310.50,318.00,309.25,16.23K,1.12%
2005-02-24,312.75,316.00,317.50,312.00,14.73K,-1.03%
2005-02-25,323.25,310.75,324.00,310.75,12.43K,3.36%
2005-02-28,337.25,323.75,337.50,323.75,3.66K,4.33%
2005-03-01,330.00,333.00,335.00,329.00,1.87K,-2.15%
2005-03-02,332.00,331.50,337.00,331.00,2.20K,0.61%
2005-03-03,330.00,331.00,331.00,326.50,1.17K,-0.60%
2005-03-04,329.00,329.75,329.75,325.75,0.40K,-0.30%
2005-03-07,323.25,330.00,330.00,323.00,0.61K,-1.75%
2005-03-08,329.00,323.00,331.50,323.00,0.31K,1.78%
2005-03-09,333.50,330.00,334.00,328.75,0.30K,1.37%
2005-03-10,340.00,332.00,340.00,329.50,0.14K,1.95%
2005-03-11,351.50,344.00,353.50,344.00,0.16K,3.38%
2005-03-14,348.00,349.50,349.50,344.50,0.15K,-1.00%
2005-03-15,368.00,354.25,369.00,354.00,35.79K,5.75%
2005-03-16,361.00,366.00,370.00,360.50,29.03K,-1.90%
2005-03-17,366.50,359.50,368.00,355.50,32.45K,1.52%
2005-03-18,356.50,365.25,366.50,356.00,15.91K,-2.73%
2005-03-21,342.50,355.25,356.50,340.25,36.00K,-3.93%
2005-03-22,344.50,343.00,348.00,342.00,18.42K,0.58%
2005-03-23,336.75,342.75,344.00,335.00,32.38K,-2.25%
2005-03-24,338.50,336.50,340.50,333.25,14.07K,0.52%
2005-03-28,336.00,337.75,339.00,332.00,12.79K,-0.74%
2005-03-29,334.50,336.25,341.00,334.00,14.95K,-0.45%
2005-03-30,333.50,335.50,337.75,332.00,19.15K,-0.30%
2005-03-31,331.00,334.00,341.50,330.00,30.66K,-0.75%
2005-04-01,322.50,331.50,332.50,319.50,47.42K,-2.57%
2005-04-04,316.50,322.50,323.50,315.00,30.06K,-1.86%
2005-04-05,311.25,316.50,317.50,310.50,24.48K,-1.66%
2005-04-06,314.25,311.75,316.75,310.25,19.21K,0.96%
2005-04-07,314.25,314.25,316.50,313.00,28.83K,0.00%
2005-04-08,310.00,315.25,315.25,307.50,31.39K,-1.35%
2005-04-11,313.50,310.50,314.00,308.75,24.67K,1.13%
2005-04-12,311.00,313.50,316.50,309.50,27.79K,-0.80%
2005-04-13,310.50,311.25,313.50,309.00,30.60K,-0.16%
2005-04-14,309.00,311.00,311.25,307.50,10.72K,-0.48%
2005-04-15,305.25,309.00,310.00,303.00,13.37K,-1.21%
2005-04-18,301.75,304.25,306.00,301.50,11.31K,-1.15%
2005-04-19,308.00,302.25,308.25,301.50,8.58K,2.07%
2005-04-20,310.75,308.00,314.00,307.75,13.50K,0.89%
2005-04-21,311.00,312.00,312.50,308.75,6.40K,0.08%
2005-04-22,309.25,310.50,312.50,309.00,10.22K,-0.56%
2005-04-25,320.75,314.00,330.00,312.00,20.05K,3.72%
2005-04-26,322.75,319.75,325.50,319.00,6.41K,0.62%
2005-04-27,319.50,323.25,325.50,316.75,4.47K,-1.01%
2005-04-28,317.25,319.50,321.00,315.00,6.88K,-0.70%
2005-04-29,318.00,318.00,327.00,315.00,3.85K,0.24%
2005-05-01,331.75,315.00,342.75,296.50,323.02K,4.32%
2005-05-02,314.50,315.00,315.00,310.50,2.53K,-5.20%
2005-05-03,308.25,315.00,315.50,307.00,1.73K,-1.99%
2005-05-04,308.25,308.25,311.50,306.50,0.26K,0.00%
2005-05-05,305.00,309.00,309.00,305.00,0.23K,-1.05%
2005-05-06,309.50,303.00,309.50,303.00,0.26K,1.48%
2005-05-09,305.50,309.75,310.50,305.00,0.07K,-1.29%
2005-05-10,312.50,307.50,313.00,307.50,0.09K,2.29%
2005-05-11,306.00,312.00,312.00,306.00,0.12K,-2.08%
2005-05-12,301.50,304.50,304.50,300.00,0.10K,-1.47%
2005-05-13,296.50,299.00,299.00,296.50,0.02K,-1.66%
2005-05-16,306.25,303.75,307.50,303.50,16.85K,3.29%
2005-05-17,310.00,307.50,312.00,306.00,23.16K,1.22%
2005-05-18,315.00,310.00,318.00,309.25,28.32K,1.61%
2005-05-19,309.50,315.00,317.50,308.25,22.22K,-1.75%
2005-05-20,313.00,309.50,314.50,308.75,15.25K,1.13%
2005-05-23,333.75,314.00,339.00,314.00,63.04K,6.63%
2005-05-24,332.00,332.00,334.00,329.25,31.41K,-0.52%
2005-05-25,330.25,331.00,339.75,325.50,35.03K,-0.53%
2005-05-26,337.75,329.50,339.50,326.00,27.07K,2.27%
2005-05-27,335.00,341.00,342.75,328.50,18.38K,-0.81%
2005-05-31,331.75,341.00,342.75,328.50,36.90K,-0.97%
2005-06-01,331.50,330.50,335.00,329.00,23.35K,-0.08%
2005-06-02,323.50,330.00,330.50,322.00,29.51K,-2.41%
2005-06-03,323.25,322.25,325.75,321.00,19.34K,-0.08%
2005-06-06,322.50,325.50,329.00,322.00,27.68K,-0.23%
2005-06-07,319.25,320.50,323.25,318.50,28.60K,-1.01%
2005-06-08,313.25,318.50,319.00,313.00,32.14K,-1.88%
2005-06-09,314.25,312.75,317.00,312.50,30.50K,0.32%
2005-06-10,313.50,314.50,318.75,313.00,29.50K,-0.24%
2005-06-13,313.75,314.00,320.50,313.00,38.77K,0.08%
2005-06-14,316.00,314.00,317.25,309.50,28.19K,0.72%
2005-06-15,323.00,316.00,324.75,315.25,25.81K,2.22%
2005-06-16,323.50,323.00,328.50,322.00,19.59K,0.15%
2005-06-17,327.50,323.75,329.50,323.50,11.86K,1.24%
2005-06-20,339.00,331.00,339.50,327.75,18.48K,3.51%
2005-06-21,335.00,338.50,345.50,332.25,15.12K,-1.18%
2005-06-22,336.00,335.00,342.00,334.75,10.53K,0.30%
2005-06-23,331.75,335.25,338.50,331.00,10.18K,-1.26%
2005-06-24,339.50,331.00,340.00,331.00,11.99K,2.34%
2005-06-27,331.00,339.50,340.00,325.50,11.87K,-2.50%
2005-06-28,327.75,330.00,331.50,325.50,11.48K,-0.98%
2005-06-29,328.50,328.00,334.00,326.00,14.39K,0.23%
2005-06-30,321.50,327.00,328.50,319.00,6.89K,-2.13%
2005-07-01,324.25,324.00,325.50,320.75,3.53K,0.86%
2005-07-05,337.00,324.75,341.00,324.75,0.78K,3.93%
2005-07-06,332.00,336.00,337.25,332.00,0.71K,-1.48%
2005-07-07,334.75,332.00,335.50,329.50,1.28K,0.83%
2005-07-08,328.50,333.00,333.00,328.00,0.26K,-1.87%
2005-07-11,327.00,323.50,329.50,323.50,0.27K,-0.46%
2005-07-12,323.75,327.00,327.75,320.00,0.44K,-0.99%
2005-07-13,332.00,326.00,333.50,326.00,0.12K,2.55%
2005-07-14,338.00,332.00,341.50,332.00,0.13K,1.81%
2005-07-15,348.50,343.00,349.50,342.50,18.24K,3.11%
2005-07-18,352.25,351.50,354.00,342.25,30.05K,1.08%
2005-07-19,338.50,351.25,352.00,335.00,33.30K,-3.90%
2005-07-20,333.25,338.00,338.75,331.00,22.63K,-1.55%
2005-07-21,327.00,334.25,334.75,325.25,25.26K,-1.88%
2005-07-22,330.50,327.50,332.75,326.00,15.24K,1.07%
2005-07-25,325.75,331.00,331.00,323.50,21.59K,-1.44%
2005-07-26,328.50,326.50,333.50,325.25,18.90K,0.84%
2005-07-27,330.50,326.25,331.00,325.25,15.25K,0.61%
2005-07-28,333.00,331.00,336.50,331.00,13.87K,0.76%
2005-07-29,327.75,332.50,334.50,327.50,24.61K,-1.58%
2005-08-01,330.50,328.00,334.50,326.00,19.77K,0.84%
2005-08-02,332.00,331.00,335.50,331.00,22.74K,0.45%
2005-08-03,326.00,332.50,333.50,325.50,23.74K,-1.81%
2005-08-04,325.00,326.00,328.75,323.75,18.02K,-0.31%
2005-08-05,320.00,325.00,326.50,317.00,38.18K,-1.54%
2005-08-08,322.25,321.75,325.50,321.50,25.55K,0.70%
2005-08-09,319.50,322.00,322.50,318.50,28.44K,-0.85%
2005-08-10,323.50,319.50,324.50,317.50,27.80K,1.25%
2005-08-11,326.25,323.50,328.25,322.00,24.01K,0.85%
2005-08-12,321.25,327.50,332.00,319.25,21.84K,-1.53%
2005-08-15,315.75,320.00,320.50,315.00,14.54K,-1.71%
2005-08-16,310.25,315.25,321.50,310.00,13.44K,-1.74%
2005-08-17,314.25,310.50,314.50,310.00,10.40K,1.29%
2005-08-18,320.75,314.25,321.00,314.25,8.23K,2.07%
2005-08-19,325.25,321.00,328.00,318.75,7.28K,1.40%
2005-08-22,323.00,324.00,326.50,320.00,4.53K,-0.69%
2005-08-23,317.25,322.75,324.50,316.25,5.82K,-1.78%
2005-08-24,314.00,316.50,318.00,311.25,6.38K,-1.02%
2005-08-25,315.75,314.25,316.25,310.25,12.01K,0.56%
2005-08-26,312.25,315.75,316.50,311.00,6.58K,-1.11%
2005-08-29,310.50,313.25,315.25,309.75,8.38K,-0.56%
2005-08-30,307.25,310.50,312.50,307.00,11.78K,-1.05%
2005-08-31,301.50,307.75,308.00,300.75,8.74K,-1.87%
2005-09-01,306.75,303.00,307.50,301.75,3.36K,1.74%
2005-09-02,305.00,308.00,308.00,303.00,1.47K,-0.57%
2005-09-06,305.50,305.25,309.00,305.25,1.26K,0.16%
2005-09-07,303.50,306.00,306.25,303.00,1.98K,-0.65%
2005-09-08,309.00,303.50,309.00,303.50,0.02K,1.81%
2005-09-09,313.00,310.00,313.25,310.00,0.29K,1.29%
2005-09-12,313.00,306.00,314.50,306.00,0.11K,0.00%
2005-09-13,316.50,311.50,316.50,310.00,1.07K,1.12%
2005-09-14,311.50,318.50,318.50,311.00,0.07K,-1.58%
2005-09-15,322.75,327.25,327.50,320.50,19.16K,3.61%
2005-09-16,324.25,322.50,329.00,321.25,20.24K,0.46%
2005-09-19,320.25,324.25,326.25,320.00,15.66K,-1.23%
2005-09-20,321.25,320.50,323.00,318.25,13.96K,0.31%
2005-09-21,325.25,321.25,325.50,320.00,13.77K,1.25%
2005-09-22,332.25,325.75,334.50,323.75,41.76K,2.15%
2005-09-23,333.50,332.50,335.50,330.75,24.28K,0.38%
2005-09-26,329.25,333.00,334.00,327.50,18.73K,-1.27%
2005-09-27,327.00,329.00,330.75,325.75,20.80K,-0.68%
2005-09-28,328.75,325.25,331.75,324.50,17.98K,0.54%
2005-09-29,333.50,329.25,335.50,329.00,19.29K,1.44%
2005-09-30,346.25,333.75,353.00,332.00,73.06K,3.82%
2005-10-01,317.00,346.25,352.00,315.50,484.18K,-8.45%
2005-10-03,348.75,346.25,352.00,345.50,32.73K,10.02%
2005-10-04,347.25,348.00,348.50,342.50,25.84K,-0.43%
2005-10-05,345.00,347.50,347.75,342.75,17.25K,-0.65%
2005-10-06,345.25,345.75,346.50,340.50,20.34K,0.07%
2005-10-07,338.00,345.00,345.25,336.75,18.32K,-2.10%
2005-10-10,339.75,338.00,341.25,337.50,16.29K,0.52%
2005-10-11,342.75,339.75,344.50,339.00,16.76K,0.88%
2005-10-12,347.50,342.75,350.00,341.50,22.78K,1.39%
2005-10-13,343.50,347.00,347.25,342.00,16.87K,-1.15%
2005-10-14,339.00,343.25,344.25,335.75,33.71K,-1.31%
2005-10-17,336.25,339.00,339.25,334.50,17.35K,-0.81%
2005-10-18,328.75,336.50,338.00,328.50,29.06K,-2.23%
2005-10-19,327.75,327.50,330.00,326.25,20.00K,-0.30%
2005-10-20,332.25,328.75,333.25,326.00,21.17K,1.37%
2005-10-21,330.00,332.50,332.75,328.00,15.66K,-0.68%
2005-10-24,323.25,329.25,329.50,322.50,31.67K,-2.05%
2005-10-25,325.50,323.00,326.50,322.25,20.31K,0.70%
2005-10-26,323.50,325.50,329.00,322.75,19.50K,-0.61%
2005-10-27,324.50,323.50,326.50,322.00,15.85K,0.31%
2005-10-28,317.75,324.75,326.50,315.50,33.74K,-2.08%
2005-10-31,317.00,317.50,319.50,316.00,38.98K,-0.24%
2005-11-01,317.00,317.50,320.50,314.50,26.65K,0.00%
2005-11-02,313.00,317.00,317.50,312.00,25.39K,-1.26%
2005-11-03,313.25,313.50,314.00,310.00,31.91K,0.08%
2005-11-04,311.25,314.00,315.50,310.50,31.86K,-0.64%
2005-11-07,310.00,311.25,313.50,308.75,38.98K,-0.40%
2005-11-08,313.00,310.50,315.75,310.00,29.30K,0.97%
2005-11-09,315.00,313.25,317.50,312.00,31.23K,0.64%
2005-11-10,309.75,315.25,317.50,309.50,45.31K,-1.67%
2005-11-11,311.50,310.25,314.00,310.00,36.79K,0.56%
2005-11-14,311.75,310.25,315.00,310.25,20.17K,0.08%
2005-11-15,307.00,312.00,316.00,306.00,37.84K,-1.52%
2005-11-16,306.75,308.00,309.00,304.50,34.94K,-0.08%
2005-11-17,304.75,307.25,308.00,303.75,23.43K,-0.65%
2005-11-18,302.00,304.75,306.00,301.25,12.17K,-0.90%
2005-11-21,298.50,301.50,303.50,298.00,24.07K,-1.16%
2005-11-22,297.00,298.25,302.00,295.25,18.82K,-0.50%
2005-11-23,297.00,297.75,299.25,296.50,0.22K,0.00%
2005-11-25,297.00,297.50,298.50,295.50,9.24K,0.00%
2005-11-28,297.50,297.25,298.00,295.00,17.14K,0.17%
2005-11-29,300.50,299.00,302.00,298.50,24.18K,1.01%
2005-11-30,304.00,300.50,305.00,295.50,8.18K,1.16%
2005-12-01,305.50,303.75,306.75,301.00,4.86K,0.49%
2005-12-02,303.50,305.00,306.50,303.00,2.56K,-0.65%
2005-12-05,304.50,303.00,308.50,303.00,1.18K,0.33%
2005-12-06,299.75,304.50,305.00,299.00,1.83K,-1.56%
2005-12-07,297.25,299.75,299.75,295.00,0.74K,-0.83%
2005-12-08,295.50,299.50,299.50,294.50,0.55K,-0.59%
2005-12-09,293.00,295.00,295.00,292.50,0.58K,-0.85%
2005-12-12,299.50,296.50,299.50,296.50,0.21K,2.22%
2005-12-13,304.00,300.00,304.00,298.00,0.20K,1.50%
2005-12-14,309.50,306.00,309.50,306.00,0.10K,1.81%
2005-12-15,318.75,323.75,326.75,318.00,23.95K,2.99%
2005-12-16,319.75,319.00,323.00,317.50,16.75K,0.31%
2005-12-19,323.25,320.50,323.50,318.50,16.17K,1.09%
2005-12-20,328.00,323.25,325.00,323.50,25.95K,1.47%
2005-12-21,327.50,327.25,328.50,324.75,13.98K,-0.15%
2005-12-22,330.75,328.00,331.25,327.50,21.76K,0.99%
2005-12-23,334.50,330.75,336.00,330.50,24.97K,1.13%
2005-12-27,340.00,334.00,340.50,332.50,21.63K,1.64%
2005-12-28,345.50,340.25,346.50,339.25,36.63K,1.62%
2005-12-29,337.25,345.00,347.00,337.00,27.92K,-2.39%
2005-12-30,339.25,336.00,340.00,334.50,25.95K,0.59%
2006-01-01,343.25,340.00,350.00,321.50,570.96K,1.18%
2006-01-03,346.00,340.00,346.50,340.00,26.38K,0.80%
2006-01-04,346.25,345.00,346.75,340.50,25.71K,0.07%
2006-01-05,339.75,346.00,346.75,338.75,23.70K,-1.88%
2006-01-06,330.75,338.50,341.50,330.25,27.32K,-2.65%
2006-01-09,326.50,328.50,329.25,323.75,35.02K,-1.28%
2006-01-10,329.25,327.00,329.50,324.75,22.76K,0.84%
2006-01-11,330.50,329.50,331.00,326.00,18.52K,0.38%
2006-01-12,333.25,330.25,335.00,325.75,30.46K,0.83%
2006-01-13,334.75,332.00,335.00,331.50,13.45K,0.45%
2006-01-17,328.75,333.25,336.50,326.00,23.46K,-1.79%
2006-01-18,322.50,328.50,328.75,321.50,31.18K,-1.90%
2006-01-19,326.50,323.00,328.00,321.50,21.68K,1.24%
2006-01-20,326.50,326.25,328.50,324.00,17.52K,0.00%
2006-01-23,326.00,327.00,331.00,324.50,26.03K,-0.15%
2006-01-24,332.50,325.75,333.50,324.75,30.23K,1.99%
2006-01-25,342.00,332.00,345.00,331.50,50.03K,2.86%
2006-01-26,344.50,341.25,345.50,340.00,24.50K,0.73%
2006-01-27,343.50,344.25,350.00,341.50,37.78K,-0.29%
2006-01-30,345.25,345.25,349.00,343.50,25.98K,0.51%
2006-01-31,343.25,345.50,347.75,338.50,59.26K,-0.58%
2006-02-01,339.25,343.00,343.50,337.50,28.66K,-1.17%
2006-02-02,347.25,338.25,348.00,338.25,35.54K,2.36%
2006-02-03,356.50,347.50,361.50,347.50,55.61K,2.66%
2006-02-06,355.00,357.00,360.00,353.00,28.04K,-0.42%
2006-02-07,351.75,357.25,358.75,351.50,47.67K,-0.92%
2006-02-08,356.75,350.25,359.25,348.00,49.72K,1.42%
2006-02-09,363.25,357.50,365.00,356.00,50.28K,1.82%
2006-02-10,355.25,363.75,364.75,351.50,46.46K,-2.20%
2006-02-13,348.00,356.00,359.00,347.50,48.32K,-2.04%
2006-02-14,347.25,348.25,349.00,342.75,23.57K,-0.22%
2006-02-15,352.00,348.00,353.00,344.00,27.44K,1.37%
2006-02-16,359.00,352.00,360.00,351.50,14.99K,1.99%
2006-02-17,368.00,358.50,369.00,357.00,16.67K,2.51%
2006-02-21,372.50,367.25,377.00,367.00,14.70K,1.22%
2006-02-22,365.50,372.25,372.50,362.00,25.73K,-1.88%
2006-02-23,366.25,365.25,370.50,362.50,20.10K,0.21%
2006-02-24,368.25,366.25,370.00,363.50,16.77K,0.55%
2006-02-27,373.25,369.75,374.00,363.50,14.95K,1.36%
2006-02-28,370.25,374.00,378.00,370.00,6.15K,-0.80%
2006-03-01,362.75,367.50,367.50,359.50,2.16K,-2.03%
2006-03-02,369.00,361.25,369.00,359.00,0.69K,1.72%
2006-03-03,373.50,371.00,373.50,366.50,0.99K,1.22%
2006-03-06,370.00,370.00,370.00,364.50,0.70K,-0.94%
2006-03-07,370.50,370.00,375.00,369.50,0.36K,0.14%
2006-03-08,376.00,371.00,377.00,371.00,0.35K,1.48%
2006-03-09,370.75,375.00,377.00,370.00,0.41K,-1.40%
2006-03-10,374.50,372.00,380.00,369.25,0.27K,1.01%
2006-03-13,360.00,370.00,370.00,359.00,0.67K,-3.87%
2006-03-14,352.00,353.50,356.50,348.50,0.18K,-2.22%
2006-03-15,362.00,363.25,366.50,358.50,21.13K,2.84%
2006-03-16,352.75,362.50,363.00,351.00,30.06K,-2.56%
2006-03-17,357.50,353.00,359.00,351.00,29.23K,1.35%
2006-03-20,350.25,355.25,355.25,347.50,31.34K,-2.03%
2006-03-21,352.50,351.50,354.50,349.00,20.45K,0.64%
2006-03-22,349.25,352.50,355.25,348.50,17.01K,-0.92%
2006-03-23,344.00,350.00,350.00,343.50,25.28K,-1.50%
2006-03-24,342.50,344.00,345.00,340.00,20.83K,-0.44%
2006-03-27,339.75,342.25,344.25,339.00,25.39K,-0.80%
2006-03-28,341.25,340.50,343.25,338.50,21.70K,0.44%
2006-03-29,341.75,342.25,345.75,340.50,20.93K,0.15%
2006-03-30,344.50,341.25,345.75,340.25,17.73K,0.80%
2006-03-31,347.75,343.75,350.50,343.00,44.10K,0.94%
2006-04-01,346.25,344.50,369.50,339.50,447.72K,-0.43%
2006-04-03,342.00,344.50,349.50,340.50,40.34K,-1.23%
2006-04-04,342.75,342.00,344.50,340.25,20.08K,0.22%
2006-04-05,347.00,342.50,347.50,341.00,22.00K,1.24%
2006-04-06,352.50,347.50,356.50,347.25,42.12K,1.59%
2006-04-07,351.25,352.75,353.50,347.75,35.97K,-0.35%
2006-04-10,361.00,353.25,361.50,352.00,42.10K,2.78%
2006-04-11,367.50,360.25,369.50,357.50,50.37K,1.80%
2006-04-12,360.50,367.00,368.50,360.00,40.80K,-1.90%
2006-04-13,357.50,361.00,363.25,357.00,49.38K,-0.83%
2006-04-17,349.50,354.00,357.00,348.75,19.19K,-2.24%
2006-04-18,355.00,350.25,356.75,349.50,16.68K,1.57%
2006-04-19,354.75,355.00,357.50,349.00,9.39K,-0.07%
2006-04-20,353.00,354.50,356.50,350.00,6.35K,-0.49%
2006-04-21,352.75,351.50,354.50,344.50,8.73K,-0.07%
2006-04-24,350.75,354.25,357.25,349.00,10.78K,-0.57%
2006-04-25,350.00,350.50,353.00,347.50,8.96K,-0.21%
2006-04-26,348.50,350.00,354.00,347.50,13.08K,-0.43%
2006-04-27,342.50,348.00,348.50,340.00,9.00K,-1.72%
2006-04-28,346.25,340.25,347.00,339.50,2.42K,1.09%
2006-05-01,353.25,349.00,356.00,349.00,1.31K,2.02%
2006-05-02,355.25,356.75,358.75,353.00,1.27K,0.57%
2006-05-03,354.00,353.50,355.00,351.00,1.00K,-0.35%
2006-05-04,352.25,353.75,354.50,351.00,0.09K,-0.49%
2006-05-05,361.25,367.00,367.00,361.00,0.27K,2.56%
2006-05-08,363.50,364.00,365.00,356.00,0.07K,0.62%
2006-05-09,375.50,369.50,379.00,369.50,0.06K,3.30%
2006-05-10,377.50,376.00,378.00,376.00,0.05K,0.53%
2006-05-11,382.50,373.00,382.50,373.00,0.59K,1.32%
2006-05-12,394.00,400.00,400.00,394.00,,3.01%
2006-05-15,399.50,402.75,406.00,395.75,34.75K,1.40%
2006-05-16,403.50,399.00,404.00,395.25,33.68K,1.00%
2006-05-17,423.00,405.00,425.00,403.50,64.58K,4.83%
2006-05-18,418.50,423.00,427.00,418.00,51.10K,-1.06%
2006-05-19,416.25,418.50,418.50,408.25,50.27K,-0.54%
2006-05-22,426.25,418.75,428.00,409.00,43.69K,2.40%
2006-05-23,419.75,429.75,433.00,418.00,47.83K,-1.52%
2006-05-24,411.75,418.00,419.50,408.25,45.48K,-1.91%
2006-05-25,409.50,411.00,415.00,404.50,39.22K,-0.55%
2006-05-26,415.50,410.25,421.00,410.00,31.59K,1.47%
2006-05-30,412.00,417.50,425.50,409.50,41.65K,-0.84%
2006-05-31,393.50,412.25,413.50,391.00,88.72K,-4.49%
2006-06-01,392.00,394.25,398.00,389.00,48.65K,-0.38%
2006-06-02,403.75,395.00,405.00,392.50,29.18K,3.00%
2006-06-05,398.50,400.75,407.00,398.00,24.82K,-1.30%
2006-06-06,385.00,399.00,399.75,383.00,57.26K,-3.39%
2006-06-07,387.75,386.50,391.00,380.00,72.58K,0.71%
2006-06-08,383.50,387.50,388.75,382.50,45.15K,-1.10%
2006-06-09,372.50,383.50,390.50,371.00,75.58K,-2.87%
2006-06-12,373.75,375.50,379.50,373.00,56.80K,0.34%
2006-06-13,369.75,374.25,377.25,368.50,56.12K,-1.07%
2006-06-14,361.25,370.50,372.75,360.25,54.45K,-2.30%
2006-06-15,361.50,361.50,365.75,360.50,25.69K,0.07%
2006-06-16,359.00,361.50,365.50,358.00,21.39K,-0.69%
2006-06-19,358.50,359.00,362.00,358.50,17.68K,-0.14%
2006-06-20,367.00,359.25,367.50,359.25,17.06K,2.37%
2006-06-21,372.00,365.25,374.75,364.75,14.44K,1.36%
2006-06-22,365.50,373.00,373.00,365.00,9.22K,-1.75%
2006-06-23,363.25,365.50,369.00,362.00,6.99K,-0.62%
2006-06-26,368.50,362.00,369.00,360.00,7.34K,1.45%
2006-06-27,378.25,368.00,380.50,368.00,8.85K,2.65%
2006-06-28,372.00,375.00,378.00,370.00,7.12K,-1.65%
2006-06-29,374.00,370.75,375.50,367.75,12.51K,0.54%
2006-06-30,371.50,376.00,380.00,370.00,5.21K,-0.67%
2006-07-01,397.50,371.50,414.00,363.00,332.00K,7.00%
2006-07-03,384.25,371.50,385.00,371.25,3.40K,-3.33%
2006-07-05,386.50,385.25,388.00,381.00,2.55K,0.59%
2006-07-06,390.00,387.00,391.00,385.00,2.49K,0.91%
2006-07-07,381.50,390.00,391.00,381.00,1.37K,-2.18%
2006-07-10,382.50,384.50,386.00,381.00,1.26K,0.26%
2006-07-11,398.00,388.00,398.00,380.00,0.63K,4.05%
2006-07-12,390.00,400.00,400.00,387.00,0.68K,-2.01%
2006-07-13,376.00,391.00,391.00,374.00,0.29K,-3.59%
2006-07-14,366.00,377.00,377.00,363.00,0.29K,-2.66%
2006-07-17,393.00,397.00,403.00,392.50,15.88K,7.38%
2006-07-18,398.00,395.00,400.00,391.50,24.62K,1.27%
2006-07-19,393.00,397.00,398.00,389.00,28.14K,-1.26%
2006-07-20,406.50,391.50,409.00,390.75,36.57K,3.44%
2006-07-21,407.25,405.25,414.00,404.00,35.48K,0.18%
2006-07-24,400.50,405.75,406.00,399.00,23.51K,-1.66%
2006-07-25,393.25,402.50,405.50,392.50,26.17K,-1.81%
2006-07-26,382.00,395.00,396.00,380.00,32.12K,-2.86%
2006-07-27,387.75,383.50,391.00,382.50,21.66K,1.51%
2006-07-28,388.50,387.75,391.00,385.50,13.73K,0.19%
2006-07-31,397.50,389.50,399.00,388.75,61.18K,2.32%
2006-08-01,392.50,396.75,397.50,391.75,24.78K,-1.26%
2006-08-02,401.50,393.00,403.50,393.00,33.37K,2.29%
2006-08-03,395.25,401.50,405.50,394.25,23.57K,-1.56%
2006-08-04,396.00,396.25,402.00,395.25,23.06K,0.19%
2006-08-07,393.00,394.50,396.00,390.50,42.66K,-0.76%
2006-08-08,384.00,392.25,393.50,382.75,48.67K,-2.29%
2006-08-09,388.00,384.00,389.25,382.75,39.40K,1.04%
2006-08-10,386.50,388.00,390.50,385.00,38.01K,-0.39%
2006-08-11,373.75,386.50,390.25,373.00,45.37K,-3.30%
2006-08-14,374.00,373.50,379.00,369.75,28.17K,0.07%
2006-08-15,376.75,373.50,378.75,373.00,20.56K,0.74%
2006-08-16,371.50,376.25,381.50,371.00,10.13K,-1.39%
2006-08-17,363.50,371.75,375.00,362.50,14.16K,-2.15%
2006-08-18,364.50,363.75,366.50,357.25,11.69K,0.28%
2006-08-21,365.75,364.00,368.00,363.00,8.77K,0.34%
2006-08-22,359.75,365.25,367.00,358.50,8.65K,-1.64%
2006-08-23,366.00,359.50,369.50,359.50,7.37K,1.74%
2006-08-24,375.50,365.50,376.00,365.50,11.96K,2.60%
2006-08-25,378.50,374.75,387.75,373.50,13.75K,0.80%
2006-08-28,384.75,379.00,388.50,379.00,12.99K,1.65%
2006-08-29,380.50,384.75,387.00,380.00,12.63K,-1.10%
2006-08-30,397.50,381.25,398.00,380.50,15.34K,4.47%
2006-08-31,404.00,398.25,405.00,395.50,9.09K,1.64%
2006-09-01,401.25,401.50,403.25,397.50,6.61K,-0.68%
2006-09-05,404.00,406.00,410.00,403.50,4.41K,0.69%
2006-09-06,399.00,399.25,404.00,398.00,2.19K,-1.24%
2006-09-07,403.50,399.50,404.00,395.00,1.93K,1.13%
2006-09-08,400.00,401.00,406.00,400.00,0.91K,-0.87%
2006-09-11,398.00,399.00,399.50,394.00,0.21K,-0.50%
2006-09-12,388.75,395.00,400.00,388.00,0.09K,-2.32%
2006-09-13,381.50,389.00,394.00,381.50,0.39K,-1.86%
2006-09-14,377.00,383.50,384.00,376.00,0.05K,-1.18%
2006-09-15,392.50,391.25,398.00,387.50,31.24K,4.11%
2006-09-18,395.50,395.25,398.50,392.25,25.11K,0.76%
2006-09-19,409.00,395.75,411.50,395.75,39.48K,3.41%
2006-09-20,407.75,410.00,413.50,406.25,40.96K,-0.31%
2006-09-21,421.50,408.50,423.00,407.50,49.01K,3.37%
2006-09-22,419.00,420.75,422.00,417.50,27.89K,-0.59%
2006-09-25,413.75,418.00,419.00,411.25,36.26K,-1.25%
2006-09-26,423.00,414.00,426.50,414.00,35.76K,2.24%
2006-09-27,424.25,423.75,430.75,419.00,38.78K,0.30%
2006-09-28,445.50,424.75,448.00,424.50,99.37K,5.01%
2006-09-29,443.00,445.50,453.00,441.00,94.19K,-0.56%
2006-10-01,483.00,445.00,557.00,435.25,974.76K,9.03%
2006-10-02,446.00,445.00,458.50,443.50,53.74K,-7.66%
2006-10-03,439.50,446.25,447.50,435.25,49.17K,-1.46%
2006-10-04,465.00,441.50,471.00,440.25,64.53K,5.80%
2006-10-05,464.00,464.00,487.00,460.00,89.48K,-0.22%
2006-10-06,464.00,465.50,477.00,458.50,55.48K,0.00%
2006-10-09,494.00,467.25,497.25,466.25,44.66K,6.47%
2006-10-10,501.00,524.00,524.00,493.00,85.16K,1.42%
2006-10-11,531.00,501.00,531.00,500.50,36.57K,5.99%
2006-10-12,515.50,543.50,551.00,511.00,58.65K,-2.92%
2006-10-13,525.50,516.50,539.00,516.50,38.69K,1.94%
2006-10-16,542.50,525.00,550.00,520.00,29.99K,3.24%
2006-10-17,531.00,541.00,557.00,528.75,40.38K,-2.12%
2006-10-18,512.50,531.25,531.25,512.00,29.55K,-3.48%
2006-10-19,513.00,512.50,529.00,505.50,27.30K,0.10%
2006-10-20,505.00,513.50,523.00,502.50,25.78K,-1.56%
2006-10-23,517.00,506.50,521.50,499.00,29.68K,2.38%
2006-10-24,522.50,517.25,527.50,511.25,23.33K,1.06%
2006-10-25,516.75,526.00,541.00,515.50,32.96K,-1.10%
2006-10-26,507.50,516.25,517.25,505.00,26.42K,-1.79%
2006-10-27,508.50,509.25,523.00,500.00,32.44K,0.20%
2006-10-30,501.00,507.00,513.50,497.25,33.79K,-1.47%
2006-10-31,483.00,502.25,503.75,482.00,67.01K,-3.59%
2006-11-01,487.50,485.75,494.00,476.50,38.75K,0.93%
2006-11-02,491.50,490.00,510.00,488.00,38.41K,0.82%
2006-11-03,492.50,491.00,494.00,484.75,28.36K,0.20%
2006-11-06,498.00,495.50,501.75,493.50,22.31K,1.12%
2006-11-07,497.00,498.75,501.00,493.25,49.69K,-0.20%
2006-11-08,504.00,497.50,519.00,497.50,64.36K,1.41%
2006-11-09,488.00,505.00,508.00,486.00,67.89K,-3.17%
2006-11-10,480.50,490.00,491.25,478.00,56.10K,-1.54%
2006-11-13,477.00,479.00,487.25,475.00,50.60K,-0.73%
2006-11-14,486.50,477.25,492.75,470.00,48.28K,1.99%
2006-11-15,481.50,490.00,497.00,480.00,33.46K,-1.03%
2006-11-16,468.75,480.25,485.50,466.25,24.52K,-2.65%
2006-11-17,474.00,471.00,475.00,465.00,13.23K,1.12%
2006-11-20,475.00,477.00,486.25,471.75,11.14K,0.21%
2006-11-21,479.75,476.00,480.75,472.00,18.70K,1.00%
2006-11-22,486.25,482.00,498.00,478.00,14.04K,1.35%
2006-11-24,500.00,487.25,501.00,483.00,4.16K,2.83%
2006-11-27,490.25,501.25,508.00,485.75,12.41K,-1.95%
2006-11-28,487.25,493.75,493.75,480.50,8.37K,-0.61%
2006-11-29,490.50,487.00,492.25,479.00,14.76K,0.67%
2006-11-30,502.00,491.50,505.25,491.00,7.73K,2.34%
2006-12-01,500.00,507.00,507.00,496.00,6.63K,-0.40%
2006-12-04,499.50,498.25,500.25,491.00,2.46K,-0.10%
2006-12-05,498.00,498.00,498.50,493.00,1.79K,-0.30%
2006-12-06,475.00,495.00,495.00,475.00,1.11K,-4.62%
2006-12-07,477.50,472.00,478.00,469.50,1.24K,0.53%
2006-12-08,469.00,476.00,476.00,468.00,0.19K,-1.78%
2006-12-11,475.00,470.25,475.00,463.50,0.17K,1.28%
2006-12-12,465.00,474.50,477.25,465.00,0.49K,-2.11%
2006-12-13,472.50,465.00,473.00,464.00,0.07K,1.61%
2006-12-14,477.00,472.50,479.50,472.00,0.05K,0.95%
2006-12-15,494.25,491.75,495.00,486.00,18.95K,3.62%
2006-12-18,487.50,494.50,494.75,481.50,23.73K,-1.37%
2006-12-19,492.00,487.50,494.50,482.25,22.46K,0.92%
2006-12-20,493.75,492.75,495.00,486.00,19.05K,0.36%
2006-12-21,503.25,494.00,504.50,493.00,32.29K,1.92%
2006-12-22,514.00,504.25,515.00,502.25,27.48K,2.14%
2006-12-26,516.75,516.00,521.50,513.00,19.57K,0.54%
2006-12-27,507.00,515.75,518.00,506.00,18.02K,-1.89%
2006-12-28,504.25,507.50,512.00,502.50,18.16K,-0.54%
2006-12-29,501.00,504.00,506.75,494.50,23.92K,-0.64%
2007-01-01,467.50,498.00,499.25,447.50,792.20K,-6.69%
2007-01-02,501.00,498.00,499.25,490.25,1.86K,7.17%
2007-01-03,476.50,493.00,493.75,476.00,56.49K,-4.89%
2007-01-04,467.50,478.00,480.00,464.50,43.40K,-1.89%
2007-01-05,470.25,469.00,471.00,462.00,32.30K,0.59%
2007-01-08,464.00,470.00,471.25,455.50,36.27K,-1.33%
2007-01-09,453.00,461.00,464.00,452.00,40.68K,-2.37%
2007-01-10,449.50,453.00,457.50,447.50,51.17K,-0.77%
2007-01-11,456.50,450.50,464.50,450.50,43.31K,1.56%
2007-01-12,479.50,458.75,486.50,457.25,50.71K,5.04%
2007-01-16,464.00,480.00,484.50,463.00,56.83K,-3.23%
2007-01-17,477.00,463.75,480.00,462.50,39.39K,2.80%
2007-01-18,471.00,477.00,485.00,466.75,37.87K,-1.26%
2007-01-19,467.00,471.00,473.00,464.50,27.00K,-0.85%
2007-01-22,465.00,466.00,470.50,463.50,28.89K,-0.43%
2007-01-23,480.25,466.00,481.00,465.50,36.61K,3.28%
2007-01-24,466.00,481.50,482.50,463.50,45.55K,-2.97%
2007-01-25,468.75,468.25,472.50,461.00,31.86K,0.59%
2007-01-26,463.50,468.75,470.50,462.00,21.48K,-1.12%
2007-01-29,456.50,465.00,466.25,455.50,24.71K,-1.51%
2007-01-30,459.50,457.50,461.25,453.50,28.24K,0.66%
2007-01-31,467.50,460.50,470.00,459.50,57.57K,1.74%
2007-02-01,460.25,467.50,472.00,459.50,32.57K,-1.55%
2007-02-02,461.25,459.50,464.50,455.75,19.95K,0.22%
2007-02-05,458.50,462.75,466.00,458.00,19.79K,-0.60%
2007-02-06,451.00,458.50,460.50,450.00,35.61K,-1.64%
2007-02-07,452.00,452.50,455.50,449.00,62.11K,0.22%
2007-02-08,457.00,452.75,460.00,451.50,47.62K,1.11%
2007-02-09,460.25,459.00,470.50,457.00,54.19K,0.71%
2007-02-12,455.75,462.50,464.00,454.00,43.11K,-0.98%
2007-02-13,459.00,456.00,461.25,455.00,43.13K,0.71%
2007-02-14,451.00,461.00,461.25,448.00,33.67K,-1.74%
2007-02-15,453.25,452.00,456.00,447.75,22.01K,0.50%
2007-02-16,468.00,453.50,470.50,451.50,31.94K,3.25%
2007-02-20,464.50,468.25,469.50,462.75,14.67K,-0.75%
2007-02-21,476.00,465.50,479.25,462.75,25.39K,2.48%
2007-02-22,489.50,477.00,490.50,476.00,19.47K,2.84%
2007-02-23,484.25,490.00,490.00,483.75,13.15K,-1.07%
2007-02-26,483.00,484.75,494.00,482.00,18.18K,-0.26%
2007-02-27,470.25,482.00,482.75,454.75,19.65K,-2.64%
2007-02-28,474.50,469.75,475.00,465.00,11.61K,0.90%
2007-03-01,468.00,474.25,474.25,455.50,9.85K,-1.37%
2007-03-02,459.50,462.00,469.00,459.00,5.18K,-1.82%
2007-03-05,468.00,460.75,468.00,453.50,3.19K,1.85%
2007-03-06,459.50,468.50,468.50,459.50,2.18K,-1.82%
2007-03-07,466.50,461.75,466.50,461.75,1.41K,1.52%
2007-03-08,464.00,465.50,470.00,463.00,0.29K,-0.54%
2007-03-09,465.50,463.75,470.50,463.75,0.06K,0.32%
2007-03-12,460.00,465.50,465.75,459.50,0.14K,-1.18%
2007-03-13,456.00,461.50,462.50,455.75,0.20K,-0.87%
2007-03-14,446.00,455.00,455.25,446.00,0.06K,-2.19%
2007-03-15,455.50,463.75,468.00,455.00,36.28K,2.13%
2007-03-16,460.75,455.00,466.50,452.00,32.81K,1.15%
2007-03-19,455.00,462.50,465.00,452.00,35.54K,-1.25%
2007-03-20,462.75,456.00,464.00,453.50,27.51K,1.70%
2007-03-21,465.50,465.00,469.75,460.00,25.28K,0.59%
2007-03-22,467.00,466.00,469.50,460.50,19.09K,0.32%
2007-03-23,461.50,468.00,468.75,460.75,18.37K,-1.18%
2007-03-26,458.00,462.00,466.00,451.25,21.82K,-0.76%
2007-03-27,454.00,458.00,459.75,451.25,26.12K,-0.87%
2007-03-28,456.50,455.50,459.00,452.00,21.03K,0.55%
2007-03-29,461.00,457.50,469.00,455.00,27.55K,0.99%
2007-03-30,438.00,461.25,466.00,431.00,64.97K,-4.99%
2007-04-01,485.50,433.75,519.75,412.00,671.76K,10.84%
2007-04-02,428.00,433.75,438.00,412.00,75.07K,-11.84%
2007-04-03,419.00,428.00,431.75,418.00,41.43K,-2.10%
2007-04-04,431.25,420.50,437.25,420.50,39.16K,2.92%
2007-04-05,445.00,433.50,450.00,432.00,24.73K,3.19%
2007-04-09,447.50,455.00,475.00,441.75,69.70K,0.56%
2007-04-10,457.75,448.25,464.00,448.00,54.03K,2.29%
2007-04-11,456.25,459.50,464.25,455.50,61.76K,-0.33%
2007-04-12,458.00,455.50,463.00,448.75,55.16K,0.38%
2007-04-13,478.50,461.75,485.50,459.75,73.27K,4.48%
2007-04-16,475.25,475.75,480.00,471.50,23.84K,-0.68%
2007-04-17,477.50,482.25,489.75,474.50,28.57K,0.47%
2007-04-18,474.50,475.00,485.00,474.00,15.37K,-0.63%
2007-04-19,496.00,476.00,497.00,474.75,21.34K,4.53%
2007-04-20,502.00,496.00,514.00,490.25,19.68K,1.21%
2007-04-23,494.00,503.00,504.00,490.25,16.49K,-1.59%
2007-04-24,483.50,492.25,492.25,479.50,9.64K,-2.13%
2007-04-25,506.25,485.50,513.50,485.50,8.46K,4.71%
2007-04-26,507.00,509.00,519.75,503.50,10.41K,0.15%
2007-04-27,500.50,504.75,506.25,492.50,16.39K,-1.28%
2007-04-30,485.50,486.00,498.50,482.00,7.27K,-3.00%
2007-05-01,488.50,480.50,489.00,468.50,4.49K,0.62%
2007-05-02,479.50,483.00,484.50,477.25,2.86K,-1.84%
2007-05-03,481.00,479.00,485.00,477.25,2.40K,0.31%
2007-05-04,482.00,476.00,482.00,476.00,0.72K,0.21%
2007-05-07,482.00,482.25,484.50,474.00,0.36K,0.00%
2007-05-08,469.00,478.00,478.00,468.00,0.32K,-2.70%
2007-05-09,471.00,473.25,473.25,471.00,0.16K,0.43%
2007-05-10,473.00,470.25,474.00,469.75,0.09K,0.42%
2007-05-11,483.00,469.75,486.00,469.75,0.07K,2.11%
2007-05-14,489.00,493.00,493.00,484.50,0.07K,1.24%
2007-05-15,502.00,494.25,507.50,488.25,34.08K,2.66%
2007-05-16,496.75,502.75,504.25,495.00,24.06K,-1.05%
2007-05-17,485.50,496.75,498.75,483.25,30.86K,-2.26%
2007-05-18,471.25,489.00,490.25,470.50,37.75K,-2.94%
2007-05-21,479.50,471.25,481.00,468.50,30.02K,1.75%
2007-05-22,471.00,478.00,478.25,468.00,28.97K,-1.77%
2007-05-23,476.50,471.25,479.00,471.00,19.30K,1.17%
2007-05-24,491.00,476.75,493.50,475.75,37.62K,3.04%
2007-05-25,501.00,492.00,502.50,489.25,29.88K,2.04%
2007-05-29,491.00,499.25,502.50,488.50,35.32K,-2.00%
2007-05-30,510.75,492.25,512.75,490.50,46.72K,4.02%
2007-05-31,517.00,511.00,524.00,507.75,61.34K,1.22%
2007-06-01,520.75,517.50,530.50,515.25,61.65K,0.73%
2007-06-04,520.25,520.00,531.00,518.50,43.91K,-0.10%
2007-06-05,527.25,521.50,536.00,520.25,62.32K,1.35%
2007-06-06,519.75,527.75,531.50,515.50,40.89K,-1.42%
2007-06-07,524.50,519.00,528.75,514.50,59.70K,0.91%
2007-06-08,527.50,524.25,530.75,516.00,59.89K,0.57%
2007-06-11,556.00,535.25,557.50,533.50,69.61K,5.40%
2007-06-12,565.00,554.75,576.00,552.75,86.36K,1.62%
2007-06-13,589.50,565.50,595.00,560.50,79.00K,4.34%
2007-06-14,606.50,590.75,619.25,589.25,89.35K,2.88%
2007-06-15,606.50,605.25,612.75,603.00,44.63K,0.00%
2007-06-18,601.00,608.00,611.50,595.75,35.16K,-0.91%
2007-06-19,581.00,605.00,605.00,578.25,43.90K,-3.33%
2007-06-20,605.00,582.00,611.00,582.00,37.13K,4.13%
2007-06-21,606.00,606.25,618.00,592.25,23.48K,0.17%
2007-06-22,592.25,603.75,607.75,586.00,19.37K,-2.27%
2007-06-25,589.50,592.75,596.00,584.50,24.60K,-0.46%
2007-06-26,608.50,589.25,618.50,585.00,21.23K,3.22%
2007-06-27,606.00,609.25,625.00,597.00,20.36K,-0.41%
2007-06-28,609.00,607.50,616.00,602.75,20.27K,0.50%
2007-06-29,582.00,609.00,633.75,580.50,9.52K,-4.43%
2007-07-01,630.00,583.25,664.00,562.50,563.75K,8.25%
2007-07-02,569.50,583.25,594.25,564.00,3.94K,-9.60%
2007-07-03,571.50,570.00,575.00,562.50,2.04K,0.35%
2007-07-05,591.00,580.00,594.00,579.50,2.40K,3.41%
2007-07-06,600.50,592.00,601.00,589.00,0.70K,1.61%
2007-07-09,588.50,601.75,601.75,588.00,1.05K,-2.00%
2007-07-10,592.00,591.25,601.00,591.00,0.58K,0.59%
2007-07-11,611.00,595.25,614.00,595.25,0.73K,3.21%
2007-07-12,611.50,617.50,617.50,602.75,0.58K,0.08%
2007-07-13,614.00,611.50,616.00,608.00,0.11K,0.41%
2007-07-16,601.75,611.75,614.50,599.50,37.49K,-2.00%
2007-07-17,601.25,602.25,619.00,600.50,56.11K,-0.08%
2007-07-18,623.50,603.00,627.50,599.25,43.10K,3.70%
2007-07-19,620.00,624.25,638.50,616.00,58.03K,-0.56%
2007-07-20,616.25,619.75,630.25,613.25,32.31K,-0.60%
2007-07-23,620.25,616.25,622.50,611.00,38.70K,0.65%
2007-07-24,642.00,622.75,648.00,622.00,44.74K,3.51%
2007-07-25,634.00,640.50,643.25,630.25,33.35K,-1.25%
2007-07-26,651.00,635.00,664.00,634.00,83.37K,2.68%
2007-07-27,653.25,651.00,656.50,643.50,40.14K,0.35%
2007-07-30,637.50,654.50,655.25,632.00,37.81K,-2.41%
2007-07-31,630.00,639.00,640.50,626.00,46.46K,-1.18%
2007-08-01,636.00,630.25,637.25,620.00,50.50K,0.95%
2007-08-02,641.75,638.00,651.75,638.00,41.87K,0.90%
2007-08-03,650.00,643.50,652.00,643.50,24.72K,1.29%
2007-08-06,664.00,647.00,665.75,641.25,56.11K,2.15%
2007-08-07,662.50,664.50,670.75,658.00,60.60K,-0.23%
2007-08-08,679.00,661.50,682.00,661.00,52.94K,2.49%
2007-08-09,673.50,678.50,696.50,670.00,69.66K,-0.81%
2007-08-10,667.00,672.00,680.50,661.50,60.20K,-0.97%
2007-08-13,666.50,673.00,677.00,660.00,52.48K,-0.07%
2007-08-14,692.50,669.25,693.50,667.25,41.57K,3.90%
2007-08-15,678.50,692.00,702.75,677.00,35.69K,-2.02%
2007-08-16,673.00,678.50,682.75,654.75,29.61K,-0.81%
2007-08-17,672.00,674.25,678.00,660.50,16.43K,-0.15%
2007-08-20,675.00,670.00,676.50,663.50,11.26K,0.45%
2007-08-21,691.50,675.00,693.25,675.00,13.57K,2.44%
2007-08-22,718.50,691.00,720.00,686.25,24.40K,3.90%
2007-08-23,722.50,716.50,741.00,708.50,22.97K,0.56%
2007-08-24,725.75,723.50,732.00,718.50,15.69K,0.45%
2007-08-27,722.25,725.75,729.50,718.75,20.46K,-0.48%
2007-08-28,720.50,722.00,737.75,718.00,23.15K,-0.24%
2007-08-29,742.00,720.75,744.00,714.00,19.65K,2.98%
2007-08-30,770.00,742.00,774.00,741.75,18.30K,3.77%
2007-08-31,767.00,768.50,795.00,761.25,6.61K,-0.39%
2007-09-01,939.00,784.00,961.75,783.25,508.66K,22.43%
2007-09-04,807.00,784.00,811.25,783.25,7.46K,-14.06%
2007-09-05,842.50,808.25,886.00,808.25,7.39K,4.40%
2007-09-06,816.00,843.50,844.00,808.00,2.26K,-3.15%
2007-09-07,840.00,818.50,840.00,808.75,2.41K,2.94%
2007-09-10,849.00,837.00,863.75,837.00,0.80K,1.07%
2007-09-11,871.00,850.00,871.00,843.00,0.58K,2.59%
2007-09-12,840.00,881.50,887.75,838.00,0.82K,-3.56%
2007-09-13,825.50,845.25,845.25,815.00,0.25K,-1.73%
2007-09-14,838.00,815.00,841.00,815.00,0.09K,1.51%
2007-09-17,875.00,854.50,876.00,853.75,44.77K,4.42%
2007-09-18,869.00,876.50,898.00,865.00,48.12K,-0.69%
2007-09-19,845.00,870.75,875.75,839.00,46.58K,-2.76%
2007-09-20,850.00,845.50,863.00,839.00,48.64K,0.59%
2007-09-21,874.00,850.25,880.00,850.25,43.79K,2.82%
2007-09-24,877.75,876.00,896.25,870.00,39.01K,0.43%
2007-09-25,887.25,879.50,905.00,872.75,48.31K,1.08%
2007-09-26,917.25,887.25,917.25,885.00,53.50K,3.38%
2007-09-27,933.00,929.25,946.75,925.50,53.82K,1.72%
2007-09-28,939.00,933.00,961.75,921.75,60.08K,0.64%
2007-10-01,952.50,953.25,958.50,941.75,43.91K,1.44%
2007-10-02,922.50,955.00,959.00,922.50,36.20K,-3.15%
2007-10-03,927.00,913.50,944.00,892.50,70.64K,0.49%
2007-10-04,906.00,939.00,948.00,904.00,58.74K,-2.27%
2007-10-05,890.00,907.25,912.25,888.00,47.67K,-1.77%
2007-10-08,860.00,886.50,889.00,860.00,24.05K,-3.37%
2007-10-09,845.50,845.75,876.25,835.00,66.74K,-1.69%
2007-10-10,853.00,845.00,858.50,841.00,47.67K,0.89%
2007-10-11,883.00,853.00,883.00,852.00,37.69K,3.52%
2007-10-12,857.50,886.00,890.00,853.00,49.60K,-2.89%
2007-10-15,833.50,856.00,863.00,827.50,48.84K,-2.80%
2007-10-16,828.50,832.00,836.00,810.00,50.44K,-0.60%
2007-10-17,820.50,830.75,837.50,818.00,41.38K,-0.97%
2007-10-18,825.50,824.00,832.00,818.50,34.10K,0.61%
2007-10-19,855.50,827.00,855.50,824.25,44.32K,3.63%
2007-10-22,871.00,855.25,874.25,837.25,43.25K,1.81%
2007-10-23,841.00,873.25,878.00,841.00,48.71K,-3.44%
2007-10-24,811.00,838.00,840.50,811.00,37.12K,-3.57%
2007-10-25,802.00,804.25,814.75,790.25,47.84K,-1.11%
2007-10-26,800.00,799.75,810.00,795.00,33.98K,-0.25%
2007-10-29,828.50,800.00,830.00,798.50,42.26K,3.56%
2007-10-30,814.00,828.50,829.00,808.75,51.88K,-1.75%
2007-10-31,808.00,812.75,824.00,804.00,44.54K,-0.74%
2007-11-01,778.25,811.00,825.00,778.00,68.14K,-3.68%
2007-11-02,778.50,778.50,786.50,774.00,49.31K,0.03%
2007-11-05,785.00,778.00,792.50,770.50,41.25K,0.83%
2007-11-06,797.00,787.25,804.00,786.25,40.43K,1.53%
2007-11-07,787.75,799.00,811.00,786.00,60.54K,-1.16%
2007-11-08,762.00,787.25,791.50,760.00,59.49K,-3.27%
2007-11-09,762.00,762.50,765.50,744.75,66.75K,0.00%
2007-11-12,761.00,762.50,770.50,748.50,57.42K,-0.13%
2007-11-13,748.00,761.00,765.00,745.50,58.28K,-1.71%
2007-11-14,752.50,748.00,759.25,740.75,40.12K,0.60%
2007-11-15,765.50,754.00,773.25,753.75,53.22K,1.73%
2007-11-16,749.50,767.75,770.00,745.50,44.41K,-2.09%
2007-11-19,756.25,750.75,764.00,750.25,28.50K,0.90%
2007-11-20,773.50,757.50,774.75,749.00,41.30K,2.28%
2007-11-21,803.50,773.75,803.50,772.00,31.31K,3.88%
2007-11-23,826.50,810.75,833.50,805.50,14.78K,2.86%
2007-11-26,814.00,825.50,841.00,811.50,17.19K,-1.51%
2007-11-27,829.00,830.50,831.00,806.25,18.50K,1.84%
2007-11-28,859.00,831.00,859.00,822.00,12.34K,3.62%
2007-11-29,869.00,869.00,892.00,859.00,19.84K,1.16%
2007-11-30,867.00,864.00,888.75,845.75,12.25K,-0.23%
2007-12-01,885.00,865.75,"1,009.50",845.25,359.25K,2.08%
2007-12-03,855.00,865.75,866.50,845.25,5.97K,-3.39%
2007-12-04,875.00,857.75,875.00,855.75,4.95K,2.34%
2007-12-05,863.75,876.00,876.00,850.25,5.35K,-1.29%
2007-12-06,871.00,855.00,876.00,855.00,4.76K,0.84%
2007-12-07,903.50,872.75,904.00,871.50,4.28K,3.73%
2007-12-10,909.00,916.25,927.00,903.50,1.62K,0.61%
2007-12-11,894.00,910.75,911.00,890.00,1.23K,-1.65%
2007-12-12,934.00,885.50,934.00,885.50,0.61K,4.47%
2007-12-13,934.00,934.00,950.50,910.00,0.48K,0.00%
2007-12-14,939.00,937.00,948.50,926.25,,0.54%
2007-12-17,966.00,984.00,"1,009.50",965.00,72.98K,2.88%
2007-12-18,952.00,969.25,977.00,945.50,43.21K,-1.45%
2007-12-19,973.50,954.50,979.00,947.00,30.85K,2.26%
2007-12-20,954.00,977.00,983.00,950.00,35.85K,-2.00%
2007-12-21,949.00,954.75,960.00,938.25,25.43K,-0.52%
2007-12-24,935.25,944.00,947.00,928.00,18.55K,-1.45%
2007-12-26,941.25,939.00,952.50,934.00,17.26K,0.64%
2007-12-27,915.00,940.75,946.00,912.50,26.09K,-2.79%
2007-12-28,885.00,914.00,920.25,885.00,35.24K,-3.28%
2007-12-31,885.00,883.00,900.00,877.25,24.56K,0.00%
2008-01-01,929.50,892.50,993.00,878.50,875.32K,5.03%
2008-01-02,915.00,892.50,915.00,888.25,23.85K,-1.56%
2008-01-03,945.00,920.00,945.00,919.00,39.19K,3.28%
2008-01-04,931.50,947.00,958.00,916.25,49.60K,-1.43%
2008-01-07,903.00,926.75,934.00,901.50,42.07K,-3.06%
2008-01-08,907.50,903.75,930.00,895.50,58.19K,0.50%
2008-01-09,889.50,912.25,916.50,888.00,50.87K,-1.98%
2008-01-10,882.50,887.00,907.00,878.50,61.56K,-0.79%
2008-01-11,909.25,890.00,912.50,885.00,10.21K,3.03%
2008-01-14,917.00,912.50,939.25,902.75,6.34K,0.85%
2008-01-15,932.00,914.00,944.00,901.00,4.60K,1.64%
2008-01-16,926.50,927.50,934.00,902.00,5.13K,-0.59%
2008-01-17,940.50,928.50,956.50,927.25,3.86K,1.51%
2008-01-18,962.50,940.25,967.50,923.50,49.16K,2.34%
2008-01-22,934.00,949.75,986.50,932.50,79.15K,-2.96%
2008-01-23,905.00,935.00,951.75,904.00,61.82K,-3.10%
2008-01-24,909.00,914.75,929.50,902.00,54.23K,0.44%
2008-01-25,933.00,912.00,938.50,903.25,51.95K,2.64%
2008-01-28,963.00,939.75,963.00,933.00,46.58K,3.22%
2008-01-29,944.00,974.50,993.00,939.25,75.11K,-1.97%
2008-01-30,922.50,948.25,950.50,920.00,48.75K,-2.28%
2008-01-31,929.50,923.00,942.25,909.00,53.10K,0.76%
2008-02-01,943.00,934.00,957.25,933.00,73.96K,1.45%
2008-02-04,973.00,948.50,973.00,948.00,42.20K,3.18%
2008-02-05,"1,003.00",977.75,"1,003.00",972.25,54.64K,3.08%
2008-02-06,"1,033.00","1,017.50","1,033.00","1,016.00",52.44K,2.99%
2008-02-07,"1,063.00","1,060.00","1,063.00","1,034.00",74.03K,2.90%
2008-02-08,"1,093.00","1,079.00","1,093.00","1,079.00",39.68K,2.82%
2008-02-11,"1,048.00","1,153.00","1,153.00","1,040.00",140.00K,-4.12%
2008-02-12,"1,007.00","1,048.00","1,064.25",989.00,80.69K,-3.91%
2008-02-13,991.50,"1,005.25","1,014.75",980.00,78.21K,-1.54%
2008-02-14,"1,032.00","1,009.50","1,045.00","1,002.75",95.46K,4.08%
2008-02-15,"1,027.50","1,039.25","1,050.50","1,011.00",37.21K,-0.44%
2008-02-19,"1,036.00","1,026.75","1,060.25","1,018.00",47.21K,0.83%
2008-02-20,"1,020.00","1,042.00","1,042.00","1,008.25",45.92K,-1.54%
2008-02-21,"1,029.50","1,020.75","1,032.50","1,007.75",28.93K,0.93%
2008-02-22,"1,049.50","1,034.25","1,052.00","1,015.00",25.00K,1.94%
2008-02-25,"1,109.50","1,051.00","1,109.50","1,051.00",15.83K,5.72%
2008-02-26,"1,199.50","1,199.50","1,199.50","1,106.50",23.52K,8.11%
2008-02-27,"1,280.00","1,248.00","1,334.50","1,065.25",25.21K,6.71%
2008-02-28,"1,169.00","1,229.00","1,260.75","1,160.00",12.49K,-8.67%
2008-02-29,"1,073.00","1,155.00","1,167.00","1,071.00",9.88K,-8.21%
2008-03-01,929.00,"1,078.00","1,298.00",929.00,714.98K,-13.42%
2008-03-03,"1,093.00","1,078.00","1,247.00","1,078.00",6.79K,17.65%
2008-03-04,"1,077.50","1,088.25","1,116.25","1,044.25",2.85K,-1.42%
2008-03-05,"1,096.00","1,073.25","1,126.75","1,073.25",2.15K,1.72%
2008-03-06,"1,114.00","1,119.00","1,124.75","1,086.50",1.08K,1.64%
2008-03-07,"1,092.50","1,106.25","1,110.25","1,084.75",1.82K,-1.93%
2008-03-10,"1,140.00","1,079.50","1,140.00","1,074.00",0.24K,4.35%
2008-03-11,"1,240.00","1,146.00","1,298.00","1,146.00",1.35K,8.77%
2008-03-12,"1,270.00","1,200.00","1,293.00","1,191.00",0.55K,2.42%
2008-03-13,"1,234.00","1,252.75","1,290.75","1,245.00",0.62K,-2.83%
2008-03-14,"1,160.00","1,218.00","1,240.00","1,160.00",,-6.00%
2008-03-17,"1,131.50","1,184.25","1,222.00","1,131.50",63.18K,-2.46%
2008-03-18,"1,164.00","1,130.00","1,170.00","1,119.75",54.33K,2.87%
2008-03-19,"1,074.00","1,164.50","1,170.00","1,074.00",63.85K,-7.73%
2008-03-20,987.50,"1,077.75","1,094.00",976.00,126.51K,-8.05%
2008-03-24,"1,020.00",987.50,"1,062.25",987.50,67.17K,3.29%
2008-03-25,"1,067.50","1,026.75","1,118.75","1,015.00",79.93K,4.66%
2008-03-26,"1,033.00","1,084.00","1,091.25","1,030.00",72.86K,-3.23%
2008-03-27,"1,014.00","1,039.00","1,052.00","1,000.00",55.02K,-1.84%
2008-03-28,989.00,"1,012.50","1,022.00",967.75,57.61K,-2.47%
2008-03-31,929.00,998.00,"1,015.00",929.00,57.06K,-6.07%
2008-04-01,895.00,929.00,932.75,890.00,103.44K,-3.66%
2008-04-02,936.50,900.25,940.00,898.00,39.52K,4.64%
2008-04-03,937.00,941.00,955.00,928.25,25.46K,0.05%
2008-04-04,974.25,940.25,985.50,929.00,36.03K,3.98%
2008-04-07,921.25,974.25,980.50,914.25,44.21K,-5.44%
2008-04-08,934.00,923.50,944.25,910.00,39.31K,1.38%
2008-04-09,934.00,939.00,961.00,895.00,61.25K,0.00%
2008-04-10,923.00,937.75,952.00,918.75,37.29K,-1.18%
2008-04-11,896.50,925.00,935.50,885.00,53.90K,-2.87%
2008-04-14,896.00,898.00,915.00,878.00,30.66K,-0.06%
2008-04-15,895.75,897.00,927.75,893.50,26.74K,-0.03%
2008-04-16,924.50,896.25,925.50,892.50,14.91K,3.21%
2008-04-17,913.00,924.00,945.25,900.00,10.83K,-1.24%
2008-04-18,870.00,913.25,918.75,862.00,12.72K,-4.71%
2008-04-21,845.75,872.50,872.50,827.25,16.41K,-2.79%
2008-04-22,851.75,850.00,860.75,831.00,8.59K,0.71%
2008-04-23,817.75,852.25,853.00,808.50,10.06K,-3.99%
2008-04-24,809.25,839.00,839.00,801.50,8.21K,-1.04%
2008-04-25,800.50,810.00,822.00,799.00,10.39K,-1.08%
2008-04-28,826.00,805.50,827.00,800.00,9.18K,3.19%
2008-04-29,794.00,825.00,830.75,787.25,10.41K,-3.87%
2008-04-30,787.25,829.50,829.50,784.25,9.54K,-0.85%
2008-05-01,776.50,792.25,794.75,764.50,3.03K,-1.37%
2008-05-02,796.00,778.50,798.25,778.50,1.20K,2.51%
2008-05-05,792.50,804.25,819.50,786.00,2.72K,-0.44%
2008-05-06,806.00,797.25,824.25,788.50,0.82K,1.70%
2008-05-07,795.00,792.25,810.25,792.25,0.54K,-1.36%
2008-05-08,809.00,810.25,825.00,793.00,0.39K,1.76%
2008-05-09,791.50,787.75,793.00,780.00,0.31K,-2.16%
2008-05-12,793.50,789.75,796.00,787.75,0.11K,0.25%
2008-05-13,785.50,790.00,795.50,784.00,0.22K,-1.01%
2008-05-14,761.00,0.00,0.00,0.00,0.29K,-3.12%
2008-05-15,771.50,764.75,776.00,748.25,43.63K,1.38%
2008-05-16,775.50,770.50,784.00,765.75,22.35K,0.52%
2008-05-19,791.00,776.50,807.25,771.25,41.16K,2.00%
2008-05-20,784.00,796.00,809.50,782.00,0.02K,-0.88%
2008-05-21,778.00,782.00,794.50,775.00,36.15K,-0.77%
2008-05-22,745.00,778.00,788.00,742.00,60.07K,-4.24%
2008-05-23,752.50,746.75,759.50,740.00,32.76K,1.01%
2008-05-27,759.00,754.25,768.00,752.00,23.73K,0.86%
2008-05-28,759.00,756.75,766.50,743.00,30.30K,0.00%
2008-05-29,743.50,759.75,762.50,730.75,40.04K,-2.04%
2008-05-30,761.50,743.50,765.00,739.75,42.56K,2.42%
2008-06-01,843.50,759.50,952.75,745.75,1.08M,10.77%
2008-06-02,782.50,759.50,798.25,759.50,60.73K,-7.23%
2008-06-03,750.50,780.00,782.50,745.75,65.90K,-4.09%
2008-06-04,753.00,752.00,765.00,747.00,54.90K,0.33%
2008-06-05,785.50,755.50,787.00,753.50,45.43K,4.32%
2008-06-06,811.00,785.00,829.75,783.25,68.86K,3.25%
2008-06-09,788.50,822.00,838.00,786.50,67.88K,-2.77%
2008-06-10,809.00,794.00,812.50,786.50,70.60K,2.60%
2008-06-11,869.00,810.25,869.00,804.50,48.02K,7.42%
2008-06-12,851.00,883.00,883.00,837.00,94.24K,-2.07%
2008-06-13,882.00,851.00,893.00,838.00,66.90K,3.64%
2008-06-16,876.50,883.00,913.75,874.25,52.27K,-0.62%
2008-06-17,898.25,873.50,902.00,869.00,42.90K,2.48%
2008-06-18,904.00,898.00,913.50,885.00,42.21K,0.64%
2008-06-19,881.00,904.00,910.00,875.00,42.82K,-2.54%
2008-06-20,866.50,881.00,893.75,863.25,42.94K,-1.65%
2008-06-23,866.25,861.50,873.50,842.25,42.54K,-0.03%
2008-06-24,870.00,866.00,883.25,859.75,37.02K,0.43%
2008-06-25,901.75,869.25,912.00,866.50,47.86K,3.65%
2008-06-26,924.00,898.50,952.75,898.50,40.44K,2.47%
2008-06-27,895.50,924.00,940.00,890.00,37.10K,-3.08%
2008-06-30,843.50,886.50,903.25,839.00,12.43K,-5.81%
2008-07-01,849.75,843.00,860.25,839.00,9.98K,0.74%
2008-07-02,865.25,849.75,868.50,840.00,6.03K,1.82%
2008-07-03,872.75,868.50,877.50,855.25,7.22K,0.87%
2008-07-07,822.00,865.00,865.00,813.25,2.49K,-5.81%
2008-07-08,823.25,822.50,832.00,801.00,2.79K,0.15%
2008-07-09,814.00,829.00,829.00,811.00,1.22K,-1.12%
2008-07-10,806.50,818.75,818.75,803.25,0.87K,-0.92%
2008-07-11,819.00,809.50,832.25,801.00,0.60K,1.55%
2008-07-14,810.00,812.25,814.00,804.00,0.52K,-1.10%
2008-07-15,811.00,818.00,828.50,805.00,31.70K,0.12%
2008-07-16,834.00,809.50,839.00,796.50,42.15K,2.84%
2008-07-17,809.50,833.00,842.00,807.00,44.06K,-2.94%
2008-07-18,804.00,808.25,822.00,798.25,37.06K,-0.68%
2008-07-21,791.00,797.75,803.00,786.25,30.73K,-1.62%
2008-07-22,796.75,792.25,802.50,787.00,33.85K,0.73%
2008-07-23,783.25,796.75,801.00,775.00,36.08K,-1.69%
2008-07-24,787.75,781.00,795.00,777.50,27.38K,0.57%
2008-07-25,811.00,790.00,822.75,781.75,33.80K,2.95%
2008-07-28,797.75,814.25,832.00,795.00,34.24K,-1.63%
2008-07-29,792.00,798.50,801.25,777.75,33.14K,-0.72%
2008-07-30,787.75,794.50,799.00,782.25,26.32K,-0.54%
2008-07-31,783.75,788.50,798.50,782.00,34.64K,-0.51%
2008-08-01,794.00,784.50,810.25,782.00,50.82K,1.31%
2008-08-04,758.75,794.00,798.25,752.00,52.23K,-4.44%
2008-08-05,780.00,758.00,806.75,746.00,72.32K,2.80%
2008-08-06,765.75,780.00,790.00,751.00,47.46K,-1.83%
2008-08-07,822.25,765.50,825.75,764.75,69.56K,7.38%
2008-08-08,765.25,823.00,823.50,762.50,64.07K,-6.93%
2008-08-11,793.75,763.00,814.00,761.75,66.08K,3.72%
2008-08-12,790.25,795.50,800.00,776.25,50.63K,-0.44%
2008-08-13,850.25,790.00,850.25,790.00,57.71K,7.59%
2008-08-14,864.50,851.00,888.00,834.75,74.92K,1.68%
2008-08-15,824.25,862.50,863.75,815.50,42.93K,-4.66%
2008-08-18,859.75,823.00,875.00,823.00,30.32K,4.31%
2008-08-19,845.25,858.50,873.25,841.00,24.07K,-1.69%
2008-08-20,874.75,843.00,877.75,842.50,18.44K,3.49%
2008-08-21,897.25,873.75,932.25,870.00,21.93K,2.57%
2008-08-22,865.50,893.00,894.75,863.00,13.44K,-3.54%
2008-08-25,840.25,875.00,885.00,839.00,16.85K,-2.92%
2008-08-26,830.50,840.00,844.75,810.50,22.77K,-1.16%
2008-08-27,802.75,831.25,839.50,797.25,22.64K,-3.34%
2008-08-28,789.00,804.25,807.75,779.25,25.40K,-1.71%
2008-08-29,779.25,789.00,791.50,778.00,19.88K,-1.24%
2008-09-01,680.00,770.00,770.00,662.50,531.82K,-12.74%
2008-09-02,744.25,770.00,770.00,734.25,8.86K,9.45%
2008-09-03,752.25,744.00,757.25,739.75,6.63K,1.07%
2008-09-04,755.25,758.75,763.75,751.25,4.73K,0.40%
2008-09-05,729.75,744.50,744.50,721.75,2.98K,-3.38%
2008-09-08,722.75,738.00,740.75,720.50,2.12K,-0.96%
2008-09-09,711.50,720.75,721.00,700.00,1.51K,-1.56%
2008-09-10,706.75,701.00,711.00,698.00,0.44K,-0.67%
2008-09-11,707.25,699.50,714.75,699.50,0.44K,0.07%
2008-09-12,703.75,715.75,725.00,699.00,,-0.49%
2008-09-15,727.00,728.00,740.00,702.00,46.01K,3.30%
2008-09-16,690.00,725.00,732.00,686.00,58.15K,-5.09%
2008-09-17,725.75,693.25,730.00,686.00,59.17K,5.18%
2008-09-18,692.75,728.00,736.25,688.75,51.32K,-4.55%
2008-09-19,718.00,699.00,722.50,690.75,36.39K,3.64%
2008-09-22,737.75,721.75,757.75,715.00,44.32K,2.75%
2008-09-23,750.50,738.00,755.00,725.75,35.88K,1.73%
2008-09-24,730.25,750.25,760.00,723.25,36.28K,-2.70%
2008-09-25,736.25,731.00,741.00,720.00,29.26K,0.82%
2008-09-26,716.00,731.00,735.50,714.75,25.56K,-2.75%
2008-09-29,668.00,711.00,715.75,666.00,36.42K,-6.70%
2008-09-30,680.00,668.00,689.50,662.50,45.37K,1.80%
2008-10-01,669.75,683.25,690.25,666.00,31.60K,-1.51%
2008-10-02,636.00,669.75,677.75,630.00,37.37K,-5.04%
2008-10-03,640.25,636.75,654.25,631.25,28.24K,0.67%
2008-10-06,595.25,631.75,633.25,588.00,46.05K,-7.03%
2008-10-07,603.25,598.50,616.00,594.00,35.00K,1.34%
2008-10-08,608.00,604.25,619.50,586.25,29.56K,0.79%
2008-10-09,604.75,609.75,621.50,600.00,29.15K,-0.53%
2008-10-10,563.50,586.25,591.75,557.75,40.57K,-6.82%
2008-10-13,588.50,571.00,595.00,565.25,27.60K,4.44%
2008-10-14,573.00,597.00,609.50,570.00,28.67K,-2.63%
2008-10-15,555.75,573.25,579.75,554.00,37.00K,-3.01%
2008-10-16,555.25,554.75,561.50,543.00,37.72K,-0.09%
2008-10-17,566.25,564.75,571.25,555.00,27.55K,1.98%
2008-10-20,563.50,565.00,579.00,554.00,32.52K,-0.49%
2008-10-21,549.00,564.50,571.50,546.00,31.48K,-2.57%
2008-10-22,517.75,552.50,553.50,515.00,31.59K,-5.69%
2008-10-23,523.00,520.75,538.00,518.75,30.62K,1.01%
2008-10-24,516.25,534.00,539.50,496.50,36.31K,-1.29%
2008-10-27,529.50,525.50,532.00,502.50,29.85K,2.57%
2008-10-28,514.00,528.75,549.50,511.25,35.32K,-2.93%
2008-10-29,561.25,527.75,574.00,517.00,53.67K,9.19%
2008-10-30,538.00,560.50,578.50,530.50,44.78K,-4.14%
2008-10-31,536.25,540.00,545.00,524.00,44.91K,-0.33%
2008-11-01,542.50,538.75,587.75,496.00,827.28K,1.17%
2008-11-03,562.00,538.75,576.00,532.75,50.52K,3.59%
2008-11-04,572.50,552.75,587.75,547.50,38.27K,1.87%
2008-11-05,537.25,571.75,580.25,533.25,46.32K,-6.16%
2008-11-06,522.50,537.50,539.50,513.50,46.01K,-2.75%
2008-11-07,521.00,520.00,529.50,515.00,39.73K,-0.29%
2008-11-10,520.00,528.25,536.25,505.25,57.15K,-0.19%
2008-11-11,523.25,519.25,526.00,505.25,51.00K,0.63%
2008-11-12,533.00,522.00,555.00,507.00,71.63K,1.86%
2008-11-13,538.25,535.00,568.50,521.25,81.30K,0.98%
2008-11-14,554.25,550.00,559.75,529.00,51.83K,2.97%
2008-11-17,533.75,551.50,567.00,525.50,43.28K,-3.70%
2008-11-18,529.75,535.00,548.50,526.75,32.89K,-0.75%
2008-11-19,527.00,530.25,540.50,525.25,24.91K,-0.52%
2008-11-20,511.75,521.00,524.75,500.50,39.29K,-2.89%
2008-11-21,499.00,507.00,514.00,496.00,28.76K,-2.49%
2008-11-24,537.50,502.25,559.00,501.25,42.60K,7.72%
2008-11-25,534.00,537.75,542.50,528.50,28.22K,-0.65%
2008-11-26,535.50,537.25,546.50,525.50,31.94K,0.28%
2008-11-28,542.50,545.25,546.25,531.50,21.64K,1.31%
2008-12-01,509.75,541.75,543.00,503.50,19.31K,-6.04%
2008-12-02,509.75,508.00,519.75,504.50,14.58K,0.00%
2008-12-03,500.75,511.00,514.25,500.00,9.25K,-1.77%
2008-12-04,467.75,498.25,500.00,467.00,5.28K,-6.59%
2008-12-05,457.75,468.25,468.25,455.00,4.16K,-2.14%
2008-12-08,473.00,474.75,481.50,467.00,2.54K,3.33%
2008-12-09,472.25,475.25,478.50,472.00,2.37K,-0.16%
2008-12-10,492.50,471.75,492.50,471.75,0.92K,4.29%
2008-12-11,491.25,490.00,498.75,490.00,0.21K,-0.25%
2008-12-12,506.75,492.00,508.00,476.00,,3.16%
2008-12-15,520.00,516.50,535.00,516.00,24.90K,2.61%
2008-12-16,544.00,519.25,552.00,515.00,33.13K,4.62%
2008-12-17,557.50,552.75,561.00,540.50,37.43K,2.48%
2008-12-18,571.50,556.50,575.50,553.50,32.65K,2.51%
2008-12-19,563.25,570.00,570.00,558.00,19.37K,-1.44%
2008-12-22,569.00,565.50,570.20,557.50,13.27K,1.02%
2008-12-23,575.25,568.75,581.00,553.00,21.74K,1.10%
2008-12-24,582.25,575.25,585.25,572.50,8.87K,1.22%
2008-12-26,599.25,582.00,602.50,580.00,10.38K,2.92%
2008-12-29,592.00,599.25,616.00,588.25,22.16K,-1.21%
2008-12-30,604.75,590.25,607.00,584.75,20.38K,2.15%
2008-12-31,610.75,603.50,615.00,592.00,23.34K,0.99%
2009-01-02,611.00,606.25,615.00,592.00,23.82K,0.04%
2009-01-05,616.75,613.00,619.50,596.25,24.45K,0.94%
2009-01-06,643.50,615.00,645.00,611.50,43.52K,4.34%
2009-01-07,613.25,641.50,646.25,609.50,38.68K,-4.70%
2009-01-08,612.50,610.25,620.75,598.00,33.95K,-0.12%
2009-01-09,629.50,613.75,632.00,612.50,32.55K,2.78%
2009-01-12,569.75,629.75,637.50,569.50,40.15K,-9.49%
2009-01-13,570.75,567.00,590.00,561.00,35.21K,0.18%
2009-01-14,574.25,574.75,581.25,560.50,30.13K,0.61%
2009-01-15,568.75,573.00,577.00,562.75,25.27K,-0.96%
2009-01-16,578.25,568.25,585.00,568.00,25.14K,1.67%
2009-01-20,550.00,579.00,588.75,548.25,38.54K,-4.89%
2009-01-21,571.75,553.00,573.00,551.75,31.13K,3.95%
2009-01-22,566.75,572.00,580.50,558.00,21.36K,-0.87%
2009-01-23,582.75,566.50,598.75,557.00,56.31K,2.82%
2009-01-26,592.50,583.75,611.00,581.75,36.59K,1.67%
2009-01-27,584.75,594.00,601.00,580.00,25.89K,-1.31%
2009-01-28,595.25,584.25,600.75,580.50,25.39K,1.80%
2009-01-29,578.00,595.00,596.50,573.00,35.76K,-2.90%
2009-01-30,568.00,579.00,586.75,566.25,32.17K,-1.73%
2009-02-02,563.75,568.00,571.00,551.75,32.64K,-0.75%
2009-02-03,552.50,561.75,569.50,551.00,22.78K,-2.00%
2009-02-04,542.25,555.50,562.00,538.75,53.93K,-1.86%
2009-02-05,561.75,542.25,567.50,541.50,36.54K,3.60%
2009-02-06,557.00,562.00,570.50,554.00,47.78K,-0.85%
2009-02-09,565.00,560.25,577.00,556.25,43.44K,1.44%
2009-02-10,556.00,563.00,566.00,543.50,47.19K,-1.59%
2009-02-11,543.25,553.00,556.50,542.00,42.46K,-2.29%
2009-02-12,538.75,544.25,552.25,536.00,38.75K,-0.83%
2009-02-13,535.50,539.25,545.50,534.50,29.32K,-0.60%
2009-02-17,515.50,536.00,537.25,513.00,50.17K,-3.73%
2009-02-18,510.75,516.25,518.25,510.00,30.34K,-0.92%
2009-02-19,519.50,511.00,523.25,510.75,48.89K,1.71%
2009-02-20,519.25,520.00,523.75,504.50,43.53K,-0.05%
2009-02-23,510.50,522.00,528.25,508.75,39.71K,-1.69%
2009-02-24,515.25,509.00,517.25,505.00,28.71K,0.93%
2009-02-25,524.75,517.25,528.75,510.00,20.86K,1.84%
2009-02-26,514.00,526.00,534.00,512.00,25.75K,-2.05%
2009-02-27,510.50,515.75,517.50,506.00,23.51K,-0.68%
2009-03-02,494.75,508.00,516.00,492.00,10.25K,-3.09%
2009-03-03,490.25,496.25,499.00,488.25,7.35K,-0.91%
2009-03-04,511.75,497.00,512.25,497.00,3.93K,4.39%
2009-03-05,504.00,515.00,516.25,503.00,2.13K,-1.51%
2009-03-06,516.25,508.25,522.25,508.25,0.94K,2.43%
2009-03-09,513.00,516.00,516.75,512.75,0.46K,-0.63%
2009-03-10,522.75,525.25,527.50,523.25,0.31K,1.90%
2009-03-11,498.75,522.00,522.50,496.75,0.57K,-4.59%
2009-03-12,515.25,501.50,516.00,501.50,1.37K,3.31%
2009-03-13,506.50,513.00,516.25,506.25,,-1.70%
2009-03-16,544.25,514.25,546.50,511.50,52.33K,7.45%
2009-03-17,552.50,540.25,554.75,536.75,41.96K,1.52%
2009-03-18,530.00,554.00,559.00,528.25,39.58K,-4.07%
2009-03-19,555.25,540.50,559.50,537.75,33.37K,4.76%
2009-03-20,550.25,556.25,561.00,541.00,27.81K,-0.90%
2009-03-23,549.25,552.00,563.00,545.00,28.74K,-0.18%
2009-03-24,535.00,551.75,552.75,530.25,33.87K,-2.59%
2009-03-25,508.00,536.00,536.00,506.75,47.77K,-5.05%
2009-03-26,514.50,510.00,518.00,507.25,22.79K,1.28%
2009-03-27,507.25,514.00,517.50,503.00,21.39K,-1.41%
2009-03-30,512.50,509.00,516.00,501.00,25.89K,1.03%
2009-03-31,532.75,513.75,534.00,508.00,45.38K,3.95%
2009-04-01,525.50,527.75,531.25,515.75,52.52K,-1.36%
2009-04-02,550.50,525.50,552.00,523.50,58.00K,4.76%
2009-04-03,563.50,551.00,565.00,546.00,43.76K,2.36%
2009-04-06,557.00,566.00,572.75,553.00,31.58K,-1.15%
2009-04-07,539.75,557.00,564.50,538.75,52.50K,-3.10%
2009-04-08,532.00,540.00,544.75,531.00,46.95K,-1.44%
2009-04-09,522.00,532.50,543.50,521.00,57.74K,-1.88%
2009-04-13,523.25,522.00,530.50,515.25,41.38K,0.24%
2009-04-14,522.25,524.00,533.25,518.25,46.97K,-0.19%
2009-04-15,515.25,523.00,530.00,514.75,37.56K,-1.34%
2009-04-16,524.75,516.00,527.50,513.50,29.72K,1.84%
2009-04-17,523.00,526.75,531.75,520.00,21.91K,-0.33%
2009-04-20,504.50,522.00,525.00,500.75,41.49K,-3.54%
2009-04-21,509.50,504.75,516.50,503.50,29.09K,0.99%
2009-04-22,516.75,510.50,518.00,509.25,16.25K,1.42%
2009-04-23,529.25,517.75,533.25,512.00,26.47K,2.42%
2009-04-24,532.25,530.00,533.75,524.75,15.21K,0.57%
2009-04-27,508.00,531.75,539.00,507.00,22.39K,-4.56%
2009-04-28,510.50,509.75,518.25,507.25,14.38K,0.49%
2009-04-29,520.75,510.00,523.50,508.75,33.11K,2.01%
2009-04-30,524.25,521.00,532.75,518.00,30.35K,0.67%
2009-05-01,557.25,524.75,560.50,524.50,13.25K,6.29%
2009-05-04,538.50,546.75,558.00,535.00,5.47K,-3.36%
2009-05-05,541.50,543.25,550.00,539.25,4.81K,0.56%
2009-05-06,547.75,541.50,548.75,537.00,3.32K,1.15%
2009-05-07,559.00,554.00,563.00,548.00,1.26K,2.05%
2009-05-08,580.50,566.50,581.25,566.00,0.60K,3.85%
2009-05-11,580.50,575.75,583.00,575.75,1.42K,0.00%
2009-05-12,582.50,584.50,584.50,569.50,0.92K,0.34%
2009-05-13,578.75,589.00,589.50,577.75,0.29K,-0.64%
2009-05-14,581.50,573.00,581.50,572.00,0.21K,0.48%
2009-05-15,577.50,592.00,595.25,575.00,32.41K,-0.69%
2009-05-18,590.50,572.00,600.00,563.25,50.77K,2.25%
2009-05-19,588.75,589.25,596.25,584.00,34.24K,-0.30%
2009-05-20,597.75,587.75,604.75,585.75,37.99K,1.53%
2009-05-21,593.50,597.25,601.50,584.50,35.76K,-0.71%
2009-05-22,612.50,593.00,618.00,593.00,46.18K,3.20%
2009-05-26,612.00,609.25,619.75,602.50,31.80K,-0.08%
2009-05-27,625.75,612.75,629.00,610.00,40.00K,2.25%
2009-05-28,630.50,623.75,646.25,618.00,51.78K,0.76%
2009-05-29,637.25,630.25,644.50,625.00,45.98K,1.07%
2009-06-01,674.50,636.75,677.00,636.00,65.79K,5.85%
2009-06-02,669.50,672.00,673.25,658.25,65.95K,-0.74%
2009-06-03,617.50,667.25,668.50,614.50,92.74K,-7.77%
2009-06-04,635.25,618.25,642.75,614.25,62.66K,2.87%
2009-06-05,623.00,639.25,639.50,621.00,62.37K,-1.93%
2009-06-08,598.00,623.25,625.00,595.75,68.33K,-4.01%
2009-06-09,613.75,598.25,617.50,597.25,61.48K,2.63%
2009-06-10,596.00,613.50,617.25,592.00,64.86K,-2.89%
2009-06-11,594.75,596.50,607.50,589.00,49.00K,-0.21%
2009-06-12,584.75,592.00,598.00,577.00,38.84K,-1.68%
2009-06-15,575.25,587.00,587.25,568.00,38.80K,-1.62%
2009-06-16,565.75,576.75,583.50,564.75,37.56K,-1.65%
2009-06-17,566.00,565.50,572.25,555.50,62.65K,0.04%
2009-06-18,560.25,568.00,570.50,556.00,31.96K,-1.02%
2009-06-19,555.25,561.00,567.75,552.00,35.55K,-0.89%
2009-06-22,546.00,555.00,555.50,542.00,41.10K,-1.67%
2009-06-23,546.75,546.00,552.25,540.75,48.68K,0.14%
2009-06-24,539.75,546.75,552.50,536.75,54.49K,-1.28%
2009-06-25,533.00,539.50,541.50,528.00,38.13K,-1.25%
2009-06-26,534.25,533.00,538.00,530.50,29.83K,0.23%
2009-06-29,528.50,534.25,540.00,525.50,49.63K,-1.08%
2009-06-30,511.25,529.00,536.50,495.75,21.83K,-3.26%
2009-07-01,506.25,517.00,519.50,501.50,14.40K,-0.98%
2009-07-02,500.25,507.50,511.00,499.50,11.74K,-1.19%
2009-07-06,490.50,499.00,501.00,489.75,7.51K,-1.95%
2009-07-07,483.75,491.50,495.50,483.50,6.89K,-1.38%
2009-07-08,488.50,485.50,493.50,485.50,2.80K,0.98%
2009-07-09,494.25,494.25,497.00,494.25,1.32K,1.18%
2009-07-10,491.75,494.50,495.25,487.75,1.61K,-0.51%
2009-07-13,515.75,493.75,517.00,491.25,1.17K,4.88%
2009-07-14,501.75,515.25,516.00,505.25,0.13K,-2.71%
2009-07-15,534.75,530.00,549.00,527.75,37.77K,6.58%
2009-07-16,533.25,534.00,549.00,528.00,35.04K,-0.28%
2009-07-17,541.75,533.00,547.50,528.00,28.09K,1.59%
2009-07-20,542.25,541.75,553.75,531.75,31.29K,0.09%
2009-07-21,534.75,542.25,544.25,530.25,27.60K,-1.38%
2009-07-22,522.00,531.00,532.50,513.25,49.29K,-2.38%
2009-07-23,531.75,522.75,538.75,520.00,36.57K,1.87%
2009-07-24,516.25,531.00,535.50,515.50,27.66K,-2.91%
2009-07-27,520.50,516.25,523.75,512.00,22.26K,0.82%
2009-07-28,516.25,520.00,528.00,514.50,29.74K,-0.82%
2009-07-29,511.50,514.75,518.00,505.00,26.67K,-0.92%
2009-07-30,516.25,512.00,527.25,511.75,37.82K,0.93%
2009-07-31,528.25,516.00,530.00,514.75,32.94K,2.32%
2009-08-03,549.25,531.75,557.50,529.25,89.01K,3.98%
2009-08-04,542.25,548.75,551.00,538.25,39.67K,-1.27%
2009-08-05,528.75,542.00,546.75,522.25,49.33K,-2.49%
2009-08-06,500.25,529.25,530.00,499.00,46.69K,-5.39%
2009-08-07,489.50,501.00,505.00,488.00,76.90K,-2.15%
2009-08-10,494.25,488.00,501.50,485.25,65.23K,0.97%
2009-08-11,485.25,494.25,499.75,483.50,50.43K,-1.82%
2009-08-12,490.25,485.75,491.00,476.25,42.71K,1.03%
2009-08-13,481.50,487.00,496.50,480.25,43.19K,-1.78%
2009-08-14,481.75,482.25,486.50,473.75,30.32K,0.05%
2009-08-17,471.75,481.25,481.25,465.25,27.47K,-2.08%
2009-08-18,470.50,470.25,479.00,468.50,20.92K,-0.26%
2009-08-19,466.00,472.50,480.75,457.75,28.58K,-0.96%
2009-08-20,469.00,467.00,471.25,462.25,11.25K,0.64%
2009-08-21,460.25,468.00,476.00,458.75,17.90K,-1.87%
2009-08-24,471.75,460.25,472.50,459.50,22.01K,2.50%
2009-08-25,471.00,470.75,489.00,467.00,15.36K,-0.16%
2009-08-26,478.75,471.00,481.75,469.75,16.57K,1.65%
2009-08-27,475.00,479.00,482.50,464.25,14.20K,-0.78%
2009-08-28,467.00,475.00,481.25,459.50,30.36K,-1.68%
2009-08-31,471.00,467.00,473.50,453.25,14.44K,0.86%
2009-09-01,459.25,471.00,472.00,454.25,10.02K,-2.49%
2009-09-02,457.00,457.00,460.75,454.75,5.82K,-0.49%
2009-09-03,451.25,456.50,465.00,447.25,2.89K,-1.26%
2009-09-04,444.00,450.00,450.00,445.00,1.35K,-1.61%
2009-09-08,431.50,442.25,446.50,433.00,0.78K,-2.82%
2009-09-09,429.00,430.50,434.75,426.75,0.33K,-0.58%
2009-09-10,432.75,429.50,434.00,428.75,0.28K,0.87%
2009-09-11,441.75,432.75,440.50,425.25,0.16K,2.08%
2009-09-14,431.00,431.00,431.00,430.00,0.05K,-2.43%
2009-09-15,470.50,453.25,481.50,450.00,51.51K,9.16%
2009-09-16,467.25,469.50,473.75,456.25,31.70K,-0.69%
2009-09-17,461.75,467.50,476.75,458.00,25.00K,-1.18%
2009-09-18,457.25,461.50,465.25,456.25,20.05K,-0.97%
2009-09-21,456.00,457.00,463.00,452.75,26.20K,-0.27%
2009-09-22,455.75,456.25,464.50,452.75,31.35K,-0.05%
2009-09-23,460.00,455.50,469.00,451.00,39.84K,0.93%
2009-09-24,473.00,457.50,474.00,453.00,46.19K,2.83%
2009-09-25,449.75,471.75,477.25,448.00,60.76K,-4.92%
2009-09-28,455.75,462.00,462.00,450.50,30.40K,1.33%
2009-09-29,447.50,456.00,460.00,441.25,33.41K,-1.81%
2009-09-30,457.50,447.50,460.00,439.50,41.78K,2.23%
2009-10-01,452.75,452.00,454.00,445.50,25.95K,-1.04%
2009-10-02,441.25,451.50,454.00,439.25,27.47K,-2.54%
2009-10-05,442.75,441.25,452.00,439.25,29.94K,0.34%
2009-10-06,460.25,443.00,471.50,442.75,46.79K,3.95%
2009-10-07,463.25,458.75,466.00,453.75,26.40K,0.65%
2009-10-08,474.00,464.00,483.00,462.50,61.63K,2.32%
2009-10-09,468.00,473.25,474.25,461.00,38.63K,-1.27%
2009-10-12,494.25,470.25,496.50,464.75,38.27K,5.61%
2009-10-13,512.63,495.75,514.38,489.88,,3.72%
2009-10-14,513.50,512.88,528.50,505.13,,0.17%
2009-10-15,505.38,513.50,513.63,496.50,,-1.58%
2009-10-16,497.75,505.38,506.63,495.63,,-1.51%
2009-10-18,497.50,497.50,497.50,497.50,,-0.05%
2009-10-19,517.50,497.50,522.63,497.50,,4.02%
2009-10-20,518.88,517.50,526.63,509.00,,0.27%
2009-10-21,542.38,519.00,548.13,519.00,,4.53%
2009-10-22,552.38,542.00,555.63,541.63,,1.84%
2009-10-23,547.00,552.13,574.63,547.00,,-0.97%
2009-10-25,547.38,547.38,547.38,547.38,,0.07%
2009-10-26,527.13,547.38,558.38,526.13,,-3.70%
2009-10-27,502.88,527.25,527.25,502.88,,-4.60%
2009-10-28,493.88,495.75,508.63,493.63,,-1.79%
2009-10-29,504.38,493.88,511.13,493.88,,2.13%
2009-10-30,493.63,504.38,504.38,488.13,,-2.13%
2009-11-01,493.63,493.63,493.63,493.63,,0.00%
2009-11-02,514.63,496.38,518.13,495.63,,4.25%
2009-11-04,521.75,517.88,527.75,505.63,,1.38%
2009-11-05,512.25,521.75,521.75,510.88,,-1.82%
2009-11-06,497.88,512.13,512.13,496.63,,-2.81%
2009-11-08,497.88,497.88,497.88,497.88,,0.00%
2009-11-09,519.75,497.88,523.88,497.88,,4.39%
2009-11-10,521.63,511.38,526.75,507.88,,0.36%
2009-11-11,530.38,521.38,539.38,521.38,,1.68%
2009-11-12,531.13,530.38,541.63,522.25,,0.14%
2009-11-13,539.63,531.13,540.13,531.13,,1.60%
2009-11-15,539.50,539.50,539.50,539.50,,-0.02%
2009-11-16,562.38,539.50,563.63,539.50,,4.24%
2009-11-17,574.50,556.75,575.38,555.75,,2.16%
2009-11-18,565.13,574.50,583.13,565.13,,-1.63%
2009-11-19,562.75,565.13,571.13,551.38,,-0.42%
2009-11-20,558.13,562.63,562.63,553.88,,-0.82%
2009-11-22,579.50,579.50,579.50,579.50,,3.83%
2009-11-23,578.38,579.50,600.38,577.88,,-0.19%
2009-11-24,553.38,578.38,578.38,552.13,,-4.32%
2009-11-25,569.25,565.38,575.13,555.88,,2.87%
2009-11-27,569.25,569.13,571.75,559.13,,0.00%
2009-11-29,569.13,569.13,569.13,569.13,,-0.02%
2009-11-30,586.50,576.13,589.88,575.75,,3.05%
2009-12-01,583.75,586.50,597.88,580.13,,-0.47%
2009-12-02,576.63,583.88,583.88,570.88,,-1.22%
2009-12-03,571.00,576.13,579.38,569.38,,-0.98%
2009-12-04,557.38,569.13,569.13,555.63,,-2.39%
2009-12-06,557.63,557.63,557.63,557.63,,0.04%
2009-12-07,547.63,555.13,559.88,547.63,,-1.79%
2009-12-08,539.63,546.75,547.38,537.63,,-1.46%
2009-12-09,534.63,539.63,544.13,532.63,,-0.93%
2009-12-10,538.13,532.38,543.88,530.13,,0.65%
2009-12-11,538.00,539.13,542.13,530.50,,-0.02%
2009-12-13,538.00,538.00,538.00,538.00,,0.00%
2009-12-14,543.63,538.00,547.88,534.13,,1.05%
2009-12-15,536.13,543.88,543.88,536.13,,-1.38%
2009-12-16,539.50,536.13,542.38,527.88,,0.63%
2009-12-17,522.63,539.38,539.38,514.38,,-3.13%
2009-12-18,527.13,522.63,528.88,515.13,,0.86%
2009-12-20,527.13,527.13,527.13,527.13,,0.00%
2009-12-21,519.38,527.13,529.38,519.13,,-1.47%
2009-12-22,522.38,519.50,524.75,515.63,,0.58%
2009-12-23,529.63,522.25,529.63,522.25,,1.39%
2009-12-24,525.75,529.63,529.63,521.00,,-0.73%
2009-12-25,525.75,525.75,525.75,525.75,,0.00%
2009-12-28,550.38,525.75,550.63,525.75,,4.68%
2009-12-29,540.50,550.38,553.63,540.13,,-1.79%
2009-12-30,543.75,540.75,549.88,540.63,,0.60%
2009-12-31,541.13,543.63,549.88,540.63,,-0.48%
2010-01-01,540.75,540.75,540.75,540.75,,-0.07%
2010-01-04,557.63,540.75,561.13,540.75,,3.12%
2010-01-05,552.63,557.63,559.88,552.13,,-0.90%
2010-01-06,567.13,552.63,567.63,551.25,,2.62%
2010-01-07,556.63,567.00,567.00,556.38,,-1.85%
2010-01-08,568.13,556.63,569.63,553.88,,2.07%
2010-01-11,574.25,568.13,574.50,563.88,,1.08%
2010-01-12,537.88,574.25,574.25,520.88,,-6.33%
2010-01-13,535.13,537.88,537.88,519.63,,-0.51%
2010-01-14,527.13,534.88,534.88,526.13,,-1.49%
2010-01-15,509.88,527.13,527.13,509.38,,-3.27%
2010-01-18,509.88,509.88,509.88,509.88,,0.00%
2010-01-19,499.25,509.88,509.88,497.00,,-2.08%
2010-01-20,488.88,499.38,499.38,485.38,,-2.08%
2010-01-21,500.38,498.25,500.38,493.13,,2.35%
2010-01-22,498.13,500.38,501.88,495.13,,-0.45%
2010-01-25,497.88,498.38,503.88,496.50,,-0.05%
2010-01-26,493.00,497.75,497.75,491.63,,-0.98%
2010-01-27,484.75,492.38,493.63,483.13,,-1.67%
2010-01-28,487.00,485.13,489.13,483.13,,0.46%
2010-01-29,473.13,486.38,487.88,473.13,,-2.85%
2010-01-31,473.13,473.13,473.13,473.13,,0.00%
2010-02-01,474.38,475.00,483.63,473.63,,0.26%
2010-02-02,487.00,481.00,492.38,479.75,,2.66%
2010-02-03,470.13,485.38,485.50,468.50,,-3.47%
2010-02-04,475.63,467.38,481.88,466.63,,1.17%
2010-02-05,474.13,477.00,477.00,467.13,,-0.32%
2010-02-08,484.38,479.13,488.88,478.63,,2.16%
2010-02-09,482.25,484.38,488.38,476.88,,-0.44%
2010-02-10,496.88,482.63,502.88,480.88,,3.03%
2010-02-11,491.50,495.13,501.38,486.63,,-1.08%
2010-02-12,485.63,484.25,487.25,480.50,,-1.20%
2010-02-16,504.88,498.63,508.88,498.63,,3.96%
2010-02-17,494.88,501.88,502.38,492.63,,-1.98%
2010-02-18,483.88,498.13,498.13,483.13,,-2.22%
2010-02-19,488.88,483.38,490.13,482.63,,1.03%
2010-02-22,513.13,503.13,517.50,499.38,,4.96%
2010-02-23,506.13,513.13,515.13,505.13,,-1.36%
2010-02-24,514.13,505.88,515.88,505.88,,1.58%
2010-02-25,503.88,513.88,513.88,502.13,,-1.99%
2010-02-26,519.13,503.50,519.88,503.50,,3.03%
2010-03-01,504.75,519.63,519.63,498.50,,-2.77%
2010-03-02,504.00,504.75,509.63,498.38,,-0.15%
2010-03-03,515.63,504.00,517.38,504.00,,2.31%
2010-03-04,502.88,516.38,516.38,499.38,,-2.47%
2010-03-05,493.13,507.38,508.25,492.38,,-1.94%
2010-03-08,494.63,493.13,498.63,493.13,,0.30%
2010-03-09,489.38,494.38,494.38,488.13,,-1.06%
2010-03-10,481.13,488.88,491.88,478.88,,-1.69%
2010-03-11,478.38,478.38,481.38,475.63,,-0.57%
2010-03-12,485.13,481.88,485.88,479.13,,1.41%
2010-03-15,478.63,485.13,486.63,477.63,,-1.34%
2010-03-16,487.38,482.13,488.88,482.13,,1.83%
2010-03-17,495.88,487.13,498.13,486.13,,1.74%
2010-03-18,489.38,488.88,492.63,484.63,,-1.31%
2010-03-19,484.75,489.50,490.50,483.13,,-0.95%
2010-03-22,487.13,484.63,492.63,482.38,,0.49%
2010-03-23,475.88,484.75,487.38,475.88,,-2.31%
2010-03-24,476.00,474.13,478.63,472.38,,0.03%
2010-03-25,466.13,476.13,476.13,464.63,,-2.07%
2010-03-26,464.88,465.50,467.88,464.13,,-0.27%
2010-03-29,464.38,464.63,469.63,464.13,,-0.11%
2010-03-30,473.38,465.63,473.38,464.13,,1.94%
2010-03-31,450.38,473.25,473.25,450.38,,-4.86%
2010-04-01,456.13,450.88,456.13,449.75,,1.28%
2010-04-05,453.50,454.38,454.63,447.13,,-0.58%
2010-04-06,463.38,451.38,469.88,450.25,,2.18%
2010-04-07,475.50,463.38,476.38,456.38,,2.62%
2010-04-08,469.13,470.25,473.13,467.13,,-1.34%
2010-04-09,466.13,476.25,478.38,462.88,,-0.64%
2010-04-12,467.13,466.13,474.25,466.13,,0.21%
2010-04-13,476.13,465.88,476.38,463.88,,1.93%
2010-04-14,473.88,476.38,481.88,470.63,,-0.47%
2010-04-15,480.38,473.75,482.63,473.75,,1.37%
2010-04-16,489.50,480.38,491.13,477.63,,1.90%
2010-04-18,499.88,500.38,500.38,499.13,,2.12%
2010-04-19,481.38,499.75,501.13,478.63,,-3.70%
2010-04-20,498.88,481.75,499.38,481.63,,3.64%
2010-04-21,499.63,498.75,502.13,493.88,,0.15%
2010-04-22,508.50,499.75,511.63,493.13,,1.78%
2010-04-23,507.00,508.38,511.88,502.13,,-0.29%
2010-04-25,505.25,503.63,506.13,503.25,,-0.35%
2010-04-26,488.38,505.88,514.63,485.63,,-3.34%
2010-04-27,489.75,488.13,492.88,484.88,,0.28%
2010-04-28,489.88,489.63,495.88,482.38,,0.03%
2010-04-29,495.25,489.63,507.38,488.88,,1.10%
2010-04-30,505.13,495.13,505.13,493.38,,1.99%
2010-05-03,500.38,502.00,507.50,491.63,,-0.94%
2010-05-04,512.38,500.50,513.00,493.38,,2.40%
2010-05-05,512.38,512.63,513.13,502.38,,0.00%
2010-05-06,503.63,512.00,513.88,500.38,,-1.71%
2010-05-07,508.38,503.50,516.88,498.75,,0.94%
2010-05-09,508.13,510.88,511.75,506.13,,-0.05%
2010-05-10,493.88,508.00,514.38,491.63,,-2.80%
2010-05-11,493.63,493.25,497.88,489.13,,-0.05%
2010-05-12,490.50,493.25,508.13,490.38,,-0.63%
2010-05-13,480.63,490.63,492.75,477.88,,-2.01%
2010-05-14,471.88,480.88,481.13,471.13,,-1.82%
2010-05-16,471.13,471.13,471.38,470.63,,-0.16%
2010-05-17,469.75,471.13,474.13,466.38,,-0.29%
2010-05-18,467.13,469.88,473.38,466.13,,-0.56%
2010-05-19,470.75,467.00,471.88,465.50,,0.78%
2010-05-20,467.13,470.88,472.00,461.63,,-0.77%
2010-05-21,472.13,467.75,474.88,466.88,,1.07%
2010-05-23,472.25,472.88,473.25,471.88,,0.03%
2010-05-24,466.13,472.13,475.63,465.38,,-1.30%
2010-05-25,462.50,466.38,466.50,456.38,,-0.78%
2010-05-26,461.63,462.38,471.13,458.63,,-0.19%
2010-05-27,470.00,461.63,473.13,461.38,,1.81%
2010-05-28,457.38,469.88,473.38,456.63,,-2.69%
2010-05-30,457.63,457.63,457.63,457.63,,0.05%
2010-05-31,458.38,458.00,459.38,457.13,,0.16%
2010-06-01,451.50,458.25,461.13,449.13,,-1.50%
2010-06-02,444.38,451.38,454.38,442.13,,-1.58%
2010-06-03,444.13,444.25,447.75,440.75,,-0.06%
2010-06-04,435.38,443.88,444.13,435.38,,-1.97%
2010-06-06,435.63,435.38,436.38,434.88,,0.06%
2010-06-07,433.13,435.38,438.38,431.38,,-0.57%
2010-06-08,432.38,433.38,436.38,431.38,,-0.17%
2010-06-09,427.38,432.13,435.88,425.63,,-1.16%
2010-06-10,433.63,427.38,437.38,427.25,,1.46%
2010-06-11,440.13,433.88,448.50,427.75,,1.50%
2010-06-13,446.88,442.63,447.63,441.63,,1.53%
2010-06-14,451.38,447.00,454.63,444.00,,1.01%
2010-06-15,451.88,450.88,456.13,446.00,,0.11%
2010-06-16,460.88,451.88,467.88,451.63,,1.99%
2010-06-17,479.13,460.63,479.13,453.75,,3.96%
2010-06-18,476.50,477.63,485.88,475.25,,-0.55%
2010-06-21,477.38,484.50,484.63,472.13,,0.18%
2010-06-22,476.13,477.38,478.63,472.38,,-0.26%
2010-06-23,475.75,476.63,481.88,475.13,,-0.08%
2010-06-24,477.88,478.25,483.63,474.88,,0.45%
2010-06-25,471.13,478.25,478.88,470.38,,-1.41%
2010-06-28,464.50,467.88,468.13,459.63,,-1.41%
2010-06-29,456.63,457.75,459.88,455.13,,-1.70%
2010-06-30,479.25,459.63,486.63,459.63,,4.95%
2010-07-01,496.88,479.38,503.63,475.38,,3.68%
2010-07-02,503.38,497.38,507.88,495.88,,1.31%
2010-07-04,502.63,502.63,502.63,502.63,,-0.15%
2010-07-05,504.38,502.63,504.38,500.13,,0.35%
2010-07-06,507.25,504.50,525.88,504.13,,0.57%
2010-07-07,530.00,507.25,531.88,506.25,,4.48%
2010-07-08,544.50,530.00,549.00,524.63,,2.74%
2010-07-09,537.88,544.63,545.13,533.13,,-1.22%
2010-07-11,536.38,537.50,537.50,534.25,,-0.28%
2010-07-12,533.50,536.25,541.38,533.38,,-0.54%
2010-07-13,549.38,533.63,550.88,530.88,,2.98%
2010-07-14,556.88,549.13,565.13,545.38,,1.37%
2010-07-15,596.88,556.25,598.38,555.63,,7.18%
2010-07-16,588.25,597.00,597.38,579.00,,-1.45%
2010-07-18,593.63,588.88,595.63,581.13,,0.91%
2010-07-19,577.88,593.75,597.50,575.38,,-2.65%
2010-07-20,575.50,577.25,580.63,572.88,,-0.41%
2010-07-21,585.75,575.63,593.88,574.25,,1.78%
2010-07-22,593.63,585.63,609.88,584.00,,1.34%
2010-07-23,595.75,593.75,603.50,593.38,,0.36%
2010-07-25,596.25,596.25,596.25,596.25,,0.08%
2010-07-26,586.13,593.63,595.13,584.75,,-1.70%
2010-07-27,595.63,585.75,601.75,582.63,,1.62%
2010-07-30,661.38,634.25,662.63,630.88,,11.04%
2010-08-01,662.25,660.75,663.88,657.75,,0.13%
2010-08-02,693.00,662.38,710.63,661.88,,4.64%
2010-08-03,679.38,691.88,697.38,675.25,,-1.97%
2010-08-04,726.25,679.25,731.63,678.38,,6.90%
2010-08-05,815.63,726.13,826.38,724.63,,12.31%
2010-08-06,726.63,815.50,840.88,725.38,,-10.91%
2010-08-08,693.13,725.63,725.63,684.75,,-4.61%
2010-08-09,710.00,693.38,737.88,686.88,,2.43%
2010-08-10,705.13,709.88,718.13,690.38,,-0.69%
2010-08-11,693.25,705.00,709.38,680.63,,-1.68%
2010-08-12,717.13,693.00,734.25,692.38,,3.44%
2010-08-13,701.13,717.75,724.38,701.13,,-2.23%
2010-08-15,694.50,701.25,702.38,691.13,,-0.94%
2010-08-16,666.00,694.13,708.63,656.38,,-4.10%
2010-08-17,655.25,666.13,676.50,649.63,,-1.61%
2010-08-18,661.25,655.88,665.13,645.00,,0.92%
2010-08-19,723.88,661.13,730.63,661.00,,9.47%
2010-08-20,711.25,724.25,728.88,704.38,,-1.74%
2010-08-22,713.25,711.25,713.38,709.63,,0.28%
2010-08-23,722.38,712.88,729.00,712.50,,1.28%
2010-08-24,704.25,722.50,722.75,700.63,,-2.51%
2010-08-25,685.88,704.25,716.13,679.38,,-2.61%
2010-08-26,694.88,685.88,697.38,685.25,,1.31%
2010-08-27,693.38,694.38,704.75,687.38,,-0.22%
2010-08-29,704.75,694.25,705.88,694.25,,1.64%
2010-08-30,701.88,705.00,728.63,697.50,,-0.41%
2010-08-31,689.38,702.13,713.88,683.75,,-1.78%
2010-09-01,707.75,689.38,711.25,688.63,,2.67%
2010-09-02,715.13,708.25,722.63,707.50,,1.04%
2010-09-03,741.75,715.13,741.75,714.13,,3.72%
2010-09-05,741.13,741.13,741.13,741.13,,-0.08%
2010-09-06,741.50,741.13,748.25,737.00,,0.05%
2010-09-07,733.88,741.38,746.50,727.38,,-1.03%
2010-09-08,713.63,733.00,735.25,708.63,,-2.76%
2010-09-09,734.63,713.88,742.63,706.13,,2.94%
2010-09-10,737.38,734.50,744.25,717.63,,0.37%
2010-09-12,734.88,737.63,738.63,732.63,,-0.34%
2010-09-13,747.50,735.13,753.38,735.00,,1.72%
2010-09-14,737.38,746.75,750.63,730.88,,-1.35%
2010-09-15,730.38,737.50,743.88,723.25,,-0.95%
2010-09-16,724.88,729.63,737.25,711.88,,-0.75%
2010-09-17,738.25,725.13,742.63,724.88,,1.85%
2010-09-19,744.88,739.63,744.88,738.25,,0.90%
2010-09-20,727.13,744.50,756.75,727.13,,-2.38%
2010-09-21,723.63,727.63,733.88,716.75,,-0.48%
2010-09-22,715.88,723.50,731.38,713.63,,-1.07%
2010-09-23,698.63,716.13,717.13,693.38,,-2.41%
2010-09-24,719.88,698.13,722.88,698.13,,3.04%
2010-09-26,728.63,721.63,728.88,721.13,,1.22%
2010-09-27,701.38,728.88,730.75,700.25,,-3.74%
2010-09-28,685.75,702.25,707.63,683.88,,-2.23%
2010-09-29,683.25,685.63,688.13,663.50,,-0.36%
2010-09-30,676.13,682.88,684.88,651.13,,-1.04%
2010-10-01,654.38,674.88,678.25,647.13,,-3.22%
2010-10-03,653.13,650.88,655.13,646.50,,-0.19%
2010-10-04,648.25,653.75,655.38,643.75,,-0.75%
2010-10-05,666.63,648.25,667.63,644.50,,2.83%
2010-10-06,660.38,666.75,673.13,655.13,,-0.94%
2010-10-07,661.75,660.50,675.88,656.63,,0.21%
2010-10-08,719.38,662.13,721.13,657.25,,8.71%
2010-10-10,725.38,737.63,738.00,716.25,,0.83%
2010-10-11,708.88,725.25,732.88,703.13,,-2.27%
2010-10-12,712.00,709.00,719.38,703.13,,0.44%
2010-10-13,705.88,712.75,721.50,695.13,,-0.86%
2010-10-14,704.75,706.88,711.88,697.88,,-0.16%
2010-10-15,702.63,705.63,713.63,695.13,,-0.30%
2010-10-17,707.13,702.25,707.38,699.75,,0.64%
2010-10-18,692.63,706.88,708.38,688.88,,-2.05%
2010-10-19,674.75,693.63,696.38,668.63,,-2.58%
2010-10-20,691.75,674.75,691.75,674.13,,2.52%
2010-10-21,670.38,692.13,692.38,667.38,,-3.09%
2010-10-22,670.13,671.13,675.88,665.13,,-0.04%
2010-10-24,674.63,669.50,676.13,669.25,,0.67%
2010-10-25,675.25,675.75,684.63,670.13,,0.09%
2010-10-26,699.88,675.38,700.75,670.75,,3.65%
2010-10-27,704.13,699.63,707.13,687.88,,0.61%
2010-10-28,718.63,704.50,721.38,701.25,,2.06%
2010-10-29,715.75,718.63,724.88,711.75,,-0.40%
2010-10-31,727.38,725.00,727.38,719.63,,1.62%
2010-11-01,706.88,727.13,727.88,701.38,,-2.82%
2010-11-02,695.88,706.63,712.13,692.63,,-1.56%
2010-11-03,695.13,695.75,699.25,680.63,,-0.11%
2010-11-04,720.63,694.63,722.75,693.00,,3.67%
2010-11-05,729.13,720.88,731.13,705.13,,1.18%
2010-11-08,737.13,729.75,738.63,721.38,,1.10%
2010-11-09,720.38,735.75,760.38,717.75,,-2.27%
2010-11-10,709.38,721.50,723.38,698.75,,-1.53%
2010-11-11,704.38,708.25,722.50,701.88,,-0.70%
2010-11-12,668.88,704.88,710.38,661.38,,-5.04%
2010-11-15,670.13,674.75,684.63,667.63,,0.19%
2010-11-16,626.38,670.88,673.88,624.50,,-6.53%
2010-11-17,632.63,627.50,646.88,619.38,,1.00%
2010-11-18,645.88,634.13,657.25,634.13,,2.09%
2010-11-19,682.25,648.13,696.75,639.38,,5.63%
2010-11-22,684.38,684.00,691.88,678.75,,0.31%
2010-11-23,678.63,686.75,690.88,673.50,,-0.84%
2010-11-24,685.50,682.88,688.25,681.13,,1.01%
2010-11-26,686.63,686.38,692.63,683.75,,0.16%
2010-11-29,691.38,689.13,701.25,687.13,,0.69%
2010-11-30,689.63,692.25,697.88,686.13,,-0.25%
2010-12-01,738.63,692.63,744.88,691.13,,7.11%
2010-12-02,748.13,742.38,767.13,732.75,,1.29%
2010-12-03,780.38,756.13,781.88,754.75,,4.31%
2010-12-06,794.00,786.25,798.63,774.38,,1.75%
2010-12-07,783.13,795.75,808.25,777.13,,-1.37%
2010-12-08,784.13,780.63,792.38,766.38,,0.13%
2010-12-09,788.88,785.50,790.13,779.75,,0.61%
2010-12-10,775.88,788.75,797.88,774.13,,-1.65%
2010-12-12,775.38,775.38,775.38,775.38,,-0.06%
2010-12-13,780.50,773.88,784.75,766.38,,0.66%
2010-12-14,761.38,779.88,781.50,754.88,,-2.45%
2010-12-15,763.88,761.00,776.38,759.75,,0.33%
2010-12-16,749.88,764.25,766.50,746.63,,-1.83%
2010-12-17,757.50,752.88,757.50,742.38,,1.02%
2010-12-20,769.88,760.25,776.38,759.88,,1.63%
2010-12-21,764.63,770.38,771.63,762.25,,-0.68%
2010-12-22,783.63,763.50,785.13,756.38,,2.48%
2010-12-23,783.63,784.88,788.13,776.13,,0.00%
2010-12-24,782.63,782.63,782.63,782.63,,-0.13%
2010-12-27,779.88,773.63,783.50,768.50,,-0.35%
2010-12-28,799.13,779.75,801.88,779.50,,2.47%
2010-12-29,799.13,799.63,806.13,786.50,,0.00%
2010-12-30,784.75,798.75,798.75,776.88,,-1.80%
2010-12-31,792.63,786.13,795.63,781.13,,1.00%
2011-01-03,805.25,793.13,824.50,793.13,,1.59%
2011-01-04,788.00,803.25,808.75,783.38,,-2.14%
2011-01-05,809.88,793.38,809.88,776.63,,2.78%
2011-01-06,788.13,809.00,809.50,788.00,,-2.69%
2011-01-07,772.13,788.63,793.75,772.13,,-2.03%
2011-01-10,766.63,777.13,783.00,766.63,,-0.71%
2011-01-11,758.63,770.38,776.88,758.63,,-1.04%
2011-01-12,773.63,761.63,789.88,760.38,,1.98%
2011-01-13,781.38,775.63,787.13,769.63,,1.00%
2011-01-14,773.88,784.25,784.75,763.13,,-0.96%
2011-01-17,773.38,773.38,773.38,773.38,,-0.06%
2011-01-18,793.38,775.88,793.88,773.63,,2.59%
2011-01-19,798.63,793.00,807.88,792.88,,0.66%
2011-01-20,802.38,797.88,805.50,782.75,,0.47%
2011-01-21,824.75,805.13,829.88,798.75,,2.79%
2011-01-23,824.63,824.63,824.63,824.63,,-0.02%
2011-01-24,835.88,829.00,839.13,823.63,,1.36%
2011-01-25,838.88,835.63,838.88,820.88,,0.36%
2011-01-26,856.88,840.63,861.13,839.50,,2.15%
2011-01-27,847.13,858.38,863.38,845.63,,-1.14%
2011-01-28,824.63,847.38,849.13,824.63,,-2.66%
2011-01-31,838.63,824.13,847.63,823.13,,1.70%
2011-02-01,835.38,843.50,844.88,831.63,,-0.39%
2011-02-02,862.88,836.13,864.38,835.50,,3.29%
2011-02-03,858.38,862.63,872.50,847.13,,-0.52%
2011-02-04,854.50,859.38,864.63,842.63,,-0.45%
2011-02-07,858.88,861.13,869.38,851.63,,0.51%
2011-02-08,873.88,859.88,880.63,844.25,,1.75%
2011-02-09,888.25,876.75,892.38,875.75,,1.64%
2011-02-10,861.38,885.75,885.75,861.38,,-3.03%
2011-02-11,867.63,865.88,871.13,855.63,,0.73%
2011-02-14,872.38,875.63,884.38,869.63,,0.55%
2011-02-15,840.25,873.00,873.63,830.88,,-3.68%
2011-02-16,837.38,843.63,848.75,825.63,,-0.34%
2011-02-17,883.50,870.25,885.25,870.25,,5.51%
2011-02-18,856.38,883.75,885.50,850.75,,-3.07%
2011-02-22,796.38,858.88,869.13,795.38,,-7.01%
2011-02-23,797.13,793.75,801.25,757.63,,0.09%
2011-02-24,781.13,799.63,804.38,776.63,,-2.01%
2011-02-25,813.63,783.88,828.63,783.88,,4.16%
2011-02-28,816.38,819.63,820.63,799.25,,0.34%
2011-03-01,810.88,819.25,823.13,797.38,,-0.67%
2011-03-02,811.38,809.88,829.88,796.38,,0.06%
2011-03-03,823.38,810.13,826.38,804.63,,1.48%
2011-03-04,832.63,821.25,836.88,813.75,,1.12%
2011-03-07,799.88,831.38,833.50,798.38,,-3.93%
2011-03-08,781.25,801.63,803.13,778.38,,-2.33%
2011-03-09,759.38,782.13,788.88,749.88,,-2.80%
2011-03-10,739.50,762.88,765.63,734.25,,-2.62%
2011-03-11,717.38,737.63,740.25,704.13,,-2.99%
2011-03-13,713.13,719.50,719.63,710.63,,-0.59%
2011-03-14,722.13,712.25,729.88,706.13,,1.26%
2011-03-15,680.75,722.00,723.38,661.13,,-5.73%
2011-03-16,671.63,680.13,697.38,656.50,,-1.34%
2011-03-17,715.38,671.38,718.63,667.38,,6.51%
2011-03-18,724.88,715.88,748.88,714.50,,1.33%
2011-03-20,738.88,724.13,741.38,719.88,,1.93%
2011-03-21,718.63,737.63,738.25,717.38,,-2.74%
2011-03-22,725.25,718.50,729.88,705.50,,0.92%
2011-03-23,713.50,726.38,728.63,706.13,,-1.62%
2011-03-24,742.38,713.50,743.63,710.13,,4.05%
2011-03-25,734.75,743.13,752.38,726.63,,-1.03%
2011-03-27,739.63,735.88,739.63,735.50,,0.66%
2011-03-28,723.13,739.50,739.63,721.13,,-2.23%
2011-03-29,738.88,722.38,741.63,721.88,,2.18%
2011-03-30,726.88,738.75,741.63,723.25,,-1.62%
2011-03-31,759.13,726.88,773.25,722.25,,4.44%
2011-04-01,760.38,759.75,773.63,745.13,,0.16%
2011-04-03,766.50,764.88,769.38,764.63,,0.81%
2011-04-04,789.50,766.88,792.88,766.38,,3.00%
2011-04-05,784.63,789.38,798.13,778.63,,-0.62%
2011-04-06,778.50,784.88,792.38,776.13,,-0.78%
2011-04-07,774.88,778.38,792.00,757.13,,-0.47%
2011-04-08,799.38,775.00,801.75,766.88,,3.16%
2011-04-10,807.00,803.38,808.88,803.38,,0.95%
2011-04-11,800.13,807.25,808.88,786.50,,-0.85%
2011-04-12,757.63,800.13,800.25,750.63,,-5.31%
2011-04-13,759.25,757.38,769.63,741.75,,0.21%
2011-04-14,745.50,758.13,758.63,734.25,,-1.81%
2011-04-15,744.50,745.75,748.63,730.25,,-0.13%
2011-04-17,782.63,779.50,782.63,776.25,,5.12%
2011-04-18,815.13,782.13,818.00,775.88,,4.15%
2011-04-19,824.88,815.38,829.63,810.50,,1.20%
2011-04-20,823.88,824.88,843.38,816.38,,-0.12%
2011-04-21,833.88,824.00,834.88,816.00,,1.21%
2011-04-22,834.25,834.25,834.25,834.25,,0.04%
2011-04-24,849.38,847.25,849.63,842.63,,1.81%
2011-04-25,861.88,849.13,864.75,845.88,,1.47%
2011-04-26,850.88,862.13,862.75,834.25,,-1.28%
2011-04-27,819.13,850.63,852.88,800.38,,-3.73%
2011-04-28,770.00,818.13,820.25,767.63,,-6.00%
2011-04-29,804.13,770.38,805.38,768.38,,4.43%
2011-05-01,801.00,801.38,803.75,790.50,,-0.39%
2011-05-02,795.63,801.25,824.38,789.63,,-0.67%
2011-05-03,792.88,795.75,799.63,782.25,,-0.35%
2011-05-04,772.25,793.00,794.25,768.13,,-2.60%
2011-05-05,753.38,772.63,780.50,749.00,,-2.44%
2011-05-06,753.88,752.88,777.50,740.25,,0.07%
2011-05-08,773.50,766.38,777.75,763.63,,2.60%
2011-05-09,792.50,774.50,797.50,769.25,,2.46%
2011-05-10,799.88,792.75,816.38,792.13,,0.93%
2011-05-11,759.50,799.75,804.38,756.63,,-5.05%
2011-05-12,738.50,759.63,764.75,728.88,,-2.76%
2011-05-13,729.13,738.63,749.00,723.25,,-1.27%
2011-05-15,738.88,730.50,742.13,730.50,,1.34%
2011-05-16,736.13,738.75,747.25,730.63,,-0.37%
2011-05-17,771.38,736.00,773.88,731.88,,4.79%
2011-05-18,818.75,771.50,826.75,767.63,,6.14%
2011-05-19,808.63,819.25,834.38,805.13,,-1.24%
2011-05-20,806.63,808.75,818.75,791.13,,-0.25%
2011-05-22,820.13,816.63,820.88,812.38,,1.67%
2011-05-23,797.75,820.38,820.38,785.75,,-2.73%
2011-05-24,787.75,797.50,809.50,777.75,,-1.25%
2011-05-25,802.88,787.63,802.88,778.13,,1.92%
2011-05-26,818.88,802.38,828.50,802.00,,1.99%
2011-05-27,820.63,819.00,826.88,803.63,,0.21%
2011-05-30,792.75,793.50,794.88,784.63,,-3.40%
2011-05-31,787.13,792.63,806.38,773.00,,-0.71%
2011-06-01,761.50,787.13,787.63,754.38,,-3.26%
2011-06-02,772.50,761.63,774.13,758.63,,1.44%
2011-06-03,772.88,772.25,780.88,759.25,,0.05%
2011-06-05,775.25,772.25,777.88,772.00,,0.31%
2011-06-06,746.00,774.88,777.38,741.25,,-3.77%
2011-06-07,741.38,746.63,746.88,731.38,,-0.62%
2011-06-08,751.88,741.63,759.13,731.88,,1.42%
2011-06-09,748.13,752.00,769.50,739.63,,-0.50%
2011-06-10,759.88,748.50,763.38,738.13,,1.57%
2011-06-12,766.50,760.63,769.88,760.63,,0.87%
2011-06-13,746.63,766.38,768.63,740.38,,-2.59%
2011-06-14,731.88,745.88,746.75,714.50,,-1.98%
2011-06-15,711.38,732.00,734.13,701.25,,-2.80%
2011-06-16,670.88,711.00,712.88,666.25,,-5.69%
2011-06-17,671.88,671.25,683.63,664.13,,0.15%
2011-06-19,674.00,673.75,675.13,671.88,,0.32%
2011-06-20,658.50,673.88,674.63,656.13,,-2.30%
2011-06-21,677.25,658.38,680.63,655.88,,2.85%
2011-06-22,636.88,677.38,680.25,617.38,,-5.96%
2011-06-23,645.75,636.75,651.88,606.13,,1.39%
2011-06-24,631.63,645.88,659.00,631.63,,-2.19%
2011-06-26,653.00,661.25,661.25,652.63,,3.38%
2011-06-27,657.63,653.13,658.88,642.63,,0.71%
2011-06-28,680.75,657.88,682.00,653.38,,3.52%
2011-06-29,675.00,680.63,696.88,662.13,,-0.84%
2011-06-30,600.38,674.75,677.75,596.00,,-11.06%
2011-07-01,611.63,600.50,623.00,592.88,,1.87%
2011-07-04,625.63,611.13,625.88,611.13,,2.29%
2011-07-05,635.25,625.38,640.88,623.13,,1.54%
2011-07-06,624.13,635.38,639.38,620.13,,-1.75%
2011-07-07,635.25,623.63,639.88,619.25,,1.78%
2011-07-08,650.00,634.75,657.25,633.63,,2.32%
2011-07-10,647.38,655.25,655.25,646.25,,-0.40%
2011-07-11,638.13,647.38,649.88,626.88,,-1.43%
2011-07-12,667.50,638.25,676.00,617.63,,4.60%
2011-07-13,716.00,667.50,719.13,665.13,,7.27%
2011-07-14,707.88,716.25,720.25,690.50,,-1.13%
2011-07-15,695.38,707.63,715.63,692.75,,-1.77%
2011-07-17,681.38,694.50,695.38,680.13,,-2.01%
2011-07-18,693.63,681.50,694.63,676.25,,1.80%
2011-07-19,700.63,693.75,727.50,689.25,,1.01%
2011-07-20,687.38,701.00,707.13,685.13,,-1.89%
2011-07-21,680.75,687.50,702.25,672.00,,-0.96%
2011-07-22,693.38,680.25,693.38,669.50,,1.85%
2011-07-24,683.63,684.00,687.75,681.50,,-1.41%
2011-07-25,687.63,683.75,695.13,671.63,,0.59%
2011-07-26,692.13,687.75,698.88,679.38,,0.65%
2011-07-27,699.88,692.25,712.13,686.25,,1.12%
2011-07-28,697.38,700.00,714.63,692.38,,-0.36%
2011-07-29,672.88,697.88,699.75,670.00,,-3.51%
2011-07-31,674.88,671.13,676.00,670.38,,0.30%
2011-08-01,681.00,674.50,690.38,670.13,,0.91%
2011-08-02,715.38,680.88,722.50,667.75,,5.05%
2011-08-03,704.88,715.25,718.63,703.38,,-1.47%
2011-08-04,673.00,705.50,706.25,667.50,,-4.52%
2011-08-05,677.75,673.13,682.38,665.63,,0.71%
2011-08-07,673.63,666.75,675.75,665.63,,-0.61%
2011-08-08,651.88,673.50,677.38,642.50,,-3.23%
2011-08-09,682.88,651.63,687.13,643.63,,4.76%
2011-08-10,684.50,683.13,690.75,676.63,,0.24%
2011-08-11,703.13,684.88,719.88,680.38,,2.72%
2011-08-12,703.63,703.50,718.63,696.38,,0.07%
2011-08-14,711.13,705.38,711.75,704.88,,1.07%
2011-08-15,710.38,711.38,721.13,707.50,,-0.11%
2011-08-16,725.63,710.50,732.50,704.50,,2.15%
2011-08-17,725.50,725.75,739.25,722.63,,-0.02%
2011-08-18,706.13,725.63,725.75,700.50,,-2.67%
2011-08-19,731.75,706.13,733.38,701.13,,3.63%
2011-08-21,732.13,734.63,734.63,730.88,,0.05%
2011-08-22,737.63,732.13,746.50,732.13,,0.75%
2011-08-23,755.00,737.38,758.75,737.38,,2.36%
2011-08-24,746.63,755.00,763.88,745.38,,-1.11%
2011-08-25,754.38,746.38,763.88,735.88,,1.04%
2011-08-26,762.00,753.50,768.63,747.38,,1.01%
2011-08-28,770.63,761.75,770.63,761.75,,1.13%
2011-08-29,789.75,770.25,805.63,765.25,,2.48%
2011-08-30,785.88,789.63,795.50,781.38,,-0.49%
2011-08-31,788.13,786.00,793.88,775.38,,0.29%
2011-09-01,765.13,787.88,789.13,758.38,,-2.92%
2011-09-02,775.88,765.13,777.88,758.13,,1.40%
2011-09-05,765.63,776.63,776.63,762.88,,-1.32%
2011-09-06,763.63,765.88,770.25,750.13,,-0.26%
2011-09-07,753.50,763.63,772.75,748.13,,-1.33%
2011-09-08,738.13,753.00,753.63,733.63,,-2.04%
2011-09-09,729.13,738.25,742.13,727.13,,-1.22%
2011-09-11,728.00,730.13,730.13,726.63,,-0.15%
2011-09-12,731.63,727.75,734.88,711.63,,0.50%
2011-09-13,703.88,730.88,731.88,696.25,,-3.79%
2011-09-14,704.00,703.75,712.50,698.13,,0.02%
2011-09-15,697.75,704.75,704.88,686.25,,-0.89%
2011-09-16,693.38,698.38,705.00,689.75,,-0.63%
2011-09-18,688.50,688.38,691.00,687.00,,-0.70%
2011-09-19,676.63,688.63,688.63,667.13,,-1.72%
2011-09-20,673.13,676.38,687.63,672.25,,-0.52%
2011-09-21,662.13,673.38,682.63,661.00,,-1.63%
2011-09-22,637.63,662.63,662.63,632.63,,-3.70%
2011-09-23,642.63,637.75,649.38,634.13,,0.78%
2011-09-25,646.13,646.38,647.63,643.88,,0.54%
2011-09-26,654.50,644.75,655.25,624.88,,1.30%
2011-09-27,652.38,654.63,669.63,650.38,,-0.32%
2011-09-28,632.75,651.75,657.38,632.75,,-3.01%
2011-09-29,658.50,632.75,661.38,627.38,,4.07%
2011-09-30,606.00,658.63,661.25,605.38,,-7.97%
2011-10-02,612.38,609.13,613.75,608.63,,1.05%
2011-10-03,615.88,612.25,622.75,596.88,,0.57%
2011-10-04,611.13,615.75,620.63,597.00,,-0.77%
2011-10-05,626.38,611.00,628.63,607.38,,2.50%
2011-10-06,615.13,626.50,639.38,613.50,,-1.80%
2011-10-07,608.88,615.25,622.88,606.38,,-1.02%
2011-10-09,612.13,607.63,613.13,606.63,,0.53%
2011-10-10,614.63,612.63,628.63,610.63,,0.41%
2011-10-11,657.50,614.75,665.13,612.50,,6.98%
2011-10-12,623.88,658.13,662.50,620.13,,-5.11%
2011-10-13,621.75,624.13,630.38,605.50,,-0.34%
2011-10-14,623.88,622.13,632.88,612.50,,0.34%
2011-10-16,621.38,623.88,626.38,621.38,,-0.40%
2011-10-17,624.88,622.25,634.13,620.13,,0.56%
2011-10-18,629.63,624.63,630.88,613.13,,0.76%
2011-10-19,617.00,629.75,636.88,616.75,,-2.01%
2011-10-20,630.88,616.88,632.88,613.75,,2.25%
2011-10-21,630.63,631.50,649.63,628.38,,-0.04%
2011-10-23,633.75,631.88,633.75,630.75,,0.50%
2011-10-24,642.38,633.25,646.88,632.63,,1.36%
2011-10-25,635.38,642.38,646.88,634.25,,-1.09%
2011-10-26,621.38,636.00,643.38,616.63,,-2.20%
2011-10-27,642.63,621.50,647.63,621.50,,3.42%
2011-10-28,646.13,643.25,652.63,636.38,,0.54%
2011-10-30,647.63,644.75,647.88,644.75,,0.23%
2011-10-31,629.25,647.50,647.88,619.50,,-2.84%
2011-11-01,626.13,629.63,633.75,612.50,,-0.50%
2011-11-02,624.38,625.88,638.13,620.38,,-0.28%
2011-11-03,634.63,623.75,644.13,620.25,,1.64%
2011-11-04,635.38,634.88,639.88,623.50,,0.12%
2011-11-07,639.00,638.88,640.63,630.13,,0.57%
2011-11-08,658.13,639.00,659.13,636.75,,2.99%
2011-11-09,642.63,655.63,657.63,633.75,,-2.36%
2011-11-10,621.38,641.63,648.50,618.88,,-3.31%
2011-11-11,618.00,619.75,625.63,609.63,,-0.54%
2011-11-14,614.63,616.88,622.00,610.50,,-0.55%
2011-11-15,632.00,616.00,634.13,612.38,,2.83%
2011-11-16,617.13,631.63,639.50,615.13,,-2.35%
2011-11-17,591.88,616.13,617.63,590.63,,-4.09%
2011-11-18,596.63,593.25,602.38,586.63,,0.80%
2011-11-21,591.88,598.63,601.63,584.63,,-0.80%
2011-11-22,594.13,592.38,597.00,586.13,,0.38%
2011-11-23,579.75,594.25,595.75,577.38,,-2.42%
2011-11-25,574.00,578.25,586.13,572.50,,-0.99%
2011-11-28,592.88,595.13,603.38,590.13,,3.29%
2011-11-29,614.88,592.50,618.88,591.13,,3.71%
2011-11-30,614.88,613.88,629.00,607.38,,0.00%
2011-12-01,614.38,615.00,624.88,605.88,,-0.08%
2011-12-02,626.63,616.00,631.25,611.88,,1.99%
2011-12-05,611.88,627.38,631.50,607.63,,-2.35%
2011-12-06,612.38,611.38,616.88,600.38,,0.08%
2011-12-07,600.38,612.38,615.38,598.88,,-1.96%
2011-12-08,595.88,600.00,602.88,591.25,,-0.75%
2011-12-09,596.13,595.38,599.25,584.13,,0.04%
2011-12-11,595.50,595.50,595.50,595.50,,-0.10%
2011-12-12,593.88,593.88,601.63,587.50,,-0.27%
2011-12-13,601.63,594.13,608.88,593.38,,1.30%
2011-12-14,581.50,600.38,602.63,579.63,,-3.35%
2011-12-15,578.38,582.63,587.75,578.38,,-0.54%
2011-12-16,583.13,578.75,587.38,577.25,,0.82%
2011-12-19,600.88,585.88,603.13,581.88,,3.04%
2011-12-20,606.88,599.50,608.63,595.75,,1.00%
2011-12-21,617.75,606.63,617.88,600.63,,1.79%
2011-12-22,621.50,617.13,625.63,611.50,,0.61%
2011-12-23,622.00,620.63,627.63,618.63,,0.08%
2011-12-25,621.75,621.75,621.75,621.75,,-0.04%
2011-12-26,621.75,621.75,621.75,621.75,,0.00%
2011-12-27,643.63,629.13,646.88,628.88,,3.52%
2011-12-28,650.63,643.63,655.75,641.50,,1.09%
2011-12-29,645.13,649.38,654.38,641.88,,-0.85%
2011-12-30,653.13,644.38,654.38,642.63,,1.24%
2012-01-02,653.13,653.13,653.13,653.13,,0.00%
2012-01-03,658.38,665.88,670.50,654.00,,0.80%
2012-01-04,650.13,656.38,661.13,645.63,,-1.25%
2012-01-05,627.38,649.13,650.13,627.13,,-3.50%
2012-01-06,624.63,629.38,636.88,624.63,,-0.44%
2012-01-09,642.38,625.75,644.88,625.25,,2.84%
2012-01-10,639.63,640.63,644.63,634.38,,-0.43%
2012-01-11,643.25,639.13,643.25,632.50,,0.57%
2012-01-12,605.88,641.38,648.63,592.00,,-5.81%
2012-01-13,601.63,603.88,609.88,599.13,,-0.70%
2012-01-17,604.88,603.38,611.75,601.63,,0.54%
2012-01-18,592.13,605.75,606.25,590.13,,-2.11%
2012-01-19,606.13,592.38,606.38,591.88,,2.36%
2012-01-20,610.63,605.13,611.75,597.13,,0.74%
2012-01-23,619.63,613.63,620.50,613.63,,1.47%
2012-01-24,633.63,619.88,637.88,614.13,,2.26%
2012-01-25,641.63,632.88,648.75,629.63,,1.26%
2012-01-26,653.13,640.88,658.00,639.88,,1.79%
2012-01-27,647.25,652.75,656.38,645.38,,-0.90%
2012-01-30,643.88,646.63,653.88,635.38,,-0.52%
2012-01-31,666.63,645.25,667.38,644.88,,3.53%
2012-02-01,674.63,666.75,683.25,666.63,,1.20%
2012-02-02,661.63,674.50,674.50,657.38,,-1.93%
2012-02-03,660.38,663.38,670.75,653.88,,-0.19%
2012-02-06,668.63,660.25,668.88,656.75,,1.25%
2012-02-07,661.13,669.13,671.88,655.38,,-1.12%
2012-02-08,661.13,662.13,669.63,653.13,,0.00%
2012-02-09,645.38,660.88,664.75,641.88,,-2.38%
2012-02-10,629.88,645.13,645.63,628.63,,-2.40%
2012-02-13,641.88,635.13,642.13,631.38,,1.91%
2012-02-14,634.25,640.75,642.88,632.63,,-1.19%
2012-02-15,626.13,635.13,640.13,624.38,,-1.28%
2012-02-16,627.13,627.75,632.38,621.13,,0.16%
2012-02-17,644.13,626.63,646.63,626.00,,2.71%
2012-02-21,633.63,648.13,648.13,623.88,,-1.63%
2012-02-22,644.88,632.75,645.75,628.63,,1.78%
2012-02-23,640.88,644.13,645.63,635.38,,-0.62%
2012-02-24,642.25,641.88,643.38,632.63,,0.21%
2012-02-27,653.75,643.13,653.75,633.38,,1.79%
2012-02-28,667.38,651.75,668.88,649.63,,2.08%
2012-02-29,667.88,666.25,674.38,660.38,,0.07%
2012-03-01,663.00,666.63,672.63,658.88,,-0.73%
2012-03-02,672.25,663.38,675.38,657.75,,1.40%
2012-03-05,670.88,673.50,677.50,667.88,,-0.20%
2012-03-06,657.13,671.38,671.50,655.38,,-2.05%
2012-03-07,638.63,658.63,658.63,636.38,,-2.82%
2012-03-08,634.63,640.75,647.50,633.63,,-0.63%
2012-03-09,640.88,635.38,649.88,634.38,,0.98%
2012-03-11,639.25,643.13,643.13,638.25,,-0.25%
2012-03-12,651.13,639.13,653.13,638.75,,1.86%
2012-03-13,649.50,651.38,657.38,645.25,,-0.25%
2012-03-14,646.25,649.75,650.88,640.88,,-0.50%
2012-03-15,663.63,646.13,665.38,643.38,,2.69%
2012-03-16,672.13,663.50,672.63,660.25,,1.28%
2012-03-18,674.50,670.88,675.13,670.13,,0.35%
2012-03-19,652.25,674.38,674.88,651.63,,-3.30%
2012-03-20,642.75,652.13,652.38,640.13,,-1.46%
2012-03-21,640.75,642.88,647.25,635.63,,-0.31%
2012-03-22,648.75,640.63,650.38,631.38,,1.25%
2012-03-23,654.63,648.88,654.88,646.38,,0.91%
2012-03-25,650.25,654.88,655.25,650.13,,-0.67%
2012-03-26,658.75,650.13,670.38,650.13,,1.31%
2012-03-27,640.88,658.88,663.38,638.88,,-2.71%
2012-03-28,633.25,640.75,646.13,630.13,,-1.19%
2012-03-29,616.63,633.38,635.13,611.50,,-2.63%
2012-03-30,658.88,616.75,668.63,613.63,,6.85%
2012-04-01,663.50,662.88,665.63,662.00,,0.70%
2012-04-02,653.88,663.38,664.13,649.38,,-1.45%
2012-04-03,658.38,653.75,658.88,650.13,,0.69%
2012-04-04,641.25,658.25,658.25,635.63,,-2.60%
2012-04-05,638.63,641.50,649.63,636.13,,-0.41%
2012-04-08,641.63,636.63,642.63,636.63,,0.47%
2012-04-09,641.38,641.75,648.88,636.88,,-0.04%
2012-04-10,622.75,641.50,651.63,622.63,,-2.90%
2012-04-11,629.88,622.88,633.63,619.88,,1.14%
2012-04-12,639.88,629.75,645.38,629.13,,1.59%
2012-04-13,622.88,640.00,643.13,618.63,,-2.66%
2012-04-15,620.25,623.25,623.25,619.50,,-0.42%
2012-04-16,618.75,620.38,625.38,615.13,,-0.24%
2012-04-17,616.13,618.63,626.88,615.13,,-0.42%
2012-04-18,613.88,616.00,618.50,604.25,,-0.37%
2012-04-19,625.88,613.63,628.13,613.38,,1.95%
2012-04-20,616.88,626.00,627.88,614.63,,-1.44%
2012-04-22,622.25,623.25,623.63,621.38,,0.87%
2012-04-23,633.00,622.38,634.88,621.50,,1.73%
2012-04-24,638.75,632.88,646.63,631.38,,0.91%
2012-04-25,627.25,638.88,642.50,624.13,,-1.80%
2012-04-26,636.00,627.13,636.63,624.63,,1.39%
2012-04-27,649.38,636.13,654.88,632.75,,2.10%
2012-04-29,648.88,647.50,651.38,647.50,,-0.08%
2012-04-30,652.63,648.75,655.38,640.38,,0.58%
2012-05-01,640.00,652.50,653.38,638.88,,-1.93%
2012-05-02,616.13,640.25,640.88,612.50,,-3.73%
2012-05-03,618.13,616.00,621.63,613.38,,0.32%
2012-05-04,608.88,618.25,620.63,599.63,,-1.50%
2012-05-06,608.88,608.25,609.38,607.75,,0.00%
2012-05-07,611.88,609.13,613.88,600.88,,0.49%
2012-05-08,617.25,611.63,620.75,611.63,,0.88%
2012-05-09,602.38,617.13,617.38,598.63,,-2.41%
2012-05-10,600.88,602.50,607.38,595.63,,-0.25%
2012-05-11,596.63,600.63,603.63,592.38,,-0.71%
2012-05-13,598.75,599.13,600.88,598.63,,0.36%
2012-05-14,598.38,598.63,601.88,592.38,,-0.06%
2012-05-15,609.13,598.63,616.88,598.63,,1.80%
2012-05-16,638.88,609.00,640.13,604.13,,4.88%
2012-05-17,657.63,639.00,658.25,639.00,,2.93%
2012-05-18,694.88,657.75,697.13,652.63,,5.66%
2012-05-20,703.88,703.25,703.88,702.88,,1.30%
2012-05-21,697.50,703.63,721.38,683.13,,-0.91%
2012-05-22,683.88,697.38,701.88,682.13,,-1.95%
2012-05-23,669.88,684.13,684.13,663.63,,-2.05%
2012-05-24,665.38,669.63,675.88,661.88,,-0.67%
2012-05-25,679.88,665.25,687.00,661.88,,2.18%
2012-05-29,660.25,674.00,683.75,655.88,,-2.89%
2012-05-30,652.25,660.13,660.88,644.38,,-1.21%
2012-05-31,645.63,652.38,653.75,643.13,,-1.02%
2012-06-01,613.25,645.38,646.25,611.25,,-5.01%
2012-06-03,613.50,615.88,616.00,613.38,,0.04%
2012-06-04,628.25,613.63,631.13,613.38,,2.40%
2012-06-05,615.63,628.00,630.88,612.13,,-2.01%
2012-06-06,625.63,615.75,628.63,614.25,,1.62%
2012-06-07,635.25,625.75,644.38,620.38,,1.54%
2012-06-08,630.13,635.38,638.63,627.88,,-0.81%
2012-06-10,630.00,631.25,634.13,629.88,,-0.02%
2012-06-11,627.25,630.13,642.13,627.13,,-0.44%
2012-06-12,617.88,627.13,638.75,613.38,,-1.49%
2012-06-13,619.13,618.00,623.63,614.88,,0.20%
2012-06-14,621.25,619.25,628.88,616.38,,0.34%
2012-06-15,613.88,621.38,626.63,607.75,,-1.19%
2012-06-17,615.50,613.25,615.63,613.25,,0.26%
2012-06-18,631.50,615.38,633.88,613.25,,2.60%
2012-06-19,649.63,631.38,651.13,631.38,,2.87%
2012-06-20,658.63,649.75,664.38,641.00,,1.39%
2012-06-21,658.50,658.38,681.50,655.13,,-0.02%
2012-06-22,674.63,658.63,684.63,658.38,,2.45%
2012-06-24,702.63,696.50,706.00,696.50,,4.15%
2012-06-25,747.00,702.50,755.13,702.38,,6.32%
2012-06-26,741.88,747.13,751.63,725.63,,-0.69%
2012-06-27,747.88,742.13,763.38,739.38,,0.81%
2012-06-28,742.38,747.75,757.13,741.88,,-0.74%
2012-06-29,758.88,742.25,761.63,740.63,,2.22%
2012-07-01,773.38,758.88,773.88,758.88,,1.91%
2012-07-02,775.50,773.50,779.25,756.38,,0.27%
2012-07-03,799.13,775.38,800.38,774.38,,3.05%
2012-07-05,828.00,814.63,840.38,809.63,,3.61%
2012-07-06,807.13,827.88,831.63,804.13,,-2.52%
2012-07-08,821.50,818.38,823.75,815.88,,1.78%
2012-07-09,817.75,821.38,844.63,815.63,,-0.46%
2012-07-10,822.50,817.63,833.13,807.00,,0.58%
2012-07-11,829.38,822.63,848.38,803.63,,0.84%
2012-07-12,845.50,829.25,857.75,820.38,,1.94%
2012-07-13,846.63,845.25,865.50,845.00,,0.13%
2012-07-15,866.88,858.00,867.88,856.50,,2.39%
2012-07-16,896.13,867.00,897.38,864.50,,3.37%
2012-07-17,883.75,895.75,898.13,867.75,,-1.38%
2012-07-18,898.38,883.63,907.38,865.75,,1.65%
2012-07-19,932.63,898.88,937.88,896.75,,3.81%
2012-07-20,943.88,932.75,944.50,917.00,,1.21%
2012-07-22,932.25,942.00,942.00,926.13,,-1.23%
2012-07-23,891.88,932.13,933.50,889.50,,-4.33%
2012-07-24,863.38,891.75,902.63,852.88,,-3.20%
2012-07-25,893.00,863.63,908.75,863.25,,3.43%
2012-07-26,879.88,892.88,904.13,873.88,,-1.47%
2012-07-27,898.75,880.13,910.88,879.63,,2.15%
2012-07-29,909.88,908.13,912.88,903.13,,1.24%
2012-07-30,911.00,909.75,919.63,905.88,,0.12%
2012-07-31,892.63,911.13,919.38,886.38,,-2.02%
2012-08-01,881.63,893.25,897.00,861.88,,-1.23%
2012-08-02,861.50,881.50,883.38,856.13,,-2.28%
2012-08-03,891.13,861.63,906.88,860.75,,3.44%
2012-08-05,885.13,884.25,888.38,876.88,,-0.67%
2012-08-06,891.88,884.75,897.00,879.63,,0.76%
2012-08-07,887.50,892.00,904.63,883.63,,-0.49%
2012-08-08,899.75,887.13,902.13,869.50,,1.38%
2012-08-09,915.25,899.88,919.25,899.25,,1.72%
2012-08-10,887.00,915.13,930.88,880.88,,-3.09%
2012-08-12,880.75,883.25,885.13,879.00,,-0.70%
2012-08-13,859.38,880.50,882.88,855.00,,-2.43%
2012-08-14,845.63,859.50,865.88,838.75,,-1.60%
2012-08-15,846.75,845.50,850.63,840.63,,0.13%
2012-08-16,863.75,847.00,868.88,841.13,,2.01%
2012-08-17,873.88,863.63,879.75,863.13,,1.17%
2012-08-19,872.25,873.75,876.75,871.50,,-0.19%
2012-08-20,879.38,872.38,883.38,867.13,,0.82%
2012-08-21,896.88,879.25,904.63,878.25,,1.99%
2012-08-22,895.50,897.50,898.63,889.63,,-0.15%
2012-08-23,874.38,895.63,903.25,871.63,,-2.36%
2012-08-24,867.38,874.25,885.75,866.13,,-0.80%
2012-08-26,892.00,893.25,893.63,887.13,,2.84%
2012-08-27,878.75,892.25,899.13,878.75,,-1.49%
2012-08-28,875.88,878.63,888.88,871.50,,-0.33%
2012-08-29,902.25,876.00,908.13,874.13,,3.01%
2012-08-30,903.50,902.38,914.50,897.38,,0.14%
2012-08-31,888.63,903.38,905.88,881.13,,-1.65%
2012-09-04,886.50,892.00,903.88,881.13,,-0.24%
2012-09-05,867.88,886.38,887.13,865.63,,-2.10%
2012-09-06,890.75,867.75,894.38,867.63,,2.64%
2012-09-07,905.50,890.63,912.38,884.88,,1.66%
2012-09-09,908.63,902.75,909.88,901.38,,0.35%
2012-09-10,888.50,908.75,917.38,885.38,,-2.21%
2012-09-11,883.88,888.25,898.13,882.38,,-0.52%
2012-09-12,889.88,884.00,893.38,869.00,,0.68%
2012-09-13,901.38,890.00,904.88,885.75,,1.29%
2012-09-14,925.88,901.50,930.63,898.75,,2.72%
2012-09-16,916.13,921.75,926.63,915.13,,-1.05%
2012-09-17,883.63,916.25,918.38,876.38,,-3.55%
2012-09-18,866.75,883.88,887.63,860.88,,-1.91%
2012-09-19,885.00,867.50,885.88,866.63,,2.11%
2012-09-20,880.75,884.88,893.63,869.13,,-0.48%
2012-09-21,898.88,881.38,898.88,880.63,,2.06%
2012-09-23,902.63,896.25,906.88,896.25,,0.42%
2012-09-24,886.25,902.75,904.38,883.63,,-1.81%
2012-09-25,887.75,886.38,897.38,880.88,,0.17%
2012-09-26,872.88,887.63,888.75,866.63,,-1.68%
2012-09-27,855.88,872.75,875.50,849.38,,-1.95%
2012-09-28,899.38,855.75,906.50,850.75,,5.08%
2012-09-30,895.63,902.13,904.13,892.13,,-0.42%
2012-10-01,880.25,895.50,901.00,872.38,,-1.72%
2012-10-02,867.63,880.13,882.38,864.00,,-1.43%
2012-10-03,870.38,867.75,878.38,858.13,,0.32%
2012-10-04,872.25,870.25,882.63,867.00,,0.22%
2012-10-05,856.88,872.13,872.63,856.63,,-1.76%
2012-10-07,858.88,856.88,859.25,855.38,,0.23%
2012-10-08,862.50,858.63,867.13,856.75,,0.42%
2012-10-09,864.25,862.88,873.63,862.75,,0.20%
2012-10-10,868.75,864.38,876.63,863.63,,0.52%
2012-10-11,882.38,868.63,893.88,859.50,,1.57%
2012-10-12,856.88,882.25,884.38,853.38,,-2.89%
2012-10-14,852.88,856.88,860.13,852.13,,-0.47%
2012-10-15,856.13,852.63,857.25,841.63,,0.38%
2012-10-16,846.50,856.00,857.50,843.88,,-1.12%
2012-10-17,856.25,846.38,857.63,845.63,,1.15%
2012-10-18,868.50,856.38,875.88,855.75,,1.43%
2012-10-19,871.13,868.38,885.25,866.38,,0.30%
2012-10-21,873.88,873.38,876.25,871.63,,0.32%
2012-10-22,877.13,873.88,884.38,871.38,,0.37%
2012-10-23,867.38,877.00,878.13,860.13,,-1.11%
2012-10-24,878.38,867.50,894.75,865.75,,1.27%
2012-10-25,874.75,879.13,888.63,871.38,,-0.41%
2012-10-26,864.00,874.88,878.13,863.38,,-1.23%
2012-10-28,861.25,863.88,864.25,860.88,,-0.32%
2012-10-29,857.75,861.38,871.25,857.13,,-0.41%
2012-10-30,860.13,857.50,866.38,852.88,,0.28%
2012-10-31,866.88,860.00,874.13,859.50,,0.78%
2012-11-01,865.25,867.38,877.38,861.63,,-0.19%
2012-11-02,866.25,865.13,873.63,859.25,,0.12%
2012-11-04,867.75,865.38,868.50,863.38,,0.17%
2012-11-05,872.00,867.88,875.63,863.63,,0.49%
2012-11-06,876.13,872.13,879.63,870.25,,0.47%
2012-11-07,889.38,876.38,896.63,870.75,,1.51%
2012-11-08,900.63,889.63,904.88,886.88,,1.26%
2012-11-09,887.25,900.75,911.63,884.13,,-1.49%
2012-11-11,883.88,885.75,885.88,882.63,,-0.38%
2012-11-12,858.63,883.75,884.75,855.13,,-2.86%
2012-11-13,854.25,858.88,864.38,843.63,,-0.51%
2012-11-14,847.63,854.63,857.88,845.88,,-0.78%
2012-11-15,846.00,847.50,856.38,843.50,,-0.19%
2012-11-16,837.13,846.13,849.63,829.63,,-1.05%
2012-11-18,837.63,836.25,838.75,835.88,,0.06%
2012-11-19,843.38,837.88,847.88,836.88,,0.69%
2012-11-20,843.88,843.63,849.63,837.50,,0.06%
2012-11-21,845.13,843.75,849.38,841.13,,0.15%
2012-11-23,847.13,850.00,853.13,846.13,,0.24%
2012-11-25,859.75,863.13,863.13,858.50,,1.49%
2012-11-26,864.50,859.88,868.75,859.50,,0.55%
2012-11-27,886.00,864.38,888.88,864.38,,2.49%
2012-11-28,886.88,886.13,895.13,879.88,,0.10%
2012-11-29,885.50,887.00,894.88,880.88,,-0.16%
2012-11-30,863.50,885.38,885.50,862.63,,-2.48%
2012-12-02,863.50,863.50,863.50,863.50,,0.00%
2012-12-03,861.25,869.38,877.13,858.38,,-0.26%
2012-12-04,858.25,861.50,864.88,851.88,,-0.35%
2012-12-05,860.63,858.38,863.38,852.63,,0.28%
2012-12-06,860.50,860.50,864.13,853.13,,-0.01%
2012-12-07,860.00,860.38,864.63,853.13,,-0.06%
2012-12-09,857.63,861.50,861.88,857.00,,-0.28%
2012-12-10,847.88,857.88,861.88,846.88,,-1.14%
2012-12-11,823.88,848.13,848.63,816.13,,-2.83%
2012-12-12,812.88,824.00,825.38,809.13,,-1.34%
2012-12-13,808.00,812.75,817.63,801.63,,-0.60%
2012-12-14,813.88,808.13,817.38,806.13,,0.73%
2012-12-16,814.88,815.88,818.63,813.38,,0.12%
2012-12-17,812.63,814.63,818.25,805.13,,-0.28%
2012-12-18,813.38,812.88,816.38,801.63,,0.09%
2012-12-19,807.13,813.50,822.63,802.13,,-0.77%
2012-12-20,792.25,806.75,808.38,782.88,,-1.84%
2012-12-21,791.88,792.38,798.63,789.88,,-0.05%
2012-12-23,794.50,794.25,796.13,793.75,,0.33%
2012-12-24,794.13,794.63,796.13,791.38,,-0.05%
2012-12-26,775.88,794.13,794.88,773.88,,-2.30%
2012-12-27,776.88,775.75,777.63,764.63,,0.13%
2012-12-28,778.38,777.00,784.38,767.13,,0.19%
2012-12-30,775.00,778.63,778.63,774.63,,-0.43%
2012-12-31,778.50,775.13,779.88,767.88,,0.45%
2013-01-02,758.88,786.88,787.38,752.63,,-2.52%
2013-01-03,754.25,758.75,761.13,750.25,,-0.61%
2013-01-04,748.88,754.38,757.63,739.88,,-0.71%
2013-01-06,748.25,749.50,749.50,746.50,,-0.08%
2013-01-07,752.25,748.13,760.25,743.63,,0.53%
2013-01-08,750.88,752.13,759.13,749.63,,-0.18%
2013-01-09,749.63,751.00,756.88,745.13,,-0.17%
2013-01-10,746.00,749.75,756.13,744.13,,-0.48%
2013-01-11,757.88,745.88,771.75,736.38,,1.59%
2013-01-13,767.50,761.75,767.50,760.88,,1.27%
2013-01-14,770.25,767.63,776.63,763.50,,0.36%
2013-01-15,783.38,769.88,789.38,769.13,,1.70%
2013-01-16,786.75,783.25,790.63,777.13,,0.43%
2013-01-17,785.38,786.63,787.88,776.38,,-0.17%
2013-01-18,790.50,785.50,793.63,778.88,,0.65%
2013-01-20,790.50,790.50,790.50,790.50,,0.00%
2013-01-22,776.38,794.88,799.63,776.13,,-1.79%
2013-01-23,772.88,776.13,784.88,771.13,,-0.45%
2013-01-24,771.38,772.63,774.88,763.13,,-0.19%
2013-01-25,775.88,771.25,780.63,764.38,,0.58%
2013-01-27,779.50,778.63,780.38,777.38,,0.47%
2013-01-28,778.38,779.63,782.88,770.88,,-0.14%
2013-01-29,773.88,778.25,784.88,773.75,,-0.58%
2013-01-30,786.75,773.75,788.88,771.88,,1.66%
2013-01-31,781.63,787.13,790.88,773.88,,-0.65%
2013-02-01,766.13,781.50,789.88,764.63,,-1.98%
2013-02-03,765.88,768.25,768.38,764.25,,-0.03%
2013-02-04,765.38,766.13,773.38,761.13,,-0.07%
2013-02-05,757.63,765.50,766.13,751.13,,-1.01%
2013-02-06,759.75,757.75,763.88,746.63,,0.28%
2013-02-07,756.75,759.88,764.25,752.88,,-0.39%
2013-02-08,756.13,756.63,770.63,753.13,,-0.08%
2013-02-10,757.88,757.00,759.00,753.50,,0.23%
2013-02-11,741.88,757.63,757.63,740.88,,-2.11%
2013-02-12,734.25,741.75,744.13,725.63,,-1.03%
2013-02-13,737.75,734.38,737.75,722.88,,0.48%
2013-02-14,734.38,737.63,740.63,725.13,,-0.46%
2013-02-15,742.00,734.63,744.38,733.88,,1.04%
2013-02-19,732.75,746.63,747.38,726.38,,-1.25%
2013-02-20,736.88,732.63,740.63,727.88,,0.56%
2013-02-21,723.00,736.75,737.38,719.63,,-1.88%
2013-02-22,713.88,722.63,729.63,713.88,,-1.26%
2013-02-24,720.13,718.25,720.88,715.88,,0.88%
2013-02-25,705.88,720.38,722.13,704.13,,-1.98%
2013-02-26,711.88,705.75,711.88,698.13,,0.85%
2013-02-27,712.00,712.50,721.88,710.13,,0.02%
2013-02-28,716.38,712.13,722.88,711.13,,0.61%
2013-03-01,720.38,716.50,726.38,708.13,,0.56%
2013-03-03,719.00,721.13,721.63,718.63,,-0.19%
2013-03-04,703.50,719.13,722.38,697.88,,-2.16%
2013-03-05,705.25,703.38,708.63,701.13,,0.25%
2013-03-06,683.25,705.38,706.88,681.25,,-3.12%
2013-03-07,695.63,683.13,696.38,681.63,,1.81%
2013-03-08,696.38,695.38,702.00,687.50,,0.11%
2013-03-10,699.38,696.00,699.75,695.13,,0.43%
2013-03-11,700.75,699.25,707.88,695.13,,0.20%
2013-03-12,703.00,700.88,706.38,695.75,,0.32%
2013-03-13,712.25,702.88,712.75,697.25,,1.32%
2013-03-14,724.88,711.88,725.38,707.88,,1.77%
2013-03-15,723.13,724.63,724.88,717.63,,-0.24%
2013-03-17,716.63,720.75,721.38,716.00,,-0.90%
2013-03-18,714.13,716.38,719.25,705.75,,-0.35%
2013-03-19,727.38,714.38,727.63,709.38,,1.86%
2013-03-20,733.63,727.25,736.63,723.13,,0.86%
2013-03-21,728.38,733.50,736.38,726.25,,-0.72%
2013-03-22,729.38,728.50,731.38,715.63,,0.14%
2013-03-24,730.00,729.63,730.13,728.38,,0.09%
2013-03-25,726.13,729.88,730.38,722.63,,-0.53%
2013-03-26,729.63,726.38,732.50,723.63,,0.48%
2013-03-27,736.00,729.50,740.63,728.75,,0.87%
2013-03-28,688.25,735.88,741.38,682.88,,-6.49%
2013-03-31,684.50,682.88,688.00,681.25,,-0.54%
2013-04-01,667.38,684.88,685.00,660.25,,-2.50%
2013-04-02,674.38,667.38,676.25,664.63,,1.05%
2013-04-03,701.88,674.00,705.38,670.88,,4.08%
2013-04-04,692.50,701.75,701.88,684.63,,-1.34%
2013-04-05,699.38,692.38,700.38,689.38,,0.99%
2013-04-08,711.75,700.00,715.88,700.00,,1.77%
2013-04-09,707.25,713.13,714.13,704.38,,-0.63%
2013-04-10,696.88,706.13,712.75,688.88,,-1.47%
2013-04-11,698.50,697.38,705.63,693.75,,0.23%
2013-04-12,714.13,699.00,715.88,698.50,,2.24%
2013-04-15,692.63,715.00,715.00,688.63,,-3.01%
2013-04-16,703.63,692.88,703.63,689.88,,1.59%
2013-04-17,703.38,703.75,715.38,698.63,,-0.04%
2013-04-18,704.13,705.38,711.75,696.13,,0.11%
2013-04-19,708.38,703.63,711.38,697.63,,0.60%
2013-04-22,702.13,708.13,708.13,691.38,,-0.88%
2013-04-23,697.88,702.88,703.50,690.38,,-0.61%
2013-04-24,690.25,697.75,698.63,688.63,,-1.09%
2013-04-25,701.63,690.50,705.38,690.50,,1.65%
2013-04-26,686.88,701.50,701.50,686.88,,-2.10%
2013-04-29,715.25,696.50,719.63,695.38,,4.13%
2013-04-30,730.25,716.25,736.63,705.13,,2.10%
2013-05-01,719.63,731.50,731.50,713.38,,-1.45%
2013-05-02,729.25,720.63,729.63,717.88,,1.34%
2013-05-03,721.75,727.63,734.88,716.63,,-1.03%
2013-05-06,702.25,713.75,714.63,700.63,,-2.70%
2013-05-07,707.63,704.50,710.38,698.38,,0.77%
2013-05-08,705.50,707.88,712.63,700.13,,-0.30%
2013-05-09,724.13,704.88,727.50,702.88,,2.64%
2013-05-10,703.50,722.63,724.00,702.38,,-2.85%
2013-05-13,709.38,701.88,718.63,701.63,,0.84%
2013-05-14,712.38,709.25,716.63,706.88,,0.42%
2013-05-15,693.88,710.88,711.13,692.63,,-2.60%
2013-05-16,688.88,694.13,698.88,681.63,,-0.72%
2013-05-17,682.63,688.38,689.63,680.63,,-0.91%
2013-05-20,686.25,681.38,688.00,674.63,,0.53%
2013-05-21,679.88,683.38,684.13,674.13,,-0.93%
2013-05-22,686.88,680.50,692.63,680.13,,1.03%
2013-05-23,705.00,687.63,708.88,687.13,,2.64%
2013-05-24,696.38,704.38,707.25,696.38,,-1.22%
2013-05-28,693.50,697.88,704.88,687.88,,-0.41%
2013-05-29,700.38,693.50,703.88,688.88,,0.99%
2013-05-30,697.88,699.13,702.25,687.63,,-0.36%
2013-05-31,706.63,697.38,707.38,692.88,,1.25%
2013-06-03,709.38,707.75,714.38,692.63,,0.39%
2013-06-04,709.63,707.50,712.88,700.13,,0.04%
2013-06-05,701.38,710.50,712.38,701.13,,-1.16%
2013-06-06,698.50,701.63,706.13,693.63,,-0.41%
2013-06-07,696.25,696.88,703.13,694.38,,-0.32%
2013-06-10,690.25,693.25,693.50,680.63,,-0.86%
2013-06-11,696.13,690.13,699.63,686.88,,0.85%
2013-06-12,681.88,694.25,696.63,679.13,,-2.05%
2013-06-13,685.63,683.38,686.63,675.13,,0.55%
2013-06-14,681.13,685.50,685.50,676.63,,-0.66%
2013-06-17,683.38,677.88,688.63,674.75,,0.33%
2013-06-18,686.88,681.50,689.38,680.88,,0.51%
2013-06-19,705.13,684.50,710.63,682.63,,2.66%
2013-06-20,699.88,703.88,707.63,695.13,,-0.74%
2013-06-21,697.88,700.38,704.38,696.13,,-0.29%
2013-06-24,687.75,700.88,701.75,685.13,,-1.45%
2013-06-25,685.13,687.88,694.63,684.88,,-0.38%
2013-06-26,676.63,684.75,690.13,676.13,,-1.24%
2013-06-27,672.88,677.00,683.13,672.88,,-0.55%
2013-06-28,656.88,673.13,678.13,656.13,,-2.38%
2013-07-01,656.63,655.50,663.75,652.88,,-0.04%
2013-07-02,656.38,656.00,667.88,652.38,,-0.04%
2013-07-03,666.00,658.13,671.38,658.13,,1.47%
2013-07-04,666.00,666.00,666.00,666.00,,0.00%
2013-07-05,659.88,670.88,672.38,659.38,,-0.92%
2013-07-08,662.38,659.00,671.25,659.00,,0.38%
2013-07-09,676.38,662.88,682.63,662.50,,2.11%
2013-07-10,678.13,676.13,682.13,668.63,,0.26%
2013-07-11,682.38,679.13,692.88,676.00,,0.63%
2013-07-12,681.00,683.13,687.50,679.88,,-0.20%
2013-07-15,669.50,677.13,677.63,667.63,,-1.69%
2013-07-16,669.25,671.50,681.25,665.63,,-0.04%
2013-07-17,665.25,669.50,674.00,664.13,,-0.60%
2013-07-18,661.13,664.25,667.13,656.63,,-0.62%
2013-07-19,663.88,660.88,669.88,658.13,,0.42%
2013-07-22,659.88,666.38,667.75,655.13,,-0.60%
2013-07-23,654.63,659.25,659.38,650.63,,-0.80%
2013-07-24,653.13,653.88,661.63,653.13,,-0.23%
2013-07-25,648.38,652.63,656.38,648.13,,-0.73%
2013-07-26,649.25,648.75,657.38,648.13,,0.13%
2013-07-29,651.13,650.38,655.88,648.63,,0.29%
2013-07-30,656.00,650.38,662.38,650.13,,0.75%
2013-07-31,663.63,654.38,665.50,653.63,,1.16%
2013-08-01,659.13,663.38,667.38,648.38,,-0.68%
2013-08-02,660.25,657.75,667.13,656.50,,0.17%
2013-08-05,645.25,659.50,665.38,641.63,,-2.27%
2013-08-06,650.00,646.13,651.00,642.38,,0.74%
2013-08-07,643.88,650.25,652.88,639.13,,-0.94%
2013-08-08,641.13,642.50,647.88,640.00,,-0.43%
2013-08-09,633.63,642.00,644.88,630.63,,-1.17%
2013-08-12,635.25,633.25,644.88,630.13,,0.26%
2013-08-13,627.50,635.88,643.38,626.38,,-1.22%
2013-08-14,630.38,626.63,631.75,623.13,,0.46%
2013-08-15,637.63,631.13,641.13,629.13,,1.15%
2013-08-16,631.50,637.75,641.13,626.63,,-0.96%
2013-08-19,640.50,636.50,642.38,635.25,,1.43%
2013-08-20,634.50,641.38,643.75,634.13,,-0.94%
2013-08-21,638.38,635.13,646.63,634.38,,0.61%
2013-08-22,630.50,640.38,640.38,629.88,,-1.23%
2013-08-23,633.75,629.00,637.88,628.50,,0.52%
2013-08-26,667.13,651.88,676.38,651.63,,5.27%
2013-08-27,663.25,666.13,670.25,661.13,,-0.58%
2013-08-28,660.38,665.13,669.38,658.63,,-0.43%
2013-08-29,654.38,660.25,663.50,652.13,,-0.91%
2013-08-30,654.88,654.13,658.63,650.38,,0.08%
2013-09-03,647.50,663.00,663.63,645.38,,-1.13%
2013-09-04,646.38,647.25,647.25,640.13,,-0.17%
2013-09-05,639.38,645.75,646.25,637.13,,-1.08%
2013-09-06,647.63,639.13,652.88,638.25,,1.29%
2013-09-09,640.88,648.38,651.38,639.63,,-1.04%
2013-09-10,646.25,641.50,648.13,640.13,,0.84%
2013-09-11,647.88,647.63,652.13,642.13,,0.25%
2013-09-12,652.88,648.13,654.13,637.50,,0.77%
2013-09-13,640.50,652.63,652.63,640.13,,-1.90%
2013-09-16,640.88,641.13,648.63,638.63,,0.06%
2013-09-17,642.50,641.63,651.00,641.38,,0.25%
2013-09-18,645.50,642.38,647.88,642.00,,0.47%
2013-09-19,656.25,647.38,662.38,646.63,,1.67%
2013-09-20,645.88,656.63,659.13,643.88,,-1.58%
2013-09-23,653.88,646.13,656.63,645.38,,1.24%
2013-09-24,657.63,653.75,659.88,649.63,,0.57%
2013-09-25,669.63,657.88,674.88,657.88,,1.82%
2013-09-26,678.63,670.13,678.88,668.63,,1.34%
2013-09-27,681.13,677.63,685.38,675.50,,0.37%
2013-09-30,679.13,681.00,694.00,676.88,,-0.29%
2013-10-01,683.38,678.13,683.38,672.63,,0.63%
2013-10-02,686.00,681.00,689.63,678.00,,0.38%
2013-10-03,688.63,685.75,697.88,685.50,,0.38%
2013-10-04,686.63,688.75,692.63,684.38,,-0.29%
2013-10-07,695.00,686.88,696.13,686.50,,1.22%
2013-10-08,693.13,694.13,699.63,688.13,,-0.27%
2013-10-09,690.13,692.50,694.63,687.38,,-0.43%
2013-10-10,685.00,691.13,695.63,684.13,,-0.74%
2013-10-11,692.00,684.63,695.38,682.38,,1.02%
2013-10-14,691.88,691.63,696.13,686.38,,-0.02%
2013-10-15,685.63,691.88,693.63,685.38,,-0.90%
2013-10-16,681.13,686.13,687.88,678.38,,-0.66%
2013-10-17,685.63,681.25,693.13,680.75,,0.66%
2013-10-18,705.25,686.38,706.38,686.13,,2.86%
2013-10-21,698.88,706.13,711.13,694.13,,-0.90%
2013-10-22,700.63,699.13,704.13,696.13,,0.25%
2013-10-23,701.75,700.75,710.38,699.75,,0.16%
2013-10-24,696.50,701.25,707.88,696.13,,-0.75%
2013-10-25,691.63,696.38,701.88,690.38,,-0.70%
2013-10-28,680.88,688.88,691.13,680.88,,-1.55%
2013-10-29,681.75,681.25,684.63,676.38,,0.13%
2013-10-30,674.13,684.88,686.00,674.13,,-1.12%
2013-10-31,667.38,675.13,676.88,667.13,,-1.00%
2013-11-01,667.13,667.75,672.13,664.63,,-0.04%
2013-11-04,663.38,666.50,671.38,662.13,,-0.56%
2013-11-05,656.50,662.63,665.13,655.25,,-1.04%
2013-11-06,653.63,657.00,660.38,652.38,,-0.44%
2013-11-07,653.38,654.00,657.13,652.38,,-0.04%
2013-11-08,648.00,653.50,657.75,645.50,,-0.82%
2013-11-11,646.25,651.13,659.38,646.00,,-0.27%
2013-11-12,645.00,647.00,651.88,644.88,,-0.19%
2013-11-13,645.25,646.38,648.88,643.63,,0.04%
2013-11-14,644.88,645.88,652.88,644.38,,-0.06%
2013-11-15,643.75,646.00,648.38,642.88,,-0.17%
2013-11-18,642.38,646.25,649.63,642.38,,-0.21%
2013-11-19,650.00,642.75,651.13,642.75,,1.19%
2013-11-20,646.50,650.00,654.63,646.38,,-0.54%
2013-11-21,648.63,647.88,653.38,647.38,,0.33%
2013-11-22,649.00,649.38,653.63,648.63,,0.06%
2013-11-24,656.25,656.25,656.25,656.25,,1.12%
2013-11-25,659.50,658.63,662.38,657.38,,0.50%
2013-11-26,655.75,659.00,660.63,653.38,,-0.57%
2013-11-27,664.63,656.63,666.88,656.38,,1.35%
2013-11-29,668.25,668.50,670.63,665.13,,0.55%
2013-12-02,662.88,668.88,674.63,660.63,,-0.80%
2013-12-03,668.88,663.88,669.13,662.13,,0.91%
2013-12-04,662.00,668.38,672.13,661.38,,-1.03%
2013-12-05,651.63,662.63,662.88,650.63,,-1.57%
2013-12-06,650.75,652.13,654.88,649.38,,-0.13%
2013-12-09,650.50,651.63,657.13,649.38,,-0.04%
2013-12-10,639.50,649.88,652.13,635.13,,-1.69%
2013-12-11,641.13,639.88,643.38,635.38,,0.25%
2013-12-12,633.38,641.00,642.50,630.38,,-1.21%
2013-12-13,629.13,633.38,634.88,626.88,,-0.67%
2013-12-16,621.63,628.63,628.63,621.13,,-1.19%
2013-12-17,618.88,622.38,626.63,618.88,,-0.44%
2013-12-18,612.38,618.63,618.88,612.38,,-1.05%
2013-12-19,610.13,614.88,621.13,610.13,,-0.37%
2013-12-20,613.63,610.38,615.63,607.38,,0.57%
2013-12-23,609.25,614.50,615.13,608.38,,-0.71%
2013-12-24,606.38,610.38,611.63,605.88,,-0.47%
2013-12-26,605.75,606.38,606.63,600.88,,-0.10%
2013-12-27,608.13,608.13,609.88,603.38,,0.39%
2013-12-30,600.13,608.00,609.00,600.13,,-1.32%
2013-12-31,605.13,601.63,607.13,599.38,,0.83%
2014-01-01,605.13,605.13,605.13,605.13,,0.00%
2014-01-02,596.75,605.00,605.00,595.88,,-1.38%
2014-01-03,606.63,596.88,608.88,596.38,,1.65%
2014-01-06,606.13,608.13,612.38,605.13,,-0.08%
2014-01-07,602.38,606.38,609.88,601.88,,-0.62%
2014-01-08,587.63,603.13,607.13,587.38,,-2.45%
2014-01-09,584.50,588.13,590.75,578.38,,-0.53%
2014-01-10,568.13,584.38,590.25,560.88,,-2.80%
2014-01-13,572.88,571.75,575.88,570.13,,0.84%
2014-01-14,579.38,571.38,579.63,570.63,,1.13%
2014-01-15,567.38,579.50,579.63,566.88,,-2.07%
2014-01-16,572.13,568.38,573.63,564.13,,0.84%
2014-01-17,562.88,572.88,574.25,562.88,,-1.62%
2014-01-21,561.88,565.13,567.63,560.88,,-0.18%
2014-01-22,561.13,562.63,566.63,560.88,,-0.13%
2014-01-23,569.88,561.63,577.63,561.63,,1.56%
2014-01-24,566.25,571.13,573.13,562.63,,-0.64%
2014-01-27,563.88,567.13,572.13,563.13,,-0.42%
2014-01-28,565.88,564.13,568.88,564.13,,0.35%
2014-01-29,550.88,566.63,566.88,550.75,,-2.65%
2014-01-30,553.75,552.00,556.63,550.38,,0.52%
2014-01-31,555.00,554.13,557.38,551.38,,0.23%
2014-02-03,563.88,554.88,564.13,554.13,,1.60%
2014-02-04,585.38,563.63,585.63,562.13,,3.81%
2014-02-05,587.00,584.38,588.63,579.13,,0.28%
2014-02-06,579.88,586.75,592.88,579.63,,-1.21%
2014-02-07,577.75,582.13,585.88,567.38,,-0.37%
2014-02-10,585.50,574.50,590.50,570.63,,1.34%
2014-02-11,589.13,585.13,590.88,582.88,,0.62%
2014-02-12,585.88,589.25,598.00,585.88,,-0.55%
2014-02-13,594.50,586.38,596.63,585.38,,1.47%
2014-02-14,597.50,594.88,602.88,594.50,,0.50%
2014-02-18,612.13,599.25,613.13,598.88,,2.45%
2014-02-19,620.38,611.88,620.38,609.88,,1.35%
2014-02-20,615.88,618.88,620.75,611.63,,-0.73%
2014-02-21,609.88,616.25,617.38,609.38,,-0.97%
2014-02-24,617.25,602.50,617.38,600.75,,1.21%
2014-02-25,617.25,617.00,619.75,605.13,,0.00%
2014-02-26,605.38,617.38,618.38,605.13,,-1.92%
2014-02-27,590.38,606.00,606.88,588.38,,-2.48%
2014-02-28,600.38,590.25,604.88,590.13,,1.69%
2014-03-03,634.50,623.63,644.13,615.00,,5.68%
2014-03-04,643.25,632.00,644.63,621.13,,1.38%
2014-03-05,640.38,641.00,644.38,636.13,,-0.45%
2014-03-06,646.63,640.88,648.88,636.38,,0.98%
2014-03-07,653.50,646.00,662.88,644.38,,1.06%
2014-03-10,639.63,654.88,656.38,639.25,,-2.12%
2014-03-11,658.13,639.50,667.38,637.13,,2.89%
2014-03-12,684.13,658.50,684.38,652.13,,3.95%
2014-03-13,672.13,682.38,696.25,671.13,,-1.75%
2014-03-14,686.63,672.63,690.88,669.88,,2.16%
2014-03-17,674.63,686.38,694.13,672.63,,-1.75%
2014-03-18,691.88,676.25,693.38,672.50,,2.56%
2014-03-19,715.63,691.38,718.38,686.13,,3.43%
2014-03-20,706.38,714.63,722.88,694.38,,-1.29%
2014-03-21,692.25,705.38,707.13,692.13,,-2.00%
2014-03-24,713.38,692.50,718.13,687.25,,3.05%
2014-03-25,709.38,714.63,716.38,706.63,,-0.56%
2014-03-26,697.38,708.88,711.63,694.88,,-1.69%
2014-03-27,710.50,696.50,713.38,692.13,,1.88%
2014-03-28,695.13,707.88,708.25,693.63,,-2.16%
2014-03-31,697.13,697.13,701.88,677.00,,0.29%
2014-04-01,685.38,695.88,697.63,683.63,,-1.69%
2014-04-02,668.63,687.25,687.63,665.13,,-2.44%
2014-04-03,675.25,669.25,677.38,666.63,,0.99%
2014-04-04,670.25,674.13,676.25,658.88,,-0.74%
2014-04-07,676.63,670.50,679.38,665.63,,0.95%
2014-04-08,679.25,676.38,684.88,668.25,,0.39%
2014-04-09,668.25,681.75,687.88,664.13,,-1.62%
2014-04-10,662.25,669.25,670.88,656.38,,-0.90%
2014-04-11,659.13,663.25,666.50,656.63,,-0.47%
2014-04-14,678.13,665.25,688.50,665.13,,2.88%
2014-04-15,701.63,677.50,702.63,673.88,,3.47%
2014-04-16,688.00,700.88,710.88,684.63,,-1.94%
2014-04-17,690.25,687.63,701.38,686.38,,0.33%
2014-04-21,668.88,690.50,690.50,662.88,,-3.10%
2014-04-22,672.38,668.38,677.00,662.50,,0.52%
2014-04-23,676.38,673.50,679.38,667.88,,0.59%
2014-04-24,690.38,676.88,695.63,671.63,,2.07%
2014-04-25,700.88,689.25,701.63,687.63,,1.52%
2014-04-28,708.88,708.88,716.88,697.38,,1.14%
2014-04-29,715.63,709.25,716.88,704.38,,0.95%
2014-04-30,721.50,715.25,724.63,710.75,,0.82%
2014-05-01,708.63,723.25,724.38,701.38,,-1.78%
2014-05-02,716.00,709.50,720.63,706.13,,1.04%
2014-05-05,727.38,723.13,740.00,721.63,,1.59%
2014-05-06,738.63,732.63,743.88,723.88,,1.55%
2014-05-07,738.88,736.75,739.63,727.25,,0.03%
2014-05-08,734.63,735.00,737.63,727.88,,-0.58%
2014-05-09,722.75,734.00,738.88,722.13,,-1.62%
2014-05-11,722.75,722.75,722.75,722.75,,0.00%
2014-05-12,714.88,722.25,722.25,703.75,,-1.09%
2014-05-13,709.63,713.88,715.13,704.13,,-0.73%
2014-05-14,690.38,709.50,709.50,687.88,,-2.71%
2014-05-15,677.88,690.88,690.88,676.88,,-1.81%
2014-05-16,674.88,678.88,682.75,670.63,,-0.44%
2014-05-19,675.13,671.50,677.63,663.88,,0.04%
2014-05-20,669.13,674.75,685.88,666.25,,-0.89%
2014-05-21,663.38,668.38,675.63,663.38,,-0.86%
2014-05-22,659.63,665.63,669.38,654.63,,-0.57%
2014-05-23,651.88,660.38,663.38,651.38,,-1.17%
2014-05-27,640.88,644.88,648.38,640.38,,-1.69%
2014-05-28,638.63,638.38,641.63,633.13,,-0.35%
2014-05-29,632.25,638.50,644.63,629.88,,-1.00%
2014-05-30,628.13,633.50,636.63,625.63,,-0.65%
2014-06-02,620.38,625.75,626.13,616.38,,-1.23%
2014-06-03,612.13,621.63,623.88,611.13,,-1.33%
2014-06-04,613.88,611.88,619.38,611.13,,0.29%
2014-06-05,605.13,614.38,617.25,605.13,,-1.43%
2014-06-06,619.38,605.88,619.38,603.25,,2.35%
2014-06-09,614.25,617.13,626.13,607.63,,-0.83%
2014-06-10,601.13,614.13,615.75,599.38,,-2.14%
2014-06-11,588.88,602.13,608.38,588.63,,-2.04%
2014-06-12,584.88,588.38,593.38,584.88,,-0.68%
2014-06-13,585.13,585.88,594.38,583.63,,0.04%
2014-06-16,580.38,585.75,594.63,580.38,,-0.81%
2014-06-17,581.50,581.50,584.63,576.88,,0.19%
2014-06-18,586.25,581.63,597.88,581.63,,0.82%
2014-06-19,593.88,586.25,595.88,585.88,,1.30%
2014-06-20,584.88,592.88,594.63,582.88,,-1.52%
2014-06-23,589.13,594.63,600.88,587.38,,0.73%
2014-06-24,580.00,589.25,589.25,579.38,,-1.55%
2014-06-25,584.13,580.13,584.63,577.13,,0.71%
2014-06-26,584.38,584.38,589.88,579.88,,0.04%
2014-06-27,592.88,584.63,597.38,583.88,,1.45%
2014-06-30,576.75,591.63,592.38,568.75,,-2.72%
2014-07-01,573.13,578.63,580.88,569.38,,-0.63%
2014-07-02,576.63,573.88,576.63,568.88,,0.61%
2014-07-03,579.50,576.38,580.63,572.13,,0.50%
2014-07-06,579.50,579.50,579.50,579.50,,0.00%
2014-07-07,558.25,579.50,584.25,556.13,,-3.67%
2014-07-08,555.88,557.75,560.88,555.63,,-0.43%
2014-07-09,551.25,556.13,558.00,547.75,,-0.83%
2014-07-10,548.63,551.88,555.88,546.38,,-0.48%
2014-07-11,514.75,536.75,536.75,518.25,0.11K,-6.17%
2014-07-14,549.75,516.25,546.50,516.25,0.12K,6.80%
2014-07-15,537.75,538.00,539.50,530.50,37.91K,-2.18%
2014-07-16,538.00,537.00,544.75,535.75,32.66K,0.05%
2014-07-17,550.75,538.00,561.75,530.75,88.50K,2.37%
2014-07-18,532.25,552.50,555.75,531.00,52.23K,-3.36%
2014-07-21,530.00,530.50,531.25,523.75,36.06K,-0.42%
2014-07-22,524.50,529.50,536.75,524.00,35.67K,-1.04%
2014-07-23,530.75,524.50,531.00,520.25,33.13K,1.19%
2014-07-24,528.75,530.50,542.25,526.00,56.46K,-0.38%
2014-07-25,538.00,528.75,538.50,526.50,42.24K,1.75%
2014-07-28,534.75,538.00,543.25,532.00,33.88K,-0.60%
2014-07-29,520.00,534.50,535.75,518.50,52.04K,-2.76%
2014-07-30,527.25,521.25,529.00,519.75,51.67K,1.39%
2014-07-31,530.25,527.00,536.25,523.50,59.66K,0.57%
2014-08-01,534.25,531.00,544.00,530.50,60.74K,0.75%
2014-08-04,544.00,534.75,553.25,534.25,55.27K,1.82%
2014-08-05,552.50,543.75,554.25,538.00,51.20K,1.56%
2014-08-06,568.00,553.00,572.00,552.75,83.17K,2.81%
2014-08-07,561.50,568.00,568.25,558.50,80.80K,-1.14%
2014-08-08,549.25,561.00,561.50,546.00,74.82K,-2.18%
2014-08-11,546.50,548.50,556.50,543.00,97.48K,-0.50%
2014-08-12,538.00,547.25,547.50,533.50,96.51K,-1.56%
2014-08-13,528.00,537.75,544.25,527.25,65.02K,-1.86%
2014-08-14,537.25,528.25,539.25,528.00,44.36K,1.75%
2014-08-15,551.25,535.25,556.25,533.50,57.40K,2.61%
2014-08-18,542.50,549.75,551.50,540.50,27.72K,-1.59%
2014-08-19,546.00,541.00,556.00,535.50,40.69K,0.65%
2014-08-20,539.50,546.25,549.25,534.25,36.71K,-1.19%
2014-08-21,546.25,539.50,549.75,536.75,29.14K,1.25%
2014-08-22,552.00,546.00,562.50,545.50,44.93K,1.05%
2014-08-25,542.50,551.00,554.25,540.50,14.29K,-1.72%
2014-08-26,541.50,542.25,546.00,531.25,15.90K,-0.18%
2014-08-27,547.25,540.00,548.00,535.00,14.29K,1.06%
2014-08-28,556.50,547.00,564.50,545.00,18.40K,1.69%
2014-08-29,550.25,555.00,562.25,546.00,3.48K,-1.12%
2014-09-02,543.50,550.25,553.00,538.75,1.41K,-1.23%
2014-09-03,523.50,540.75,540.75,522.50,1.96K,-3.68%
2014-09-04,525.25,522.00,525.00,519.50,2.11K,0.33%
2014-09-05,531.50,525.50,536.25,525.50,1.10K,1.19%
2014-09-08,533.50,528.75,538.00,526.25,0.47K,0.38%
2014-09-09,527.50,528.50,528.50,523.50,0.07K,-1.12%
2014-09-10,518.75,524.50,525.25,520.25,0.14K,-1.66%
2014-09-11,503.00,518.00,519.00,499.50,0.18K,-3.04%
2014-09-12,498.25,498.75,498.75,497.00,0.01K,-0.94%
2014-09-15,500.75,501.50,504.00,496.00,39.68K,0.50%
2014-09-16,496.25,499.00,508.50,491.00,48.77K,-0.90%
2014-09-17,499.25,496.00,501.50,494.25,33.01K,0.60%
2014-09-18,488.50,496.25,498.75,487.75,33.25K,-2.15%
2014-09-19,474.50,487.75,488.25,473.75,45.47K,-2.87%
2014-09-22,476.75,476.25,480.75,469.50,61.86K,0.47%
2014-09-23,476.00,475.50,479.75,471.00,48.15K,-0.16%
2014-09-24,480.25,473.50,484.50,473.50,54.64K,0.89%
2014-09-25,474.00,480.25,483.50,466.25,51.82K,-1.30%
2014-09-26,474.25,472.75,476.25,468.50,27.22K,0.05%
2014-09-29,481.25,470.75,482.50,470.50,41.81K,1.48%
2014-09-30,477.75,481.25,481.75,468.00,61.66K,-0.73%
2014-10-01,479.00,476.75,484.00,469.50,45.54K,0.26%
2014-10-02,482.75,477.50,489.75,477.25,48.70K,0.78%
2014-10-03,485.75,483.25,489.00,478.00,44.41K,0.62%
2014-10-06,491.50,485.50,494.75,484.75,40.14K,1.18%
2014-10-07,506.25,491.50,509.50,489.25,71.94K,3.00%
2014-10-08,507.75,507.25,511.75,502.00,46.63K,0.30%
2014-10-09,493.25,508.00,508.25,492.00,56.95K,-2.86%
2014-10-10,498.50,493.50,508.50,488.25,67.98K,1.06%
2014-10-13,505.25,498.50,506.50,495.50,39.34K,1.35%
2014-10-14,509.25,505.25,510.00,498.25,34.25K,0.79%
2014-10-15,506.00,510.00,516.25,501.50,55.38K,-0.64%
2014-10-16,517.00,506.25,518.25,502.75,44.56K,2.17%
2014-10-17,516.00,517.75,522.25,512.75,48.28K,-0.19%
2014-10-20,513.50,515.00,515.75,507.25,41.06K,-0.48%
2014-10-21,519.25,515.00,523.75,512.25,55.91K,1.12%
2014-10-22,522.25,521.00,528.75,516.00,51.41K,0.58%
2014-10-23,526.75,520.25,530.75,519.25,41.55K,0.86%
2014-10-24,517.75,525.50,539.25,517.25,57.24K,-1.71%
2014-10-27,522.75,516.00,526.50,510.50,50.30K,0.97%
2014-10-28,530.75,525.50,533.00,523.25,45.03K,1.53%
2014-10-29,538.25,531.00,540.50,527.50,45.83K,1.41%
2014-10-30,536.00,538.25,545.50,532.50,53.29K,-0.42%
2014-10-31,532.50,536.00,539.00,523.00,60.41K,-0.65%
2014-11-03,538.25,536.25,539.25,526.75,48.41K,1.08%
2014-11-04,530.50,538.25,538.75,529.00,40.64K,-1.44%
2014-11-05,524.75,532.00,532.50,518.75,61.58K,-1.08%
2014-11-06,520.25,525.00,528.00,520.00,45.90K,-0.86%
2014-11-07,514.50,520.50,520.50,511.00,64.78K,-1.11%
2014-11-10,517.25,514.00,524.50,511.25,87.73K,0.53%
2014-11-11,525.25,518.00,526.50,511.75,95.07K,1.55%
2014-11-12,542.75,524.25,545.75,522.75,138.06K,3.33%
2014-11-13,553.75,542.00,559.00,537.00,111.92K,2.03%
2014-11-14,560.50,553.75,564.75,549.00,63.50K,1.22%
2014-11-17,551.75,559.25,563.25,551.00,40.37K,-1.56%
2014-11-18,549.00,552.00,553.00,544.25,28.21K,-0.50%
2014-11-19,537.75,549.00,549.50,535.00,38.49K,-2.05%
2014-11-20,547.25,538.50,548.00,532.00,37.19K,1.77%
2014-11-21,547.25,547.00,553.75,540.75,35.94K,0.00%
2014-11-24,542.25,546.00,551.25,541.25,26.20K,-0.91%
2014-11-25,551.50,541.75,553.00,539.25,18.56K,1.71%
2014-11-26,562.00,551.25,563.00,550.75,23.40K,1.90%
2014-11-27,562.25,562.25,562.25,562.25,,0.04%
2014-11-28,577.25,558.00,579.25,556.50,3.79K,2.67%
2014-12-01,606.75,577.50,607.00,571.75,1.93K,5.11%
2014-12-02,605.25,604.50,612.00,600.00,1.10K,-0.25%
2014-12-03,597.00,604.00,604.00,589.50,0.81K,-1.36%
2014-12-04,599.75,594.00,600.00,588.50,0.50K,0.46%
2014-12-05,609.00,599.00,609.75,594.75,0.54K,1.54%
2014-12-08,610.00,603.50,617.00,600.00,0.12K,0.16%
2014-12-09,600.50,606.50,608.75,599.00,0.19K,-1.56%
2014-12-10,593.25,600.00,600.00,590.00,0.09K,-1.21%
2014-12-11,610.25,597.00,607.75,588.50,0.09K,2.87%
2014-12-12,627.50,623.25,627.50,623.25,0.04K,2.83%
2014-12-15,619.00,605.50,622.75,599.75,65.79K,-1.35%
2014-12-16,623.25,616.00,639.00,615.00,93.30K,0.69%
2014-12-17,648.50,623.75,650.75,617.00,103.23K,4.05%
2014-12-18,655.25,646.50,677.00,645.75,102.12K,1.04%
2014-12-19,632.25,654.00,654.50,629.25,68.69K,-3.51%
2014-12-22,625.75,629.50,644.50,621.00,53.79K,-1.03%
2014-12-23,635.50,625.00,637.00,621.00,31.42K,1.56%
2014-12-24,611.50,636.50,639.75,606.25,38.22K,-3.78%
2014-12-26,610.75,614.50,616.75,607.50,21.01K,-0.12%
2014-12-29,615.50,611.75,620.75,608.00,29.59K,0.78%
2014-12-30,602.00,615.00,615.50,601.00,34.04K,-2.19%
2014-12-31,589.75,601.50,604.50,586.50,37.57K,-2.03%
2015-01-02,581.25,589.75,591.00,574.75,39.00K,-1.44%
2015-01-05,589.00,579.75,597.50,579.00,45.08K,1.33%
2015-01-06,591.75,588.00,603.50,586.00,52.46K,0.47%
2015-01-07,579.50,594.25,594.50,578.50,46.08K,-2.07%
2015-01-08,567.00,580.00,581.00,565.75,49.56K,-2.16%
2015-01-09,563.75,568.00,574.00,561.75,54.78K,-0.57%
2015-01-12,555.50,563.00,567.00,554.00,74.23K,-1.46%
2015-01-13,548.00,555.50,566.75,547.25,61.83K,-1.35%
2015-01-14,537.75,548.00,549.75,536.00,66.81K,-1.87%
2015-01-15,532.75,540.50,545.00,528.00,59.52K,-0.93%
2015-01-16,532.75,536.75,542.00,531.25,54.20K,0.00%
2015-01-20,537.00,532.25,539.75,523.00,62.93K,0.80%
2015-01-21,536.75,537.25,544.50,535.50,50.81K,-0.05%
2015-01-22,533.75,536.50,542.50,532.50,44.53K,-0.56%
2015-01-23,530.00,532.75,536.00,526.25,57.43K,-0.70%
2015-01-26,520.50,530.75,534.75,519.25,52.61K,-1.79%
2015-01-27,519.00,519.50,524.25,517.50,40.92K,-0.29%
2015-01-28,505.25,519.00,520.50,503.00,78.41K,-2.65%
2015-01-29,507.75,506.00,512.25,500.75,76.82K,0.49%
2015-01-30,502.75,508.00,511.75,497.00,67.22K,-0.98%
2015-02-02,492.75,503.00,505.50,492.25,58.17K,-1.99%
2015-02-03,513.75,493.50,515.75,493.00,71.01K,4.26%
2015-02-04,511.00,514.50,521.75,507.50,64.77K,-0.54%
2015-02-05,525.75,511.25,527.75,508.50,84.14K,2.89%
2015-02-06,527.00,526.50,534.00,516.50,85.34K,0.24%
2015-02-09,529.75,527.00,532.25,521.50,77.08K,0.52%
2015-02-10,521.75,527.00,530.75,518.50,86.99K,-1.51%
2015-02-11,525.75,520.75,528.00,515.75,96.61K,0.77%
2015-02-12,521.25,523.25,527.75,518.25,92.57K,-0.86%
2015-02-13,533.00,520.75,534.25,519.50,85.85K,2.25%
2015-02-17,534.75,534.50,548.00,531.75,62.80K,0.33%
2015-02-18,527.75,537.00,543.50,523.50,63.12K,-1.31%
2015-02-19,527.75,528.00,537.25,523.75,45.85K,0.00%
2015-02-20,510.25,526.50,531.50,509.50,59.45K,-3.32%
2015-02-23,505.75,510.75,515.00,503.50,32.15K,-0.88%
2015-02-24,505.75,505.75,513.25,504.50,18.58K,0.00%
2015-02-25,497.75,506.50,506.50,496.00,12.52K,-1.58%
2015-02-26,503.25,498.00,504.50,491.25,13.50K,1.10%
2015-02-27,517.50,507.00,523.00,502.00,2.65K,2.83%
2015-03-02,508.00,517.25,521.25,507.25,2.49K,-1.84%
2015-03-03,508.75,508.50,509.50,500.50,1.53K,0.15%
2015-03-04,493.50,507.00,509.00,491.25,1.56K,-3.00%
2015-03-05,481.25,491.75,492.75,481.00,0.61K,-2.48%
2015-03-06,485.75,482.25,489.00,482.25,0.31K,0.94%
2015-03-09,494.25,491.25,499.75,491.25,0.05K,1.75%
2015-03-10,496.50,490.75,492.25,489.00,0.08K,0.46%
2015-03-11,503.00,502.75,503.75,501.50,0.03K,1.31%
2015-03-12,513.25,503.00,516.75,503.00,0.03K,2.04%
2015-03-13,508.75,520.25,520.25,508.25,0.03K,-0.88%
2015-03-16,514.00,503.25,515.75,493.00,59.48K,1.03%
2015-03-17,503.50,515.50,518.00,503.00,51.56K,-2.04%
2015-03-18,510.75,503.00,512.50,500.75,44.51K,1.44%
2015-03-19,512.00,516.00,520.00,505.25,55.53K,0.24%
2015-03-20,530.00,511.00,530.50,510.00,70.79K,3.52%
2015-03-23,534.00,533.25,540.50,531.75,58.10K,0.75%
2015-03-24,523.50,531.25,531.75,522.50,57.56K,-1.97%
2015-03-25,519.00,523.00,528.25,516.00,46.78K,-0.86%
2015-03-26,499.25,519.00,525.25,498.25,84.10K,-3.81%
2015-03-27,507.75,499.00,509.00,499.00,55.82K,1.70%
2015-03-30,530.25,513.25,531.00,508.75,88.44K,4.43%
2015-03-31,511.75,531.75,531.75,509.00,103.92K,-3.49%
2015-04-01,528.50,513.00,529.00,506.00,84.00K,3.27%
2015-04-02,536.25,528.00,544.25,522.50,93.32K,1.47%
2015-04-03,536.25,536.25,536.25,536.25,,0.00%
2015-04-06,527.75,537.50,543.75,525.00,53.33K,-1.59%
2015-04-07,526.00,526.00,534.00,517.75,81.41K,-0.33%
2015-04-08,526.25,528.00,530.75,518.25,91.37K,0.05%
2015-04-09,518.75,525.50,526.75,513.75,92.58K,-1.43%
2015-04-10,526.50,518.00,527.50,515.50,97.68K,1.49%
2015-04-13,502.25,518.00,520.00,501.50,105.80K,-4.61%
2015-04-14,497.00,504.25,506.25,496.25,89.81K,-1.05%
2015-04-15,490.75,498.50,503.75,490.00,74.27K,-1.26%
2015-04-16,494.50,490.00,495.50,489.00,69.50K,0.76%
2015-04-17,494.50,494.25,499.75,490.75,45.43K,0.00%
2015-04-20,498.75,495.00,499.25,492.00,50.20K,0.86%
2015-04-21,500.75,498.50,506.50,494.25,44.52K,0.40%
2015-04-22,498.75,500.25,504.75,496.25,25.14K,-0.40%
2015-04-23,497.75,499.50,503.50,497.50,31.26K,-0.20%
2015-04-24,486.00,498.25,499.50,485.00,29.52K,-2.36%
2015-04-27,470.25,486.50,488.00,469.50,19.32K,-3.24%
2015-04-28,471.50,472.00,474.00,460.00,17.46K,0.27%
2015-04-29,477.25,472.00,478.25,469.00,13.22K,1.22%
2015-04-30,467.00,477.00,481.75,465.00,2.72K,-2.15%
2015-05-01,470.00,469.50,472.50,465.25,0.69K,0.64%
2015-05-04,469.25,471.75,471.75,464.00,0.45K,-0.16%
2015-05-05,464.00,468.75,469.75,460.00,0.28K,-1.12%
2015-05-06,475.75,467.00,478.25,464.25,0.20K,2.53%
2015-05-07,465.75,472.75,478.00,470.00,0.18K,-2.10%
2015-05-08,476.50,468.00,470.50,468.00,0.14K,2.31%
2015-05-11,476.25,473.50,475.00,473.50,0.03K,-0.05%
2015-05-12,479.25,476.50,489.75,476.50,0.19K,0.63%
2015-05-13,481.00,481.25,481.75,472.75,0.04K,0.37%
2015-05-14,501.75,490.25,503.25,490.25,0.01K,4.31%
2015-05-15,511.00,515.00,519.75,506.00,96.77K,1.84%
2015-05-18,521.75,511.00,530.25,508.00,89.70K,2.10%
2015-05-19,510.25,519.75,524.75,503.75,84.32K,-2.20%
2015-05-20,513.00,511.00,515.75,503.00,82.32K,0.54%
2015-05-21,522.00,514.50,528.00,511.00,91.98K,1.75%
2015-05-22,515.25,521.50,529.00,511.00,76.96K,-1.29%
2015-05-26,493.50,515.25,519.75,492.00,102.71K,-4.22%
2015-05-27,487.75,496.00,496.25,482.00,103.57K,-1.17%
2015-05-28,488.75,489.00,494.75,483.00,80.16K,0.21%
2015-05-29,477.00,488.00,489.25,474.50,81.44K,-2.40%
2015-06-01,493.75,478.00,495.50,474.00,90.08K,3.51%
2015-06-02,512.50,495.25,513.25,493.00,96.58K,3.80%
2015-06-03,510.75,513.75,526.25,508.25,116.59K,-0.34%
2015-06-04,523.75,510.00,524.25,504.00,100.42K,2.55%
2015-06-05,517.00,525.00,534.00,516.00,145.06K,-1.29%
2015-06-08,528.00,517.00,532.75,516.00,103.34K,2.13%
2015-06-09,532.25,527.50,537.25,524.00,113.55K,0.80%
2015-06-10,513.50,533.25,537.50,512.50,154.34K,-3.52%
2015-06-11,504.25,514.00,515.50,502.50,97.00K,-1.80%
2015-06-12,503.75,504.00,510.75,500.50,60.19K,-0.10%
2015-06-15,489.25,503.75,503.75,486.00,85.94K,-2.88%
2015-06-16,488.75,489.00,495.00,487.00,67.53K,-0.10%
2015-06-17,491.25,490.75,499.75,489.75,70.46K,0.51%
2015-06-18,488.00,491.50,498.00,487.25,59.16K,-0.66%
2015-06-19,488.50,487.50,492.25,483.50,58.13K,0.10%
2015-06-22,501.25,487.75,504.00,487.25,46.20K,2.61%
2015-06-23,521.50,501.75,522.75,501.75,61.30K,4.04%
2015-06-24,518.00,522.25,530.00,514.25,47.29K,-0.67%
2015-06-25,532.00,517.25,533.00,513.00,39.89K,2.70%
2015-06-26,562.25,532.00,566.25,530.25,79.51K,5.69%
2015-06-29,580.50,557.00,587.00,556.50,34.26K,3.25%
2015-06-30,614.75,581.00,613.50,575.75,6.34K,5.90%
2015-07-01,587.50,611.50,615.75,576.50,1.99K,-4.43%
2015-07-02,585.75,587.25,596.50,571.00,1.71K,-0.30%
2015-07-03,588.25,588.25,588.25,588.25,,0.43%
2015-07-06,588.50,580.00,591.25,567.25,1.14K,0.04%
2015-07-07,579.50,587.75,587.75,573.00,0.84K,-1.53%
2015-07-08,572.25,576.00,581.50,570.00,0.44K,-1.25%
2015-07-09,572.25,577.75,580.00,572.75,0.20K,0.00%
2015-07-10,581.50,573.50,581.25,565.00,0.42K,1.62%
2015-07-13,586.75,581.50,586.75,573.25,0.44K,0.90%
2015-07-14,583.50,587.25,589.75,582.00,0.08K,-0.55%
2015-07-15,566.75,569.50,569.75,558.50,73.11K,-2.87%
2015-07-16,562.25,567.50,574.00,561.50,62.17K,-0.79%
2015-07-17,554.00,561.75,561.75,546.00,66.02K,-1.47%
2015-07-20,532.75,553.00,553.00,530.50,64.33K,-3.84%
2015-07-21,524.75,533.50,537.75,523.75,71.23K,-1.50%
2015-07-22,516.75,524.00,528.25,515.25,71.94K,-1.52%
2015-07-23,521.50,516.75,527.00,516.50,53.19K,0.92%
2015-07-24,511.75,520.75,523.75,509.50,55.25K,-1.87%
2015-07-27,502.50,511.00,511.75,501.25,61.33K,-1.81%
2015-07-28,510.75,502.50,512.50,501.75,78.77K,1.64%
2015-07-29,496.25,512.00,512.50,495.50,68.77K,-2.84%
2015-07-30,496.50,495.75,504.75,493.75,69.19K,0.05%
2015-07-31,499.25,496.75,503.50,495.75,64.47K,0.55%
2015-08-03,499.00,497.25,501.75,490.50,56.80K,-0.05%
2015-08-04,493.50,499.00,506.75,491.25,63.49K,-1.10%
2015-08-05,502.00,494.25,504.50,492.00,67.50K,1.72%
2015-08-06,507.00,502.00,514.00,498.25,89.89K,1.00%
2015-08-07,510.50,507.75,514.00,503.75,82.79K,0.69%
2015-08-10,525.50,512.00,530.00,509.25,89.22K,2.94%
2015-08-11,507.25,522.50,524.25,504.00,95.68K,-3.47%
2015-08-12,492.25,507.25,514.75,484.00,103.26K,-2.96%
2015-08-13,503.25,493.00,504.75,492.00,71.66K,2.23%
2015-08-14,506.50,503.25,512.25,497.75,50.41K,0.65%
2015-08-17,500.50,504.75,509.25,498.50,42.12K,-1.18%
2015-08-18,494.25,499.50,503.25,493.25,38.65K,-1.25%
2015-08-19,496.25,495.00,498.50,491.00,39.65K,0.40%
2015-08-20,506.25,495.25,507.75,495.25,39.15K,2.02%
2015-08-21,499.50,504.00,507.00,495.75,36.21K,-1.33%
2015-08-24,503.25,498.75,504.50,486.75,38.30K,0.75%
2015-08-25,495.00,504.75,511.25,492.50,29.85K,-1.64%
2015-08-26,489.75,498.00,499.75,488.50,24.81K,-1.06%
2015-08-27,484.25,490.25,495.50,481.75,40.56K,-1.12%
2015-08-28,477.00,484.75,487.50,476.00,20.91K,-1.50%
2015-08-31,482.50,477.00,484.00,470.75,5.91K,1.15%
2015-09-01,484.00,482.00,488.75,481.00,1.85K,0.31%
2015-09-02,473.00,483.75,485.75,469.25,2.24K,-2.27%
2015-09-03,456.50,473.50,473.50,456.00,1.37K,-3.49%
2015-09-04,457.75,456.75,459.00,455.50,0.47K,0.27%
2015-09-08,465.25,456.75,467.50,456.75,0.22K,1.64%
2015-09-09,462.00,465.50,470.25,463.00,0.16K,-0.70%
2015-09-10,468.00,462.75,469.00,462.75,0.13K,1.30%
2015-09-11,475.50,468.50,474.50,460.75,0.12K,1.60%
2015-09-14,485.75,483.75,493.00,483.75,0.06K,2.16%
2015-09-15,494.75,500.00,503.25,492.25,58.32K,1.85%
2015-09-16,488.25,494.75,495.25,483.00,57.61K,-1.31%
2015-09-17,481.50,488.25,489.75,480.50,41.22K,-1.38%
2015-09-18,486.75,481.25,488.75,480.00,44.52K,1.09%
2015-09-21,496.75,485.75,499.25,480.50,67.08K,2.05%
2015-09-22,495.50,496.50,496.75,488.25,51.73K,-0.25%
2015-09-23,507.50,494.50,508.50,493.75,76.32K,2.42%
2015-09-24,497.25,507.00,509.00,496.75,55.08K,-2.02%
2015-09-25,507.75,497.75,510.50,496.25,59.65K,2.11%
2015-09-28,505.50,508.50,515.50,500.00,67.31K,-0.44%
2015-09-29,503.75,506.00,509.75,500.50,46.93K,-0.35%
2015-09-30,512.75,503.25,515.50,498.25,103.54K,1.79%
2015-10-01,518.25,512.00,523.75,511.75,95.78K,1.07%
2015-10-02,513.25,517.75,523.00,511.75,62.64K,-0.96%
2015-10-05,515.50,512.25,518.00,508.75,51.40K,0.44%
2015-10-06,526.25,514.00,527.00,513.00,68.62K,2.09%
2015-10-07,516.75,525.75,531.50,515.00,68.72K,-1.81%
2015-10-08,511.50,516.00,522.00,509.25,68.79K,-1.02%
2015-10-09,509.25,511.00,519.50,504.00,80.57K,-0.44%
2015-10-12,506.75,507.75,510.50,503.25,43.66K,-0.49%
2015-10-13,519.00,506.75,521.75,505.00,68.04K,2.42%
2015-10-14,508.25,518.50,519.75,507.50,56.49K,-2.07%
2015-10-15,502.50,507.75,512.75,502.00,40.39K,-1.13%
2015-10-16,492.25,502.25,506.00,489.75,91.07K,-2.04%
2015-10-19,485.75,491.25,493.50,484.25,71.09K,-1.32%
2015-10-20,491.25,486.25,491.75,483.25,46.45K,1.13%
2015-10-21,494.75,491.75,497.50,490.25,42.88K,0.71%
2015-10-22,490.75,494.75,500.75,490.50,50.13K,-0.81%
2015-10-23,490.50,490.75,494.00,484.75,71.24K,-0.05%
2015-10-26,509.00,493.25,512.00,493.25,108.09K,3.77%
2015-10-27,509.25,510.00,518.00,506.50,82.17K,0.05%
2015-10-28,506.00,507.75,508.75,500.00,71.72K,-0.64%
2015-10-29,515.00,506.00,517.50,505.00,94.99K,1.78%
2015-10-30,522.00,515.25,523.50,515.00,85.68K,1.36%
2015-11-02,508.00,520.00,522.75,506.75,70.90K,-2.68%
2015-11-03,516.50,507.50,517.00,505.75,64.39K,1.67%
2015-11-04,526.25,516.00,530.75,508.25,112.47K,1.89%
2015-11-05,526.25,524.25,529.00,520.25,115.82K,0.00%
2015-11-06,523.25,524.50,526.00,517.75,91.78K,-0.57%
2015-11-09,501.75,520.50,521.25,501.25,131.56K,-4.11%
2015-11-10,490.75,502.00,504.00,488.00,133.29K,-2.19%
2015-11-11,494.75,491.00,498.00,490.00,83.84K,0.82%
2015-11-12,498.00,495.00,500.50,492.50,87.36K,0.66%
2015-11-13,495.75,496.25,499.75,491.25,50.14K,-0.45%
2015-11-16,494.00,494.75,498.00,490.00,41.44K,-0.35%
2015-11-17,487.50,493.50,494.00,484.50,73.39K,-1.32%
2015-11-18,483.25,487.50,490.25,480.50,49.90K,-0.87%
2015-11-19,490.75,483.25,492.75,481.50,42.70K,1.55%
2015-11-20,488.50,489.50,494.75,486.50,39.21K,-0.46%
2015-11-23,495.00,485.00,497.25,484.00,40.48K,1.33%
2015-11-24,484.25,494.75,495.00,483.25,32.16K,-2.17%
2015-11-25,479.25,484.00,487.50,479.00,38.90K,-1.03%
2015-11-27,465.75,479.00,479.50,465.00,22.65K,-2.82%
2015-11-30,460.00,460.75,464.75,458.75,9.46K,-1.23%
2015-12-01,456.50,460.00,464.00,456.50,1.38K,-0.76%
2015-12-02,452.25,458.25,459.00,451.25,0.79K,-0.93%
2015-12-03,464.75,452.00,469.25,452.00,0.42K,2.76%
2015-12-04,471.25,465.00,470.75,465.00,0.33K,1.40%
2015-12-07,470.25,474.75,474.75,471.25,0.28K,-0.21%
2015-12-08,470.75,471.00,471.75,466.50,0.13K,0.11%
2015-12-09,478.00,469.75,479.75,469.75,0.04K,1.54%
2015-12-10,484.50,478.50,487.75,476.75,0.03K,1.36%
2015-12-11,482.75,487.50,491.25,480.00,0.05K,-0.36%
2015-12-14,487.75,488.00,490.50,488.00,0.02K,1.04%
2015-12-15,494.25,491.00,498.00,486.25,50.98K,1.33%
2015-12-16,483.50,493.25,497.00,483.25,56.70K,-2.18%
2015-12-17,484.00,482.75,488.25,472.25,72.70K,0.10%
2015-12-18,486.75,486.00,499.00,481.00,72.90K,0.57%
2015-12-21,479.00,486.00,491.00,478.25,45.65K,-1.59%
2015-12-22,471.75,480.00,482.75,471.25,45.03K,-1.51%
2015-12-23,469.50,472.50,475.00,468.00,41.19K,-0.48%
2015-12-24,467.50,468.50,471.75,467.25,20.91K,-0.43%
2015-12-28,466.50,468.00,472.50,466.00,30.60K,-0.21%
2015-12-29,475.75,467.50,476.75,467.00,36.64K,1.98%
2015-12-30,469.75,476.50,479.50,469.25,41.22K,-1.26%
2015-12-31,470.00,469.75,472.50,468.75,24.12K,0.05%
2016-01-04,458.25,472.75,473.50,456.00,79.12K,-2.50%
2016-01-05,461.25,460.25,464.75,458.50,52.30K,0.65%
2016-01-06,462.75,461.25,465.75,456.75,44.78K,0.33%
2016-01-07,468.50,464.00,469.00,456.25,65.72K,1.24%
2016-01-08,478.50,468.25,480.00,467.50,86.31K,2.13%
2016-01-11,469.00,481.25,481.50,466.50,70.06K,-1.99%
2016-01-12,481.25,470.25,483.25,462.50,111.04K,2.61%
2016-01-13,478.00,480.50,484.25,476.50,63.92K,-0.68%
2016-01-14,468.75,478.00,478.00,468.00,61.41K,-1.94%
2016-01-15,473.75,468.75,474.50,465.00,51.49K,1.07%
2016-01-19,474.50,475.00,479.00,470.50,53.54K,0.16%
2016-01-20,471.50,473.00,475.50,467.25,57.34K,-0.63%
2016-01-21,475.00,473.00,480.00,470.50,66.43K,0.74%
2016-01-22,475.50,475.50,480.00,472.50,48.74K,0.11%
2016-01-25,481.50,476.00,484.00,476.00,69.03K,1.26%
2016-01-26,484.75,481.50,488.50,478.00,70.11K,0.67%
2016-01-27,476.50,484.75,485.75,473.50,76.82K,-1.70%
2016-01-28,472.25,477.00,477.00,470.50,54.66K,-0.89%
2016-01-29,479.25,472.25,479.75,470.75,63.05K,1.48%
2016-02-01,475.25,476.25,477.00,471.25,54.74K,-0.83%
2016-02-02,475.25,475.75,483.00,473.25,81.87K,0.00%
2016-02-03,480.00,475.75,480.50,474.50,75.26K,1.00%
2016-02-04,472.75,479.00,482.50,472.50,82.20K,-1.51%
2016-02-05,466.75,473.75,474.00,465.50,124.19K,-1.27%
2016-02-08,458.50,466.00,468.75,457.50,106.71K,-1.77%
2016-02-09,457.50,458.75,460.25,455.00,93.62K,-0.22%
2016-02-10,461.25,457.75,462.75,456.50,98.22K,0.82%
2016-02-11,458.25,460.50,465.75,457.75,105.50K,-0.65%
2016-02-12,457.50,458.75,462.00,455.00,69.34K,-0.16%
2016-02-16,464.25,460.25,465.00,459.75,78.29K,1.48%
2016-02-17,468.50,463.75,470.00,462.50,69.09K,0.92%
2016-02-18,462.25,468.75,468.75,461.75,84.54K,-1.33%
2016-02-19,461.75,462.00,464.25,460.00,53.43K,-0.11%
2016-02-22,458.50,461.00,463.25,458.00,50.12K,-0.70%
2016-02-23,448.00,458.00,459.25,447.50,54.13K,-2.29%
2016-02-24,442.75,447.50,448.00,438.00,41.10K,-1.17%
2016-02-25,445.25,443.25,446.75,440.50,22.80K,0.56%
2016-02-26,443.25,445.00,447.25,439.50,24.55K,-0.45%
2016-02-29,445.00,446.25,448.50,442.75,2.09K,0.39%
2016-03-01,438.50,445.00,446.75,437.75,1.10K,-1.46%
2016-03-02,442.75,440.00,443.00,435.25,1.34K,0.97%
2016-03-03,453.25,442.75,456.50,442.50,1.00K,2.37%
2016-03-04,454.75,454.25,458.50,452.25,0.33K,0.33%
2016-03-07,457.75,460.00,462.25,459.00,0.11K,0.66%
2016-03-08,461.25,454.75,461.25,454.75,0.15K,0.76%
2016-03-09,463.75,461.00,463.75,454.75,0.15K,0.54%
2016-03-10,471.50,463.25,470.25,463.25,0.06K,1.67%
2016-03-11,469.75,472.50,472.75,467.75,0.24K,-0.37%
2016-03-14,471.50,469.00,473.50,469.00,0.05K,0.37%
2016-03-15,477.25,478.50,479.25,473.00,40.07K,1.22%
2016-03-16,470.75,476.75,477.00,469.75,39.82K,-1.36%
2016-03-17,462.50,471.50,476.00,460.25,86.91K,-1.75%
2016-03-18,463.00,463.00,464.25,457.50,39.64K,0.11%
2016-03-21,466.50,468.75,472.00,463.75,59.60K,0.76%
2016-03-22,466.75,466.50,470.50,463.25,47.97K,0.05%
2016-03-23,463.00,467.50,468.00,462.50,35.00K,-0.80%
2016-03-24,463.00,463.50,464.50,458.50,39.23K,0.00%
2016-03-28,471.00,465.75,477.25,463.50,63.26K,1.73%
2016-03-29,476.75,471.00,477.50,470.50,50.20K,1.22%
2016-03-30,464.00,476.00,477.50,463.00,76.78K,-2.67%
2016-03-31,473.50,464.00,475.00,455.25,114.42K,2.05%
2016-04-01,475.75,473.25,476.25,466.25,59.59K,0.48%
2016-04-04,474.75,476.00,479.00,470.25,52.80K,-0.21%
2016-04-05,474.00,475.00,476.50,470.00,42.64K,-0.16%
2016-04-06,463.00,473.00,473.75,461.50,77.66K,-2.32%
2016-04-07,457.00,463.00,465.25,456.75,76.55K,-1.30%
2016-04-08,460.25,457.50,462.50,456.25,82.24K,0.71%
2016-04-11,447.25,458.00,458.75,446.00,103.50K,-2.82%
2016-04-12,452.50,448.00,457.00,446.50,93.14K,1.17%
2016-04-13,461.50,452.50,466.75,450.00,111.48K,1.99%
2016-04-14,459.75,461.50,465.50,454.25,90.51K,-0.38%
2016-04-15,459.75,459.25,462.25,454.75,72.12K,0.00%
2016-04-18,472.75,461.75,477.00,460.50,100.74K,2.83%
2016-04-19,486.25,473.00,487.75,471.00,79.83K,2.86%
2016-04-20,504.25,485.50,504.75,484.75,59.46K,3.70%
2016-04-21,495.75,503.00,510.75,490.75,62.58K,-1.69%
2016-04-22,467.00,494.00,494.00,465.25,69.80K,-5.80%
2016-04-25,471.25,466.75,478.75,462.00,25.58K,0.91%
2016-04-26,479.75,471.00,480.50,467.00,18.28K,1.80%
2016-04-27,474.25,478.00,482.00,471.50,20.36K,-1.15%
2016-04-28,475.50,474.75,486.75,472.00,15.48K,0.26%
2016-04-29,478.00,472.25,480.50,470.50,5.03K,0.53%
2016-05-02,477.00,476.00,479.00,471.75,1.84K,-0.21%
2016-05-03,459.75,480.00,482.50,458.25,0.75K,-3.62%
2016-05-04,460.50,460.75,465.75,460.00,0.34K,0.16%
2016-05-05,453.00,460.00,462.25,452.75,0.33K,-1.63%
2016-05-06,453.25,453.50,458.50,453.50,0.36K,0.06%
2016-05-09,447.00,454.75,454.75,446.00,0.15K,-1.38%
2016-05-10,451.50,450.00,458.75,446.75,0.03K,1.01%
2016-05-11,449.50,454.00,454.00,452.00,0.00K,-0.44%
2016-05-12,458.50,452.50,458.25,452.50,0.02K,2.00%
2016-05-13,465.00,458.00,466.00,458.00,0.01K,1.42%
2016-05-16,474.75,474.00,476.50,467.50,50.58K,2.10%
2016-05-17,481.75,472.75,484.50,472.75,74.13K,1.47%
2016-05-18,480.00,481.25,484.75,477.00,62.48K,-0.36%
2016-05-19,468.75,478.50,479.50,462.50,89.56K,-2.34%
2016-05-20,467.75,467.75,474.50,464.25,62.46K,-0.21%
2016-05-23,462.00,466.00,469.00,461.00,57.51K,-1.23%
2016-05-24,464.00,462.25,470.00,457.75,67.39K,0.43%
2016-05-25,466.00,464.00,469.00,463.00,48.82K,0.43%
2016-05-26,481.25,465.75,482.25,465.50,100.18K,3.27%
2016-05-27,481.50,481.25,484.75,478.50,72.04K,0.05%
2016-05-31,464.50,481.00,483.75,463.50,99.99K,-3.53%
2016-06-01,473.75,464.50,474.75,463.00,66.40K,1.99%
2016-06-02,485.50,473.50,487.00,472.75,92.41K,2.48%
2016-06-03,497.25,484.25,498.25,482.25,113.65K,2.42%
2016-06-06,507.50,496.00,514.75,496.00,116.77K,2.06%
2016-06-07,509.00,507.00,513.50,500.75,113.85K,0.30%
2016-06-08,519.50,507.25,524.00,506.00,138.77K,2.06%
2016-06-09,510.25,518.75,519.00,506.00,105.87K,-1.78%
2016-06-10,495.00,510.25,512.50,494.25,127.49K,-2.99%
2016-06-13,491.25,495.50,503.25,490.75,107.40K,-0.76%
2016-06-14,485.00,491.50,493.50,481.25,105.52K,-1.27%
2016-06-15,477.50,485.00,489.75,477.00,74.69K,-1.55%
2016-06-16,472.50,477.50,479.50,471.00,67.81K,-1.05%
2016-06-17,481.25,473.75,482.50,472.50,62.55K,1.85%
2016-06-20,473.00,480.50,480.75,472.25,58.40K,-1.71%
2016-06-21,458.50,473.00,476.50,457.25,65.92K,-3.07%
2016-06-22,458.75,460.00,465.25,458.25,49.11K,0.05%
2016-06-23,454.25,458.25,461.50,453.25,42.62K,-0.98%
2016-06-24,454.75,454.50,456.00,441.75,44.99K,0.11%
2016-06-27,446.75,454.75,460.00,446.00,20.89K,-1.76%
2016-06-28,443.75,446.25,454.75,442.75,20.65K,-0.67%
2016-06-29,429.50,443.75,447.25,428.50,16.27K,-3.21%
2016-06-30,431.25,429.75,438.75,423.00,2.44K,0.41%
2016-07-01,416.25,430.25,431.00,414.25,0.74K,-3.48%
2016-07-05,419.50,416.25,418.25,405.00,0.31K,0.78%
2016-07-06,415.75,415.25,418.75,408.00,0.36K,-0.89%
2016-07-07,412.00,417.25,422.00,410.75,0.17K,-0.90%
2016-07-08,420.75,421.00,424.00,421.00,0.08K,2.12%
2016-07-11,416.25,423.50,423.75,416.25,0.12K,-1.07%
2016-07-12,424.00,416.25,417.25,415.50,0.06K,1.86%
2016-07-13,426.25,430.00,434.00,427.00,0.06K,0.53%
2016-07-14,421.75,431.25,431.25,431.25,0.05K,-1.06%
2016-07-15,424.75,434.00,439.75,424.00,76.87K,0.71%
2016-07-18,429.50,425.00,431.75,420.25,62.27K,1.12%
2016-07-19,418.00,427.75,428.25,416.25,53.84K,-2.68%
2016-07-20,413.00,419.25,423.75,406.50,78.39K,-1.20%
2016-07-21,417.75,414.00,419.75,408.75,67.83K,1.15%
2016-07-22,425.25,417.25,427.00,407.00,82.42K,1.80%
2016-07-25,429.00,425.75,435.25,421.00,89.27K,0.88%
2016-07-26,415.00,427.50,429.25,414.00,64.18K,-3.26%
2016-07-27,414.75,416.75,421.00,414.00,46.74K,-0.06%
2016-07-28,410.25,414.50,420.00,408.25,56.84K,-1.08%
2016-07-29,407.75,411.50,412.75,403.50,61.17K,-0.61%
2016-08-01,406.00,407.75,415.50,404.75,68.36K,-0.43%
2016-08-02,401.25,406.00,410.50,399.25,60.90K,-1.17%
2016-08-03,410.25,402.00,415.00,401.00,66.10K,2.24%
2016-08-04,403.25,410.50,416.00,402.50,54.09K,-1.71%
2016-08-05,416.00,403.25,418.50,403.00,114.19K,3.16%
2016-08-08,417.00,418.50,423.50,411.50,129.03K,0.24%
2016-08-09,417.00,415.00,419.25,411.50,88.19K,0.00%
2016-08-10,421.75,416.50,427.50,414.50,90.63K,1.14%
2016-08-11,416.25,420.00,424.00,413.50,98.82K,-1.30%
2016-08-12,422.50,416.00,423.25,406.00,79.67K,1.50%
2016-08-15,422.00,421.25,430.00,417.25,82.01K,-0.12%
2016-08-16,423.50,420.00,428.00,414.50,69.17K,0.36%
2016-08-17,426.00,423.00,428.50,419.50,44.74K,0.59%
2016-08-18,427.00,424.50,428.00,420.00,38.52K,0.23%
2016-08-19,427.00,426.25,432.50,422.50,38.69K,0.00%
2016-08-22,415.25,427.00,429.25,414.00,39.07K,-2.75%
2016-08-23,407.75,415.00,415.00,406.75,38.97K,-1.81%
2016-08-24,404.00,407.75,409.25,402.50,25.60K,-0.92%
2016-08-25,401.25,404.50,407.75,400.75,17.86K,-0.68%
2016-08-26,383.50,401.25,402.25,381.00,35.45K,-4.42%
2016-08-29,370.50,383.50,384.00,369.50,29.04K,-3.39%
2016-08-30,363.25,370.00,374.25,361.50,27.62K,-1.96%
2016-08-31,361.00,363.50,367.00,359.50,2.34K,-0.62%
2016-09-01,368.25,363.00,369.00,362.50,0.71K,2.01%
2016-09-02,373.25,368.25,374.50,367.25,0.25K,1.36%
2016-09-06,371.00,371.00,376.50,369.75,0.06K,-0.60%
2016-09-07,375.25,371.75,376.75,371.75,0.06K,1.15%
2016-09-08,377.00,375.50,375.50,373.00,0.02K,0.47%
2016-09-09,376.00,376.75,376.75,373.50,0.04K,-0.27%
2016-09-12,383.25,382.00,384.50,381.50,0.03K,1.93%
2016-09-13,374.75,383.00,383.50,379.25,0.01K,-2.22%
2016-09-14,376.75,400.75,404.25,395.25,0.00K,0.53%
2016-09-15,399.50,401.00,406.75,398.00,42.99K,6.04%
2016-09-16,403.25,398.00,404.75,393.75,49.76K,0.94%
2016-09-19,404.00,404.00,409.00,399.75,45.56K,0.19%
2016-09-20,406.00,402.25,410.00,401.50,43.01K,0.50%
2016-09-21,407.75,405.00,409.00,402.25,37.40K,0.43%
2016-09-22,405.50,405.25,411.75,404.25,41.47K,-0.55%
2016-09-23,404.75,403.75,409.50,401.25,44.34K,-0.18%
2016-09-26,396.00,401.75,407.00,395.25,55.43K,-2.16%
2016-09-27,404.00,397.25,405.00,394.00,60.93K,2.02%
2016-09-28,403.25,404.50,407.25,401.75,40.84K,-0.19%
2016-09-29,399.00,401.75,406.75,397.75,47.73K,-1.05%
2016-09-30,402.00,398.50,403.75,390.00,90.56K,0.75%
2016-10-03,395.50,399.75,401.75,391.50,73.01K,-1.62%
2016-10-04,395.50,396.50,398.25,392.50,41.95K,0.00%
2016-10-05,405.00,395.00,408.50,392.00,82.18K,2.40%
2016-10-06,395.75,407.00,409.50,393.50,83.00K,-2.28%
2016-10-07,394.75,397.75,401.00,394.25,61.77K,-0.25%
2016-10-10,403.75,396.00,405.25,395.75,67.16K,2.28%
2016-10-11,407.25,402.75,408.75,401.25,69.91K,0.87%
2016-10-12,396.75,405.25,414.00,396.00,96.07K,-2.58%
2016-10-13,416.00,396.50,417.00,396.50,108.56K,4.85%
2016-10-14,421.00,415.25,428.25,414.75,105.41K,1.20%
2016-10-17,423.75,418.25,425.75,416.00,68.64K,0.65%
2016-10-18,420.00,425.00,425.50,418.25,60.25K,-0.88%
2016-10-19,420.25,420.50,422.25,413.00,61.52K,0.06%
2016-10-20,417.00,419.50,422.75,415.25,49.98K,-0.77%
2016-10-21,414.50,417.00,418.50,413.25,38.99K,-0.60%
2016-10-24,402.50,414.25,416.75,400.75,82.89K,-2.90%
2016-10-25,404.25,403.75,406.75,398.75,61.13K,0.43%
2016-10-26,411.50,404.00,414.00,402.75,71.49K,1.79%
2016-10-27,414.50,411.50,418.75,411.25,62.06K,0.73%
2016-10-28,408.50,416.25,417.50,407.25,45.84K,-1.45%
2016-10-31,416.25,411.50,417.00,408.75,69.46K,1.90%
2016-11-01,414.25,416.25,418.25,410.75,76.67K,-0.48%
2016-11-02,417.75,414.50,420.25,412.00,77.15K,0.84%
2016-11-03,412.00,417.50,420.00,409.00,70.19K,-1.38%
2016-11-04,414.25,414.00,415.25,410.25,46.12K,0.55%
2016-11-07,410.00,414.25,415.75,406.50,79.19K,-1.03%
2016-11-08,415.25,410.50,419.75,408.25,132.28K,1.28%
2016-11-09,406.75,416.50,417.75,403.75,131.83K,-2.05%
2016-11-10,404.75,409.50,414.25,402.00,105.34K,-0.49%
2016-11-11,403.00,404.25,407.50,401.00,82.17K,-0.43%
2016-11-14,394.00,402.75,403.75,392.50,80.27K,-2.23%
2016-11-15,399.00,394.00,402.00,392.75,73.26K,1.27%
2016-11-16,397.00,399.25,401.00,396.75,70.18K,-0.50%
2016-11-17,403.00,397.75,406.00,396.50,60.28K,1.51%
2016-11-18,408.00,403.00,410.00,400.25,53.49K,1.24%
2016-11-21,410.25,409.00,412.00,404.50,57.58K,0.55%
2016-11-22,407.25,410.00,412.25,405.00,56.80K,-0.73%
2016-11-23,401.50,407.00,407.25,396.25,64.72K,-1.41%
2016-11-25,395.75,401.75,403.75,394.50,46.04K,-1.43%
2016-11-28,389.50,396.25,397.00,388.75,57.17K,-1.58%
2016-11-29,384.00,389.00,389.00,382.75,40.69K,-1.41%
2016-11-30,380.50,384.25,391.50,380.00,4.93K,-0.91%
2016-12-01,371.50,376.50,379.75,369.50,1.55K,-2.37%
2016-12-02,387.50,373.00,387.50,371.50,0.72K,4.31%
2016-12-05,389.25,389.75,394.00,389.25,0.38K,0.45%
2016-12-06,389.50,393.00,393.00,388.25,0.10K,0.06%
2016-12-07,386.25,389.00,389.00,385.00,0.26K,-0.83%
2016-12-08,390.75,396.50,396.50,389.75,0.03K,1.17%
2016-12-09,400.25,395.50,395.50,395.50,0.01K,2.43%
2016-12-12,401.25,397.75,397.75,397.50,0.03K,0.25%
2016-12-13,398.00,400.50,404.00,400.50,0.03K,-0.81%
2016-12-14,391.50,397.25,397.25,397.25,0.02K,-1.63%
2016-12-15,409.25,418.00,418.25,408.50,61.06K,4.53%
2016-12-16,409.25,407.75,411.00,404.50,47.32K,0.00%
2016-12-19,405.00,412.25,413.00,403.00,52.12K,-1.04%
2016-12-20,403.25,406.00,407.75,400.25,35.45K,-0.43%
2016-12-21,399.50,402.50,404.50,399.00,32.14K,-0.93%
2016-12-22,397.00,399.25,400.50,396.50,37.05K,-0.63%
2016-12-23,393.50,397.00,398.25,392.75,31.85K,-0.88%
2016-12-27,409.50,394.50,411.00,394.50,67.77K,4.07%
2016-12-28,401.50,409.75,410.00,400.25,43.96K,-1.95%
2016-12-29,404.75,402.50,406.75,402.50,29.87K,0.81%
2016-12-30,408.00,404.75,409.25,403.50,33.93K,0.80%
2017-01-03,406.50,408.75,414.00,405.75,65.59K,-0.37%
2017-01-04,418.50,406.50,419.00,404.75,59.20K,2.95%
2017-01-05,426.25,418.75,427.00,416.25,86.77K,1.85%
2017-01-06,423.25,425.75,428.00,421.75,64.73K,-0.70%
2017-01-09,427.25,424.75,428.25,421.00,69.62K,0.95%
2017-01-10,426.75,426.75,427.25,423.50,64.14K,-0.12%
2017-01-11,418.75,426.25,426.25,412.00,109.83K,-1.87%
2017-01-12,426.25,419.00,430.00,414.50,133.10K,1.79%
2017-01-13,426.00,426.25,426.75,419.25,72.44K,-0.06%
2017-01-17,433.50,426.50,437.50,423.75,107.76K,1.76%
2017-01-18,431.00,433.25,434.50,428.25,67.79K,-0.58%
2017-01-19,423.50,430.50,430.75,422.75,64.38K,-1.74%
2017-01-20,428.25,423.50,428.75,421.50,56.20K,1.12%
2017-01-23,433.25,429.00,433.75,427.50,51.61K,1.17%
2017-01-24,426.75,433.00,434.75,426.00,57.33K,-1.50%
2017-01-25,424.50,425.75,428.75,423.00,46.23K,-0.53%
2017-01-26,427.00,425.25,430.50,421.75,59.39K,0.59%
2017-01-27,420.50,426.50,427.50,419.25,64.70K,-1.52%
2017-01-30,414.00,417.50,419.25,412.75,59.66K,-1.55%
2017-01-31,420.75,414.00,421.25,413.00,60.23K,1.63%
2017-02-01,433.75,421.00,434.50,417.00,102.49K,3.09%
2017-02-02,434.50,432.75,437.75,429.75,73.99K,0.17%
2017-02-03,430.25,434.50,435.75,429.25,58.72K,-0.98%
2017-02-06,422.50,429.00,432.25,422.25,61.39K,-1.80%
2017-02-07,430.75,422.50,431.00,419.75,106.31K,1.95%
2017-02-08,432.50,430.50,433.25,427.50,93.30K,0.41%
2017-02-09,443.50,430.50,444.00,429.50,150.25K,2.54%
2017-02-10,449.00,442.50,450.75,441.00,126.17K,1.24%
2017-02-13,452.25,447.75,456.00,444.25,119.11K,0.72%
2017-02-14,449.50,450.50,452.00,446.25,63.20K,-0.61%
2017-02-15,454.75,449.00,455.50,446.25,53.90K,1.17%
2017-02-16,447.75,453.50,464.25,445.25,91.91K,-1.54%
2017-02-17,441.00,445.50,447.50,440.25,66.63K,-1.51%
2017-02-21,436.00,439.75,440.75,435.00,55.22K,-1.13%
2017-02-22,441.25,436.00,443.00,435.25,49.82K,1.20%
2017-02-23,438.00,441.25,444.25,436.25,34.39K,-0.74%
2017-02-24,431.25,438.25,438.50,430.00,52.86K,-1.54%
2017-02-27,418.75,430.00,431.00,418.25,38.38K,-2.90%
2017-02-28,424.75,420.00,435.75,419.50,7.86K,1.43%
2017-03-01,435.50,424.25,435.50,422.75,1.61K,2.53%
2017-03-02,432.00,436.75,438.00,432.00,1.15K,-0.80%
2017-03-03,433.75,430.25,434.25,428.25,0.73K,0.41%
2017-03-06,438.25,436.00,441.75,436.00,0.59K,1.04%
2017-03-07,436.00,440.00,440.00,432.00,0.31K,-0.51%
2017-03-08,427.50,431.50,431.50,426.00,0.19K,-1.95%
2017-03-09,426.00,432.00,432.50,425.00,0.03K,-0.35%
2017-03-10,422.75,428.00,428.00,423.75,0.01K,-0.76%
2017-03-13,412.25,419.50,419.50,412.50,0.05K,-2.48%
2017-03-14,412.00,412.25,413.00,412.00,0.09K,-0.06%
2017-03-15,436.00,431.00,437.00,430.50,49.63K,5.83%
2017-03-16,436.00,436.00,440.75,434.50,42.95K,0.00%
2017-03-17,436.25,434.75,437.75,433.00,31.61K,0.06%
2017-03-20,430.25,439.25,442.75,429.00,58.04K,-1.38%
2017-03-21,426.50,430.50,430.50,423.00,63.99K,-0.87%
2017-03-22,422.25,427.00,427.25,421.25,52.13K,-1.00%
2017-03-23,421.00,421.50,424.75,420.00,48.85K,-0.30%
2017-03-24,424.75,421.50,426.25,420.75,49.58K,0.89%
2017-03-27,420.75,426.00,426.00,418.25,51.97K,-0.94%
2017-03-28,424.50,421.00,425.75,419.25,51.33K,0.89%
2017-03-29,425.50,424.00,427.50,422.50,54.19K,0.24%
2017-03-30,421.00,425.50,426.25,419.50,55.14K,-1.06%
2017-03-31,426.50,422.00,432.25,416.50,97.63K,1.31%
2017-04-03,427.75,430.25,434.00,427.00,72.14K,0.29%
2017-04-04,427.00,426.75,432.25,425.75,59.64K,-0.18%
2017-04-05,429.75,427.25,430.50,425.00,69.26K,0.64%
2017-04-06,423.25,429.00,430.75,421.75,51.90K,-1.51%
2017-04-07,424.00,422.75,425.25,419.50,89.81K,0.18%
2017-04-10,428.75,423.75,429.00,422.50,83.11K,1.12%
2017-04-11,433.25,428.00,434.75,423.75,143.52K,1.05%
2017-04-12,433.25,433.75,436.50,431.50,111.96K,0.00%
2017-04-13,429.75,432.50,436.00,428.75,102.78K,-0.81%
2017-04-17,421.00,430.25,431.25,419.75,67.54K,-2.04%
2017-04-18,422.50,421.75,423.75,419.00,67.01K,0.36%
2017-04-19,419.00,421.50,425.75,417.50,59.27K,-0.83%
2017-04-20,406.25,418.00,421.75,405.25,72.67K,-3.04%
2017-04-21,405.00,406.00,408.00,400.00,77.28K,-0.31%
2017-04-24,402.50,406.50,408.50,401.25,37.65K,-0.62%
2017-04-25,408.75,402.75,411.00,398.50,50.47K,1.55%
2017-04-26,407.75,409.00,413.75,405.75,31.17K,-0.24%
2017-04-27,413.50,407.00,415.00,406.00,25.26K,1.41%
2017-04-28,418.50,413.00,418.50,413.00,2.49K,1.21%
2017-05-01,442.75,423.75,442.25,423.75,1.08K,5.79%
2017-05-02,441.50,445.75,450.75,438.75,0.23K,-0.28%
2017-05-03,443.00,442.00,442.00,440.00,0.60K,0.34%
2017-05-04,426.00,442.00,442.00,425.75,0.35K,-3.84%
2017-05-05,427.50,428.00,428.00,428.00,0.01K,0.35%
2017-05-08,418.00,426.00,426.00,421.25,0.06K,-2.22%
2017-05-09,421.75,421.00,423.25,420.50,0.03K,0.90%
2017-05-10,424.00,424.00,424.00,420.75,0.03K,0.53%
2017-05-11,426.00,425.75,434.00,425.75,0.01K,0.47%
2017-05-12,425.00,445.25,445.25,416.25,0.01K,-0.23%
2017-05-15,423.25,430.25,431.00,421.50,67.80K,-0.41%
2017-05-16,424.25,423.25,426.00,420.25,73.17K,0.24%
2017-05-17,427.00,423.00,432.25,421.50,63.69K,0.65%
2017-05-18,425.75,429.25,429.25,421.25,66.13K,-0.29%
2017-05-19,435.25,425.25,436.75,425.25,54.65K,2.23%
2017-05-22,434.25,437.00,442.50,434.00,68.28K,-0.23%
2017-05-23,429.50,433.50,435.75,428.00,65.20K,-1.09%
2017-05-24,432.50,429.25,433.00,427.50,46.73K,0.70%
2017-05-25,430.75,431.50,436.00,430.25,43.99K,-0.40%
2017-05-26,438.25,430.25,439.00,429.25,48.91K,1.74%
2017-05-30,429.50,438.50,439.25,426.25,77.25K,-2.00%
2017-05-31,429.25,433.50,436.25,428.25,66.68K,-0.06%
2017-06-01,429.00,429.50,431.25,421.25,73.75K,-0.06%
2017-06-02,429.50,428.00,434.00,426.50,54.08K,0.12%
2017-06-05,429.50,428.75,433.25,425.50,78.89K,0.00%
2017-06-06,435.75,429.25,440.75,429.25,104.06K,1.46%
2017-06-07,444.75,438.00,448.75,437.50,128.33K,2.07%
2017-06-08,449.25,447.25,455.75,446.00,138.86K,1.01%
2017-06-09,445.75,448.75,454.25,443.75,119.22K,-0.78%
2017-06-12,434.00,443.25,444.00,431.25,110.89K,-2.64%
2017-06-13,445.00,437.25,446.25,436.75,101.36K,2.53%
2017-06-14,443.00,445.00,452.25,441.75,102.30K,-0.45%
2017-06-15,453.75,443.00,457.25,437.25,115.59K,2.43%
2017-06-16,465.25,456.00,468.50,455.50,117.47K,2.53%
2017-06-19,467.00,463.75,473.25,458.50,111.59K,0.38%
2017-06-20,472.50,469.00,474.75,463.00,85.16K,1.18%
2017-06-21,464.50,473.50,473.75,463.50,71.14K,-1.69%
2017-06-22,461.25,464.50,465.25,455.50,62.65K,-0.70%
2017-06-23,459.75,464.75,467.00,459.00,58.27K,-0.33%
2017-06-26,450.00,458.00,460.75,449.25,42.69K,-2.12%
2017-06-27,453.25,450.00,457.00,449.25,28.32K,0.72%
2017-06-28,457.25,453.50,459.25,451.50,23.42K,0.88%
2017-06-29,480.25,457.00,483.75,456.25,30.88K,5.03%
2017-06-30,511.00,480.25,511.50,480.25,3.79K,6.40%
2017-07-03,536.75,518.25,539.00,518.25,1.13K,5.04%
2017-07-05,539.25,544.50,556.00,517.50,0.49K,0.47%
2017-07-06,519.00,519.00,528.75,519.00,0.20K,-3.76%
2017-07-07,515.25,515.75,524.00,514.50,0.10K,-0.72%
2017-07-10,530.50,530.75,531.00,530.50,0.06K,2.96%
2017-07-11,535.50,531.25,533.25,528.50,0.05K,0.94%
2017-07-12,522.50,533.50,534.25,521.50,0.15K,-2.43%
2017-07-13,495.50,516.00,516.00,496.00,0.01K,-5.17%
2017-07-14,494.75,513.50,520.50,508.50,0.01K,-0.15%
2017-07-17,506.00,509.50,512.00,502.75,60.38K,2.27%
2017-07-18,503.75,509.00,517.75,503.00,76.02K,-0.44%
2017-07-19,503.00,504.00,509.00,500.00,71.11K,-0.15%
2017-07-20,505.75,504.50,508.25,495.00,68.99K,0.55%
2017-07-21,499.25,506.50,510.25,497.50,72.40K,-1.29%
2017-07-24,488.75,496.25,496.50,483.00,90.52K,-2.10%
2017-07-25,474.00,494.75,495.25,473.25,93.08K,-3.02%
2017-07-26,477.75,476.00,481.00,473.00,58.01K,0.79%
2017-07-27,479.75,478.25,485.50,477.50,47.25K,0.42%
2017-07-28,481.00,480.25,489.25,478.00,49.70K,0.26%
2017-07-31,474.50,478.75,480.75,471.50,54.21K,-1.35%
2017-08-01,461.25,469.00,478.00,460.50,83.06K,-2.79%
2017-08-02,460.75,462.00,466.75,455.75,82.58K,-0.11%
2017-08-03,457.75,461.00,463.75,454.25,63.50K,-0.65%
2017-08-04,454.75,457.75,461.50,453.50,56.08K,-0.66%
2017-08-07,463.50,457.75,464.00,454.25,71.29K,1.92%
2017-08-08,457.00,463.75,468.00,454.75,92.37K,-1.40%
2017-08-09,459.50,457.25,461.50,454.00,76.42K,0.55%
2017-08-10,440.50,459.50,462.00,439.25,103.45K,-4.13%
2017-08-11,439.25,441.50,444.00,434.50,89.53K,-0.28%
2017-08-14,441.00,436.50,441.75,431.00,73.55K,0.40%
2017-08-15,429.50,440.00,440.25,428.00,71.50K,-2.61%
2017-08-16,419.25,429.50,435.75,417.00,72.24K,-2.39%
2017-08-17,414.00,419.50,422.25,412.25,51.30K,-1.25%
2017-08-18,416.00,414.00,417.75,412.00,34.05K,0.48%
2017-08-21,409.50,414.50,418.75,408.75,26.38K,-1.56%
2017-08-22,402.25,410.75,413.00,402.00,33.26K,-1.77%
2017-08-23,403.25,402.50,408.50,401.25,31.83K,0.25%
2017-08-24,409.00,403.25,411.25,400.75,32.19K,1.43%
2017-08-25,409.50,409.00,412.75,408.50,26.93K,0.12%
2017-08-28,400.00,406.25,410.00,398.75,25.84K,-2.32%
2017-08-29,402.75,400.50,404.00,394.50,22.86K,0.69%
2017-08-30,403.50,403.00,407.00,400.00,12.50K,0.19%
2017-08-31,410.25,403.50,411.75,402.75,1.46K,1.67%
2017-09-01,420.50,410.75,421.75,408.75,0.61K,2.50%
2017-09-05,430.50,428.25,433.50,428.00,0.41K,2.38%
2017-09-06,421.75,425.00,428.00,421.00,0.15K,-2.03%
2017-09-07,413.50,421.00,421.00,412.00,0.13K,-1.96%
2017-09-08,413.75,415.75,415.75,412.50,0.05K,0.06%
2017-09-11,412.25,417.75,418.50,413.50,0.02K,-0.36%
2017-09-12,419.50,415.00,418.75,415.00,0.02K,1.76%
2017-09-13,420.75,426.00,426.00,426.00,0.00K,0.30%
2017-09-14,428.25,443.75,450.50,442.00,0.00K,1.78%
2017-09-15,449.00,443.50,450.25,440.75,60.90K,4.85%
2017-09-18,443.50,448.50,450.75,442.25,54.10K,-1.22%
2017-09-19,443.00,442.75,446.75,435.75,71.99K,-0.11%
2017-09-20,449.75,443.25,452.00,442.75,62.18K,1.52%
2017-09-21,452.50,451.75,454.50,445.50,61.68K,0.61%
2017-09-22,449.50,452.50,455.00,448.00,58.49K,-0.66%
2017-09-25,454.00,448.00,454.75,444.00,64.12K,1.00%
2017-09-26,453.75,453.50,460.75,451.50,70.89K,-0.06%
2017-09-27,461.50,454.00,462.75,449.00,74.38K,1.71%
2017-09-28,455.00,462.00,462.00,454.00,57.17K,-1.41%
2017-09-29,448.25,455.50,459.00,446.25,93.11K,-1.48%
2017-10-02,444.75,446.50,448.50,439.50,75.65K,-0.78%
2017-10-03,448.00,445.00,450.50,443.25,81.89K,0.73%
2017-10-04,442.00,448.75,449.25,441.50,57.49K,-1.34%
2017-10-05,440.75,443.25,444.00,438.00,57.91K,-0.28%
2017-10-06,443.50,440.50,444.75,438.75,47.87K,0.62%
2017-10-09,436.00,444.00,445.75,435.50,59.17K,-1.69%
2017-10-10,435.25,436.75,439.75,434.00,54.05K,-0.17%
2017-10-11,433.25,435.00,435.50,429.75,72.06K,-0.46%
2017-10-12,430.50,432.50,437.75,428.00,74.22K,-0.63%
2017-10-13,439.50,430.75,440.75,430.50,52.24K,2.09%
2017-10-16,436.50,440.00,442.75,435.50,46.50K,-0.68%
2017-10-17,434.75,436.50,440.75,433.50,46.21K,-0.40%
2017-10-18,430.00,434.75,435.25,429.00,47.23K,-1.09%
2017-10-19,432.75,430.50,436.25,429.50,53.11K,0.64%
2017-10-20,426.00,433.00,436.00,425.00,51.12K,-1.56%
2017-10-23,436.75,426.25,438.25,423.75,82.20K,2.52%
2017-10-24,438.00,438.00,438.75,433.00,47.69K,0.29%
2017-10-25,435.50,438.00,443.00,433.75,59.31K,-0.57%
2017-10-26,431.75,435.50,437.50,431.00,45.42K,-0.86%
2017-10-27,427.25,430.50,431.25,424.75,62.47K,-1.04%
2017-10-30,424.75,427.50,428.25,422.50,49.31K,-0.59%
2017-10-31,418.50,425.00,426.25,416.25,93.96K,-1.47%
2017-11-01,418.00,418.75,422.00,416.50,66.28K,-0.12%
2017-11-02,426.00,417.50,426.75,417.50,70.60K,1.91%
2017-11-03,425.75,427.00,429.00,422.25,68.73K,-0.06%
2017-11-06,430.75,427.00,431.25,427.00,84.45K,1.17%
2017-11-07,427.25,430.25,431.00,424.00,113.50K,-0.81%
2017-11-08,426.75,427.25,427.50,419.00,94.74K,-0.12%
2017-11-09,429.00,425.75,432.00,423.75,155.47K,0.53%
2017-11-10,431.50,429.50,434.25,426.75,106.00K,0.58%
2017-11-13,424.25,432.00,432.00,422.25,110.24K,-1.68%
2017-11-14,428.00,424.75,429.50,423.25,93.37K,0.88%
2017-11-15,420.00,427.75,428.25,418.00,76.38K,-1.87%
2017-11-16,421.50,421.50,424.50,419.50,65.60K,0.36%
2017-11-17,427.25,421.50,428.00,421.00,60.66K,1.36%
2017-11-20,422.00,427.75,428.00,419.25,65.12K,-1.23%
2017-11-21,424.75,421.75,428.75,420.25,62.06K,0.65%
2017-11-22,422.75,424.75,426.25,420.75,62.50K,-0.47%
2017-11-24,415.75,422.00,422.25,412.50,53.95K,-1.66%
2017-11-27,409.50,415.50,416.00,408.75,43.93K,-1.50%
2017-11-28,410.75,410.25,412.25,405.25,40.90K,0.31%
2017-11-29,416.50,410.75,417.25,410.50,37.72K,1.40%
2017-11-30,409.25,415.25,417.25,407.75,14.09K,-1.74%
2017-12-01,414.50,409.00,414.75,408.00,3.44K,1.28%
2017-12-04,410.25,416.00,419.00,410.75,0.95K,-1.03%
2017-12-05,406.00,410.25,411.00,405.50,1.14K,-1.04%
2017-12-06,398.50,407.25,407.25,398.50,0.14K,-1.85%
2017-12-07,394.25,396.25,397.25,394.00,0.16K,-1.07%
2017-12-08,392.00,395.50,395.50,391.50,0.21K,-0.57%
2017-12-11,387.75,386.50,387.25,386.50,0.06K,-1.08%
2017-12-12,387.25,413.50,418.75,411.25,0.15K,-0.13%
2017-12-13,392.25,411.50,417.25,411.50,0.05K,1.29%
2017-12-14,395.00,417.50,420.75,416.25,0.12K,0.70%
2017-12-15,418.25,418.75,421.50,415.00,49.12K,5.89%
2017-12-18,420.50,420.25,423.50,419.50,47.97K,0.54%
2017-12-19,419.50,420.50,424.00,419.00,39.62K,-0.24%
2017-12-20,423.50,418.75,424.50,416.25,54.04K,0.95%
2017-12-21,427.00,424.00,427.50,422.50,44.55K,0.83%
2017-12-22,424.75,426.75,429.00,424.25,39.04K,-0.53%
2017-12-26,422.25,424.00,426.75,420.75,27.39K,-0.59%
2017-12-27,428.00,422.25,428.25,420.75,36.73K,1.36%
2017-12-28,427.75,427.50,428.75,425.25,31.94K,-0.06%
2017-12-29,427.00,426.25,428.00,424.00,37.22K,-0.18%
2018-01-02,433.50,428.25,436.25,428.25,71.35K,1.52%
2018-01-03,436.00,435.25,437.00,432.00,70.97K,0.58%
2018-01-04,434.00,435.75,436.00,431.00,58.73K,-0.46%
2018-01-05,430.75,433.00,433.75,427.50,62.55K,-0.75%
2018-01-08,427.75,430.25,432.25,425.75,71.82K,-0.70%
2018-01-09,432.25,427.75,433.75,425.25,63.52K,1.05%
2018-01-10,434.25,432.25,435.00,431.50,62.13K,0.46%
2018-01-11,433.25,434.25,434.50,428.50,73.17K,-0.23%
2018-01-12,420.50,433.25,436.00,418.75,131.03K,-2.94%
2018-01-16,416.50,420.25,422.75,413.25,83.27K,-0.95%
2018-01-17,421.50,416.75,423.25,415.50,53.02K,1.20%
2018-01-18,425.25,422.25,425.75,421.25,53.11K,0.89%
2018-01-19,422.75,425.25,427.25,421.50,39.94K,-0.59%
2018-01-22,425.75,424.50,427.50,423.25,51.15K,0.71%
2018-01-23,421.50,423.50,425.00,419.75,57.49K,-1.00%
2018-01-24,433.00,422.25,433.75,420.75,113.54K,2.73%
2018-01-25,434.50,433.00,438.75,429.50,91.60K,0.35%
2018-01-26,441.00,435.00,442.50,434.25,83.10K,1.50%
2018-01-29,449.25,443.00,449.75,443.00,109.24K,1.87%
2018-01-30,457.25,454.00,458.50,449.75,130.21K,1.78%
2018-01-31,451.75,458.50,458.75,447.50,121.25K,-1.20%
2018-02-01,451.00,451.00,451.50,443.25,112.72K,-0.17%
2018-02-02,446.75,449.75,451.00,445.00,69.04K,-0.94%
2018-02-05,440.25,443.25,445.75,438.75,100.97K,-1.45%
2018-02-06,446.25,442.00,447.75,438.75,80.12K,1.36%
2018-02-07,460.50,449.00,461.75,447.75,149.04K,3.19%
2018-02-08,456.25,461.75,464.50,451.25,133.04K,-0.92%
2018-02-09,449.00,454.25,456.00,448.25,119.90K,-1.59%
2018-02-12,464.00,452.00,465.00,451.50,130.18K,3.34%
2018-02-13,460.75,465.00,467.25,459.00,139.47K,-0.70%
2018-02-14,455.75,458.00,460.75,453.75,92.77K,-1.09%
2018-02-15,461.75,455.75,463.50,452.25,79.65K,1.32%
2018-02-16,457.75,463.50,464.50,456.75,69.87K,-0.87%
2018-02-18,458.00,458.00,458.00,458.00,,0.05%
2018-02-19,458.00,458.00,458.00,458.00,,0.00%
2018-02-20,449.25,459.75,463.25,449.00,86.76K,-1.91%
2018-02-21,447.25,450.00,452.00,445.50,76.89K,-0.45%
2018-02-22,451.25,447.75,452.00,444.75,47.64K,0.89%
2018-02-23,452.25,452.00,456.25,451.50,51.46K,0.22%
2018-02-26,459.50,458.50,464.00,455.75,51.73K,1.60%
2018-02-27,463.25,462.00,465.75,460.25,32.83K,0.82%
2018-02-28,484.50,464.50,487.50,464.00,5.72K,4.59%
2018-03-01,505.50,491.25,506.25,482.75,0.91K,4.33%
2018-03-02,492.00,506.25,506.25,489.00,0.50K,-2.67%
2018-03-05,502.25,497.00,501.75,493.00,0.37K,2.08%
2018-03-06,502.00,498.75,501.75,494.00,0.20K,-0.05%
2018-03-07,493.00,505.00,505.00,493.00,0.22K,-1.79%
2018-03-08,494.75,495.25,495.75,491.00,0.12K,0.35%
2018-03-09,489.00,495.00,495.00,486.00,0.29K,-1.16%
2018-03-12,489.75,486.00,486.00,483.50,0.06K,0.15%
2018-03-13,485.50,494.50,503.25,493.00,0.04K,-0.87%
2018-03-14,495.75,485.00,496.50,485.00,0.01K,2.11%
2018-03-15,478.75,488.75,493.25,476.00,76.23K,-3.43%
2018-03-16,467.75,478.75,482.25,467.00,83.13K,-2.30%
2018-03-19,450.75,465.00,466.00,450.25,109.99K,-3.63%
2018-03-20,453.00,452.50,457.50,450.00,92.60K,0.50%
2018-03-21,453.50,453.50,454.50,446.75,79.01K,0.11%
2018-03-22,455.75,453.50,459.75,451.25,64.10K,0.50%
2018-03-23,460.25,455.25,461.75,446.50,78.52K,0.99%
2018-03-26,454.25,462.50,463.75,451.25,65.96K,-1.30%
2018-03-27,449.00,454.25,457.50,448.75,57.98K,-1.16%
2018-03-28,445.50,449.50,452.50,444.50,55.98K,-0.78%
2018-03-29,451.00,447.50,455.75,441.50,89.82K,1.23%
2018-04-02,446.25,454.25,457.25,445.75,67.07K,-1.05%
2018-04-03,457.50,448.50,463.50,448.25,99.83K,2.52%
2018-04-04,455.75,457.00,461.50,447.00,94.46K,-0.38%
2018-04-05,464.75,458.00,466.00,456.50,73.15K,1.97%
2018-04-06,472.25,461.50,472.75,459.25,76.59K,1.61%
2018-04-09,490.75,478.00,493.75,474.75,133.94K,3.92%
2018-04-10,492.00,492.00,494.00,481.75,130.24K,0.25%
2018-04-11,487.25,491.00,492.00,483.00,101.29K,-0.97%
2018-04-12,481.00,483.50,484.75,474.75,80.17K,-1.28%
2018-04-13,472.50,480.25,481.25,469.50,63.77K,-1.77%
2018-04-16,462.25,466.50,470.25,461.50,81.26K,-2.17%
2018-04-17,466.25,463.75,470.75,461.50,55.33K,0.87%
2018-04-18,475.25,466.25,476.00,465.50,51.50K,1.93%
2018-04-19,476.75,477.50,480.00,471.75,43.87K,0.32%
2018-04-20,463.25,476.25,476.75,462.25,47.33K,-2.83%
2018-04-23,461.50,464.25,469.00,458.75,56.90K,-0.38%
2018-04-24,472.50,461.25,473.00,455.50,29.31K,2.38%
2018-04-25,486.25,473.00,488.50,472.25,28.84K,2.91%
2018-04-26,480.75,485.25,491.50,476.50,23.00K,-1.13%
2018-04-27,495.50,484.00,495.75,480.25,16.63K,3.07%
2018-04-30,512.50,500.00,515.50,499.75,2.35K,3.43%
2018-05-01,529.75,511.25,529.75,510.25,0.55K,3.37%
2018-05-02,525.75,525.00,533.25,522.50,0.17K,-0.76%
2018-05-03,540.50,525.75,540.00,521.50,0.19K,2.81%
2018-05-04,527.50,537.00,537.00,529.50,0.12K,-2.41%
2018-05-07,514.00,515.00,515.00,515.00,0.07K,-2.56%
2018-05-08,517.75,515.50,516.50,515.50,0.01K,0.73%
2018-05-09,514.50,508.00,511.00,508.00,0.03K,-0.63%
2018-05-10,507.75,515.75,515.75,515.75,0.06K,-1.31%
2018-05-11,489.50,503.25,505.25,497.00,0.03K,-3.59%
2018-05-14,480.50,479.25,479.25,479.25,0.02K,-1.84%
2018-05-15,493.50,490.50,496.25,486.25,74.72K,2.71%
2018-05-16,494.25,493.75,498.75,491.00,56.23K,0.15%
2018-05-17,497.50,496.00,505.00,495.00,68.13K,0.66%
2018-05-18,518.25,497.50,518.75,495.25,98.78K,4.17%
2018-05-21,507.25,523.00,525.50,504.25,101.86K,-2.12%
2018-05-22,521.50,505.50,530.25,502.75,121.34K,2.81%
2018-05-23,531.00,520.75,531.75,517.25,91.16K,1.82%
2018-05-24,530.25,531.00,545.25,529.25,136.82K,-0.14%
2018-05-25,543.00,530.00,544.75,528.25,86.02K,2.40%
2018-05-28,548.00,548.00,548.00,548.00,,0.92%
2018-05-29,536.50,547.50,554.00,531.50,140.35K,-2.10%
2018-05-30,522.00,534.75,534.75,516.50,106.72K,-2.70%
2018-05-31,526.25,522.00,531.75,515.25,86.99K,0.81%
2018-06-01,523.25,524.50,528.00,518.25,84.22K,-0.57%
2018-06-04,505.25,520.25,521.25,503.25,104.59K,-3.44%
2018-06-05,510.00,507.00,518.75,506.00,106.92K,0.94%
2018-06-06,519.75,509.75,531.25,507.50,102.30K,1.91%
2018-06-07,526.75,522.25,537.00,519.25,121.87K,1.35%
2018-06-08,520.00,528.25,533.50,513.25,128.28K,-1.28%
2018-06-11,514.50,520.00,528.25,511.75,95.72K,-1.06%
2018-06-12,534.50,514.75,538.25,510.25,145.45K,3.89%
2018-06-13,516.50,535.00,538.75,514.50,123.83K,-3.37%
2018-06-14,501.50,515.75,517.00,498.25,113.60K,-2.90%
2018-06-15,499.50,502.50,508.75,487.00,98.17K,-0.40%
2018-06-18,490.00,495.50,499.00,487.75,75.22K,-1.90%
2018-06-19,477.75,489.50,490.50,467.50,102.77K,-2.50%
2018-06-20,488.25,477.75,490.00,474.75,55.87K,2.20%
2018-06-21,495.25,490.75,498.75,482.25,51.25K,1.43%
2018-06-22,491.25,495.75,497.50,487.00,38.62K,-0.81%
2018-06-25,476.75,490.25,491.00,473.75,28.21K,-2.95%
2018-06-26,469.50,477.50,481.75,466.75,27.50K,-1.52%
2018-06-27,479.50,470.00,482.25,468.75,30.82K,2.13%
2018-06-28,479.50,478.00,485.25,474.25,13.88K,0.00%
2018-06-29,497.50,479.50,504.00,479.50,2.49K,3.75%
2018-07-02,480.25,497.25,505.00,477.25,0.88K,-3.47%
2018-07-03,491.50,480.75,495.00,480.50,0.72K,2.34%
2018-07-05,504.00,507.00,508.75,503.25,0.17K,2.54%
2018-07-06,512.75,500.25,513.25,500.25,0.16K,1.74%
2018-07-09,507.75,509.50,509.75,504.25,0.06K,-0.98%
2018-07-10,489.50,503.00,503.00,485.75,0.05K,-3.59%
2018-07-11,469.75,488.00,490.50,471.25,0.01K,-4.03%
2018-07-12,482.50,484.25,484.25,484.25,0.07K,2.71%
2018-07-13,481.50,484.50,497.50,481.25,0.01K,-0.21%
2018-07-16,488.50,495.25,498.50,486.75,62.01K,1.45%
2018-07-17,497.75,491.00,504.25,487.75,70.28K,1.89%
2018-07-18,494.50,498.25,505.00,493.75,54.26K,-0.65%
2018-07-19,504.25,493.75,505.75,490.25,57.47K,1.97%
2018-07-20,516.00,503.50,519.75,503.00,76.74K,2.33%
2018-07-23,513.75,518.00,522.50,512.00,74.23K,-0.44%
2018-07-24,510.25,511.50,516.25,505.25,66.28K,-0.68%
2018-07-25,542.75,511.50,545.25,511.25,145.91K,6.37%
2018-07-26,536.50,544.75,553.75,532.00,128.99K,-1.15%
2018-07-27,530.50,536.00,542.00,525.25,95.00K,-1.12%
2018-07-30,546.50,533.50,551.75,532.75,72.66K,3.02%
2018-07-31,553.75,545.50,565.00,540.50,97.01K,1.33%
2018-08-01,558.25,555.25,566.00,550.75,100.63K,0.81%
2018-08-02,560.50,559.50,593.00,559.00,150.99K,0.40%
2018-08-03,556.25,563.25,567.75,554.00,78.47K,-0.76%
2018-08-06,574.50,555.00,576.25,551.50,75.85K,3.28%
2018-08-07,568.25,575.25,586.25,564.00,106.03K,-1.09%
2018-08-08,570.00,569.75,578.00,564.50,91.81K,0.31%
2018-08-09,564.50,570.50,573.75,561.75,87.22K,-0.96%
2018-08-10,546.75,564.75,574.00,545.75,113.92K,-3.14%
2018-08-13,533.50,546.50,549.75,530.50,94.16K,-2.42%
2018-08-14,541.75,534.75,544.25,532.25,58.39K,1.55%
2018-08-15,532.25,541.00,542.75,528.25,70.67K,-1.75%
2018-08-16,542.25,532.50,547.75,531.00,45.52K,1.88%
2018-08-17,560.50,542.25,563.00,535.00,66.48K,3.37%
2018-08-20,542.25,562.00,562.75,540.75,42.93K,-3.26%
2018-08-21,527.25,544.00,544.25,526.25,38.08K,-2.77%
2018-08-22,526.00,526.50,533.00,520.50,35.80K,-0.24%
2018-08-23,522.00,529.00,535.50,515.50,35.63K,-0.76%
2018-08-24,514.75,522.00,522.00,513.00,52.01K,-1.39%
2018-08-27,499.25,513.75,513.75,499.00,23.19K,-3.01%
2018-08-28,498.25,500.25,504.25,494.75,22.07K,-0.20%
2018-08-29,515.75,498.00,520.00,496.00,21.64K,3.51%
2018-08-30,508.00,517.50,525.00,502.50,15.48K,-1.50%
2018-08-31,518.50,509.50,522.25,509.50,0.67K,2.07%
2018-09-03,538.75,537.75,539.00,537.75,,3.91%
2018-09-04,502.75,507.25,507.25,491.75,2.25K,-6.68%
2018-09-05,493.75,501.00,507.50,495.00,0.84K,-1.79%
2018-09-06,486.00,490.00,492.25,487.75,0.24K,-1.57%
2018-09-07,486.25,487.00,487.25,487.00,0.10K,0.05%
2018-09-10,504.00,488.00,498.50,488.00,0.05K,3.65%
2018-09-11,493.75,497.25,497.25,497.25,0.00K,-2.03%
2018-09-12,481.75,500.50,503.50,478.00,0.03K,-2.43%
2018-09-13,471.75,473.00,473.00,473.00,0.00K,-2.08%
2018-09-14,480.00,478.50,479.75,478.50,0.26K,1.75%
2018-09-17,506.25,513.50,517.75,505.50,72.04K,5.47%
2018-09-18,510.50,506.25,514.25,506.25,58.18K,0.84%
2018-09-19,522.50,511.00,523.25,510.50,59.63K,2.35%
2018-09-20,524.00,523.00,525.75,516.00,58.42K,0.29%
2018-09-21,521.75,521.00,524.25,515.00,43.33K,-0.43%
2018-09-24,527.00,522.00,531.25,520.00,55.28K,1.01%
2018-09-25,520.75,525.25,525.75,516.25,62.77K,-1.19%
2018-09-26,517.50,521.25,527.00,516.75,46.39K,-0.62%
2018-09-27,513.00,517.75,522.00,511.25,58.59K,-0.87%
2018-09-28,509.00,513.00,518.00,505.50,74.08K,-0.78%
2018-10-01,509.50,510.00,515.25,505.50,69.14K,0.10%
2018-10-02,519.25,510.50,524.75,505.25,92.44K,1.91%
2018-10-03,515.25,521.25,527.25,514.25,65.96K,-0.77%
2018-10-04,518.00,515.75,520.75,513.75,53.59K,0.53%
2018-10-05,521.00,518.00,524.50,517.25,49.35K,0.58%
2018-10-08,514.00,524.00,525.50,512.75,54.16K,-1.34%
2018-10-09,515.00,513.50,520.50,511.25,47.60K,0.19%
2018-10-10,510.50,516.75,518.00,510.25,42.67K,-0.87%
2018-10-11,508.00,510.75,521.00,506.50,71.25K,-0.49%
2018-10-12,517.25,507.75,519.00,507.25,54.23K,1.82%
2018-10-15,525.00,518.50,526.00,514.75,53.49K,1.50%
2018-10-16,523.50,525.75,527.00,521.00,50.82K,-0.29%
2018-10-17,517.50,524.00,524.50,516.00,39.43K,-1.15%
2018-10-18,513.00,516.00,519.50,511.00,42.08K,-0.87%
2018-10-19,514.75,513.00,518.50,510.75,45.87K,0.34%
2018-10-22,508.00,514.00,514.25,507.25,47.98K,-1.31%
2018-10-23,509.00,508.00,511.25,505.25,47.85K,0.20%
2018-10-24,499.50,510.00,510.75,496.75,76.18K,-1.87%
2018-10-25,487.25,499.75,499.75,485.50,84.39K,-2.45%
2018-10-26,505.25,487.25,506.75,486.75,143.20K,3.69%
2018-10-29,507.25,510.25,515.00,502.75,66.04K,0.40%
2018-10-30,499.75,505.50,507.50,497.00,69.05K,-1.48%
2018-10-31,500.50,499.75,501.75,490.00,82.42K,0.15%
2018-11-01,508.00,500.50,510.00,500.50,85.22K,1.50%
2018-11-02,508.75,507.00,509.75,502.75,56.56K,0.15%
2018-11-05,507.25,511.25,512.25,503.75,54.25K,-0.29%
2018-11-06,512.00,507.25,514.00,505.50,51.33K,0.94%
2018-11-07,510.25,512.50,514.25,507.25,70.29K,-0.34%
2018-11-08,507.75,509.50,517.00,503.25,110.06K,-0.49%
2018-11-09,502.00,507.50,508.00,500.75,92.76K,-1.13%
2018-11-12,519.75,502.50,520.75,501.25,115.47K,3.54%
2018-11-13,507.75,518.25,520.75,506.00,104.44K,-2.31%
2018-11-14,503.00,507.75,511.00,501.00,80.90K,-0.94%
2018-11-15,505.50,503.00,509.00,503.00,71.99K,0.50%
2018-11-16,506.75,505.25,508.75,502.75,41.46K,0.25%
2018-11-19,498.50,506.50,507.25,496.00,51.16K,-1.63%
2018-11-20,500.75,497.50,502.50,495.50,39.18K,0.45%
2018-11-21,498.75,500.50,504.25,497.75,30.01K,-0.40%
2018-11-22,498.00,498.00,498.00,498.00,,-0.15%
2018-11-23,499.75,500.75,507.50,499.00,49.83K,0.35%
2018-11-26,507.50,503.00,508.00,501.75,39.28K,1.55%
2018-11-27,498.00,506.75,510.00,497.50,27.09K,-1.87%
2018-11-28,497.50,497.25,501.00,494.75,20.28K,-0.10%
2018-11-29,496.50,497.75,501.50,492.00,16.13K,-0.20%
2018-11-30,515.75,497.25,517.75,497.25,2.39K,3.88%
2018-12-03,515.75,524.25,525.25,514.00,2.39K,0.00%
2018-12-04,519.25,514.75,520.75,514.75,0.33K,0.68%
2018-12-05,514.50,515.00,515.50,513.25,0.05K,-0.91%
2018-12-06,505.25,510.00,510.00,499.50,0.52K,-1.80%
2018-12-07,519.50,505.25,519.00,505.25,0.06K,2.82%
2018-12-10,514.75,522.75,522.75,521.50,0.01K,-0.91%
2018-12-11,509.75,511.00,511.00,511.00,0.01K,-0.97%
2018-12-12,515.25,520.75,520.75,517.75,0.01K,1.08%
2018-12-13,527.75,526.25,526.25,526.25,0.04K,2.43%
2018-12-14,527.75,536.38,537.62,527.75,0.02K,0.00%
2018-12-17,535.25,531.00,537.50,530.00,37.08K,1.42%
2018-12-18,532.75,534.00,536.00,530.00,40.25K,-0.47%
2018-12-19,522.50,532.75,533.00,521.50,49.71K,-1.92%
2018-12-20,523.50,524.00,527.75,521.25,45.09K,0.19%
2018-12-21,514.00,522.00,524.00,512.25,62.69K,-1.81%
2018-12-24,516.50,512.00,518.00,511.00,22.53K,0.49%
2018-12-26,510.00,516.00,520.75,509.00,32.52K,-1.26%
2018-12-27,510.50,511.50,513.00,507.25,32.66K,0.10%
2018-12-28,511.50,511.75,514.00,509.50,25.16K,0.20%
2018-12-31,503.25,512.75,513.50,503.00,41.28K,-1.61%
2019-01-02,506.75,502.50,510.75,501.25,46.44K,0.70%
2019-01-03,513.75,506.75,516.00,506.00,48.80K,1.38%
2019-01-04,517.00,513.75,518.75,513.00,44.05K,0.63%
2019-01-07,516.75,518.00,518.50,513.50,41.55K,-0.05%
2019-01-08,517.75,516.50,524.50,513.75,71.73K,0.19%
2019-01-09,520.00,519.75,523.75,518.25,57.34K,0.43%
2019-01-10,513.75,519.50,520.25,512.00,59.32K,-1.20%
2019-01-11,519.50,513.75,523.75,512.75,73.29K,1.12%
2019-01-14,514.25,520.00,523.50,513.25,49.12K,-1.01%
2019-01-15,511.00,514.75,518.25,508.00,55.27K,-0.63%
2019-01-16,512.50,511.00,516.75,511.00,43.24K,0.29%
2019-01-17,517.75,511.50,522.50,509.00,65.57K,1.02%
2019-01-18,517.75,519.75,522.75,515.25,50.53K,0.00%
2019-01-20,517.00,517.50,517.50,517.00,,-0.14%
2019-01-21,517.00,517.50,520.50,515.25,,0.00%
2019-01-22,521.25,518.00,526.00,514.25,75.78K,0.82%
2019-01-23,526.00,522.50,527.00,521.75,45.10K,0.91%
2019-01-24,521.50,527.00,529.00,521.00,50.94K,-0.86%
2019-01-25,520.00,520.50,523.00,516.75,51.10K,-0.29%
2019-01-28,518.75,520.75,523.50,516.00,44.01K,-0.24%
2019-01-29,513.25,517.75,522.00,510.75,77.73K,-1.06%
2019-01-30,516.75,513.25,518.00,511.75,46.57K,0.68%
2019-01-31,516.50,517.75,520.00,513.50,56.31K,-0.05%
2019-02-01,524.25,515.75,526.50,515.25,83.42K,1.50%
2019-02-04,525.75,524.75,529.00,521.25,74.71K,0.29%
2019-02-05,527.25,525.25,528.25,520.50,73.34K,0.29%
2019-02-06,526.00,527.00,531.25,524.25,73.14K,-0.24%
2019-02-07,513.25,525.25,525.25,512.50,112.35K,-2.42%
2019-02-08,517.25,514.75,522.25,513.50,112.34K,0.78%
2019-02-11,518.25,517.25,519.00,512.00,85.56K,0.19%
2019-02-12,520.00,518.50,520.75,514.50,82.84K,0.34%
2019-02-13,522.25,519.75,524.00,518.75,74.96K,0.43%
2019-02-14,507.00,521.50,522.50,506.00,103.16K,-2.92%
2019-02-15,504.25,507.75,508.75,499.25,79.76K,-0.54%
2019-02-17,503.25,503.50,503.50,502.88,,-0.20%
2019-02-18,503.75,503.25,503.75,503.00,,0.10%
2019-02-19,489.75,502.50,505.25,488.50,74.21K,-2.78%
2019-02-20,480.75,490.00,493.50,475.75,78.09K,-1.84%
2019-02-21,486.50,480.50,491.50,480.25,49.59K,1.20%
2019-02-22,486.75,488.50,493.00,484.50,50.63K,0.05%
2019-02-25,466.75,489.75,490.00,466.25,45.91K,-4.11%
2019-02-26,460.25,467.00,468.00,456.25,35.05K,-1.39%
2019-02-27,461.00,460.25,467.75,458.25,15.76K,0.16%
2019-02-28,452.50,460.25,461.00,452.25,4.22K,-1.84%
2019-03-01,454.00,452.50,457.75,440.50,2.21K,0.33%
2019-03-04,446.75,454.75,454.75,446.00,0.88K,-1.60%
2019-03-05,454.25,446.00,454.25,445.75,0.33K,1.68%
2019-03-06,440.50,449.25,450.50,443.50,0.15K,-3.03%
2019-03-07,431.50,435.25,437.25,435.25,0.07K,-2.04%
2019-03-08,432.75,435.50,437.00,435.50,0.03K,0.29%
2019-03-11,422.25,430.25,430.25,427.75,0.03K,-2.43%
2019-03-12,446.25,424.00,443.00,424.00,0.02K,5.68%
2019-03-13,440.25,439.75,441.50,438.50,0.01K,-1.34%
2019-03-14,452.25,447.88,460.62,446.88,,2.73%
2019-03-15,462.25,452.50,463.00,448.50,67.72K,2.21%
2019-03-18,456.75,463.25,464.00,454.50,58.39K,-1.19%
2019-03-19,456.50,458.50,462.50,453.75,53.50K,-0.05%
2019-03-20,464.75,456.75,465.00,454.75,53.59K,1.81%
2019-03-21,466.50,464.50,467.50,458.00,62.81K,0.38%
2019-03-22,466.00,465.50,473.75,463.75,73.01K,-0.11%
2019-03-25,469.50,466.50,471.75,463.00,59.71K,0.75%
2019-03-26,469.25,470.00,478.00,467.00,83.74K,-0.05%
2019-03-27,469.50,470.00,471.75,466.50,61.16K,0.05%
2019-03-28,464.50,468.50,469.25,459.50,49.57K,-1.06%
2019-03-29,457.75,463.75,464.75,452.50,72.18K,-1.45%
2019-04-01,462.75,459.50,468.25,456.00,61.27K,1.09%
2019-04-02,464.00,463.50,465.75,456.00,48.16K,0.27%
2019-04-03,471.00,463.00,472.75,463.00,61.89K,1.51%
2019-04-04,470.75,471.00,477.50,468.00,70.27K,-0.05%
2019-04-05,467.75,469.00,469.50,464.25,89.21K,-0.64%
2019-04-08,465.25,467.25,471.00,461.75,83.29K,-0.53%
2019-04-09,459.50,462.00,462.50,456.25,89.06K,-1.24%
2019-04-10,458.00,459.00,461.75,455.50,65.28K,-0.33%
2019-04-11,460.50,457.00,462.50,456.75,78.54K,0.55%
2019-04-12,464.50,462.00,465.25,457.50,64.97K,0.87%
2019-04-15,459.50,463.75,464.00,457.75,79.73K,-1.08%
2019-04-16,445.00,458.75,460.25,442.25,90.38K,-3.16%
2019-04-17,447.00,446.50,450.00,444.75,42.63K,0.45%
2019-04-18,444.25,447.25,448.25,439.25,44.04K,-0.62%
2019-04-19,445.50,445.50,445.50,445.50,,0.28%
2019-04-22,435.75,444.25,444.25,435.25,39.27K,-2.19%
2019-04-23,438.75,435.25,441.25,433.00,47.31K,0.69%
2019-04-24,432.25,438.00,439.50,429.75,37.32K,-1.48%
2019-04-25,434.75,430.75,437.50,428.25,37.53K,0.58%
2019-04-26,435.00,433.50,439.00,433.25,31.93K,0.06%
2019-04-29,426.75,436.25,439.75,425.00,31.18K,-1.90%
2019-04-30,418.50,424.00,426.00,416.25,5.05K,-1.93%
2019-05-01,425.00,420.00,426.50,419.50,0.85K,1.55%
2019-05-02,433.25,428.50,438.25,428.25,0.28K,1.94%
2019-05-03,428.00,427.50,437.00,426.00,0.11K,-1.21%
2019-05-06,428.00,424.75,426.25,422.00,0.03K,0.00%
2019-05-07,430.50,422.75,432.00,422.75,0.09K,0.58%
2019-05-08,431.25,430.00,430.00,430.00,0.05K,0.17%
2019-05-09,421.75,425.50,425.50,424.25,0.02K,-2.20%
2019-05-10,419.00,420.50,420.50,417.75,0.20K,-0.65%
2019-05-13,431.25,422.75,428.50,422.75,0.24K,2.92%
2019-05-14,439.25,440.12,450.50,437.88,0.00K,1.86%
2019-05-15,448.75,451.50,464.00,447.00,85.02K,2.16%
2019-05-16,467.00,446.25,468.50,446.25,75.27K,4.07%
2019-05-17,465.00,469.00,473.25,462.50,74.17K,-0.43%
2019-05-20,478.25,469.75,484.00,468.00,86.58K,2.85%
2019-05-21,478.75,486.25,492.75,474.00,99.49K,0.10%
2019-05-22,472.75,475.75,481.00,468.50,65.95K,-1.25%
2019-05-23,470.25,473.00,485.50,466.25,78.86K,-0.53%
2019-05-24,489.50,469.75,490.75,467.25,74.19K,4.09%
2019-05-28,504.75,495.00,509.25,494.50,107.85K,3.12%
2019-05-29,490.50,515.00,521.75,487.50,126.55K,-2.82%
2019-05-30,514.50,488.75,515.00,482.00,101.11K,4.89%
2019-05-31,503.00,514.50,520.00,500.75,107.97K,-2.24%
2019-06-03,519.75,505.75,522.75,503.00,92.33K,3.33%
2019-06-04,507.25,526.00,529.00,501.25,116.94K,-2.41%
2019-06-05,490.75,507.00,508.50,488.50,95.35K,-3.25%
2019-06-06,510.00,492.00,514.00,487.75,126.52K,3.92%
2019-06-07,504.50,511.00,512.75,502.00,95.65K,-1.08%
2019-06-10,507.50,505.25,508.50,493.25,70.59K,0.59%
2019-06-11,518.00,504.00,518.75,500.25,93.40K,2.07%
2019-06-12,526.25,519.75,528.00,513.00,98.89K,1.59%
2019-06-13,535.50,526.00,536.50,524.75,80.27K,1.76%
2019-06-14,538.50,535.50,544.00,530.75,80.19K,0.56%
2019-06-17,539.50,540.25,549.25,537.50,66.17K,0.19%
2019-06-18,531.50,539.75,541.00,525.25,62.46K,-1.48%
2019-06-19,522.25,530.25,531.00,514.25,73.04K,-1.74%
2019-06-20,526.50,520.75,529.00,515.50,43.11K,0.81%
2019-06-21,526.00,527.50,529.75,523.00,43.12K,-0.09%
2019-06-24,538.00,526.00,540.00,522.25,35.35K,2.28%
2019-06-25,535.75,540.25,545.50,534.00,35.00K,-0.42%
2019-06-26,543.75,535.50,545.25,532.25,38.79K,1.49%
2019-06-27,547.50,545.25,555.25,541.25,19.41K,0.69%
2019-06-28,528.00,547.75,558.00,525.75,2.99K,-3.56%
2019-07-01,514.00,532.00,532.00,511.75,0.86K,-2.65%
2019-07-02,503.50,514.00,514.75,502.00,0.62K,-2.04%
2019-07-03,518.00,504.00,518.50,503.75,0.87K,2.88%
2019-07-05,519.25,511.50,520.50,511.50,0.46K,0.24%
2019-07-08,516.75,520.00,521.50,513.00,0.19K,-0.48%
2019-07-09,509.75,513.75,513.75,508.50,0.15K,-1.35%
2019-07-10,511.75,506.00,512.50,506.00,0.14K,0.39%
2019-07-11,536.25,514.25,535.50,514.25,0.07K,4.79%
2019-07-12,536.25,535.00,538.50,535.00,0.05K,0.00%
2019-07-15,507.75,524.25,531.50,506.00,68.19K,-5.31%
2019-07-16,507.50,507.75,510.00,501.00,51.26K,-0.05%
2019-07-17,505.50,507.25,514.00,502.00,40.00K,-0.39%
2019-07-18,493.50,504.00,505.25,493.00,59.02K,-2.37%
2019-07-19,502.50,494.75,516.75,492.50,67.72K,1.82%
2019-07-22,487.25,505.25,505.25,487.00,69.56K,-3.03%
2019-07-23,487.25,487.75,493.50,483.25,57.81K,0.00%
2019-07-24,497.75,487.25,498.75,487.25,61.74K,2.15%
2019-07-25,499.50,497.75,507.50,492.25,66.90K,0.35%
2019-07-26,496.00,499.50,500.25,493.50,41.87K,-0.70%
2019-07-29,503.50,495.25,507.25,492.50,63.10K,1.51%
2019-07-30,497.25,502.25,503.25,495.00,47.67K,-1.24%
2019-07-31,487.25,497.50,500.50,484.50,64.06K,-2.01%
2019-08-01,475.75,486.75,488.50,471.75,79.62K,-2.36%
2019-08-02,490.75,479.25,491.50,476.00,76.64K,3.15%
2019-08-05,494.50,490.25,495.00,479.25,70.66K,0.76%
2019-08-06,484.00,493.00,495.75,482.75,58.66K,-2.12%
2019-08-07,488.25,484.00,490.25,477.50,69.55K,0.88%
2019-08-08,498.50,489.50,502.75,486.00,93.53K,2.10%
2019-08-09,499.50,498.25,505.25,496.00,80.31K,0.20%
2019-08-12,471.75,500.00,502.00,466.50,102.00K,-5.56%
2019-08-13,472.00,471.00,478.75,465.50,80.02K,0.05%
2019-08-14,473.75,474.75,480.00,471.25,54.94K,0.37%
2019-08-15,469.00,475.75,477.25,468.50,50.56K,-1.00%
2019-08-16,470.75,470.25,473.00,467.25,43.36K,0.37%
2019-08-19,465.50,469.00,470.50,464.00,37.68K,-1.12%
2019-08-20,460.00,464.50,468.75,456.75,36.77K,-1.18%
2019-08-21,462.50,460.00,463.00,456.00,29.73K,0.54%
2019-08-22,467.25,462.75,470.50,460.75,28.82K,1.03%
2019-08-23,475.25,466.75,475.75,461.25,50.83K,1.71%
2019-08-26,473.00,474.00,480.00,470.75,26.10K,-0.47%
2019-08-27,473.75,472.75,477.50,470.75,22.70K,0.16%
2019-08-28,472.25,473.75,475.00,465.75,15.98K,-0.32%
2019-08-29,469.75,472.25,474.00,468.50,11.22K,-0.53%
2019-08-30,451.25,467.50,467.50,450.00,4.87K,-3.94%
2019-09-03,447.25,451.50,451.50,443.50,0.71K,-0.89%
2019-09-04,456.25,450.50,459.00,448.50,0.35K,2.01%
2019-09-05,464.00,462.25,465.75,462.00,0.09K,1.70%
2019-09-06,460.25,458.50,461.00,458.50,0.01K,-0.81%
2019-09-09,474.50,458.50,475.00,458.50,0.06K,3.10%
2019-09-10,484.50,476.75,485.50,468.00,0.10K,2.11%
2019-09-11,477.50,489.00,489.00,479.25,0.03K,-1.44%
2019-09-12,485.75,484.25,489.00,482.00,0.01K,1.73%
2019-09-13,485.75,485.38,490.88,480.62,0.01K,0.00%
2019-09-16,488.75,488.00,490.00,482.25,48.64K,0.62%
2019-09-17,484.25,487.75,487.75,480.75,49.22K,-0.92%
2019-09-18,489.50,484.25,492.50,481.75,49.98K,1.08%
2019-09-19,488.00,489.25,492.00,484.50,49.57K,-0.31%
2019-09-20,484.25,486.50,491.25,483.50,39.95K,-0.77%
2019-09-23,483.00,485.00,487.50,481.25,28.54K,-0.26%
2019-09-24,481.75,481.75,484.25,477.50,38.23K,-0.26%
2019-09-25,477.25,481.00,482.25,476.25,34.84K,-0.93%
2019-09-26,484.25,477.00,486.75,476.75,47.41K,1.47%
2019-09-27,487.25,486.00,490.50,482.50,36.02K,0.62%
2019-09-30,495.75,488.00,501.00,483.25,78.10K,1.74%
2019-10-01,498.75,496.50,499.25,489.75,59.42K,0.61%
2019-10-02,489.00,496.50,499.00,485.25,55.28K,-1.95%
2019-10-03,488.75,488.00,493.00,485.75,31.84K,-0.05%
2019-10-04,490.50,489.25,492.25,486.50,28.76K,0.36%
2019-10-07,489.25,492.00,494.50,488.50,35.06K,-0.25%
2019-10-08,500.25,489.75,502.25,486.75,58.66K,2.25%
2019-10-09,500.25,500.50,504.50,497.25,46.02K,0.00%
2019-10-10,493.00,499.50,504.25,487.50,68.28K,-1.45%
2019-10-11,508.00,491.75,512.75,491.25,84.74K,3.04%
2019-10-14,511.00,513.00,515.00,506.75,52.20K,0.59%
2019-10-15,507.00,510.00,511.25,504.25,38.05K,-0.78%
2019-10-16,513.25,505.75,514.25,504.50,49.00K,1.23%
2019-10-17,525.50,514.25,527.00,512.75,66.63K,2.39%
2019-10-18,532.25,526.00,532.75,521.00,56.24K,1.28%
2019-10-21,523.50,532.00,535.00,522.75,53.54K,-1.64%
2019-10-22,518.00,523.00,532.25,517.25,52.26K,-1.05%
2019-10-23,520.75,518.00,523.75,515.75,42.80K,0.53%
2019-10-24,516.00,522.50,523.75,515.50,36.21K,-0.91%
2019-10-25,517.75,517.25,522.00,514.50,40.23K,0.34%
2019-10-28,511.75,518.00,518.50,510.00,50.22K,-1.16%
2019-10-29,511.50,513.00,516.00,508.25,51.56K,-0.05%
2019-10-30,509.25,511.25,514.00,507.00,35.34K,-0.44%
2019-10-31,508.75,510.00,512.25,501.00,63.62K,-0.10%
2019-11-01,516.00,508.75,516.50,506.75,53.60K,1.43%
2019-11-04,509.75,514.25,515.25,508.00,39.53K,-1.21%
2019-11-05,515.25,511.00,516.00,509.00,51.55K,1.08%
2019-11-06,516.75,515.50,521.75,513.50,62.21K,0.29%
2019-11-07,512.50,517.50,519.75,511.00,71.05K,-0.82%
2019-11-08,510.25,512.50,517.75,505.50,79.54K,-0.44%
2019-11-11,505.75,508.00,510.50,503.75,78.29K,-0.88%
2019-11-12,517.00,506.25,517.25,505.25,78.05K,2.22%
2019-11-13,509.00,516.50,516.75,506.50,72.65K,-1.55%
2019-11-14,507.75,508.75,512.00,505.50,53.54K,-0.25%
2019-11-15,502.75,507.75,508.50,501.50,50.34K,-0.98%
2019-11-18,507.25,503.25,510.75,498.50,59.87K,0.90%
2019-11-19,512.00,506.25,515.25,506.00,69.37K,0.94%
2019-11-20,515.50,512.00,515.75,508.00,38.14K,0.68%
2019-11-21,509.00,515.00,519.50,508.25,35.38K,-1.26%
2019-11-22,515.25,509.25,518.50,508.25,46.92K,1.23%
2019-11-25,531.00,515.00,532.50,515.00,44.72K,3.06%
2019-11-26,530.25,530.75,531.75,525.50,28.01K,-0.14%
2019-11-27,528.50,530.00,533.00,525.75,19.20K,-0.33%
2019-11-28,526.12,526.25,526.25,526.12,,-0.45%
2019-11-29,547.50,532.50,550.50,532.50,3.36K,4.06%
2019-12-02,543.25,549.50,549.75,542.75,0.78K,-0.78%
2019-12-03,530.50,545.75,548.00,532.00,0.92K,-2.35%
2019-12-04,535.00,531.00,535.50,529.50,0.35K,0.85%
2019-12-05,532.00,535.25,537.50,531.75,0.40K,-0.56%
2019-12-06,532.50,532.75,532.75,529.00,0.36K,0.09%
2019-12-09,532.00,532.50,533.25,531.00,0.17K,-0.09%
2019-12-10,534.75,532.25,537.50,529.75,0.29K,0.52%
2019-12-11,530.75,534.50,534.50,528.00,0.14K,-0.75%
2019-12-12,539.25,529.75,544.00,528.75,0.06K,1.60%
2019-12-13,539.25,533.38,536.38,525.62,0.08K,0.00%
2019-12-16,549.75,534.75,556.75,534.75,95.74K,1.95%
2019-12-17,556.25,553.25,557.25,545.00,68.51K,1.18%
2019-12-18,548.25,553.25,555.00,545.25,56.33K,-1.44%
2019-12-19,545.25,547.50,553.50,544.00,39.72K,-0.55%
2019-12-20,542.25,545.25,549.00,538.75,44.10K,-0.55%
2019-12-23,539.50,543.00,547.00,538.75,33.26K,-0.51%
2019-12-24,541.00,539.50,545.00,538.50,21.56K,0.28%
2019-12-25,541.00,541.00,541.00,541.00,,0.00%
2019-12-26,549.00,540.75,552.00,540.25,30.24K,1.48%
2019-12-27,556.25,549.75,561.00,549.25,52.11K,1.32%
2019-12-30,556.00,560.00,564.50,551.50,42.49K,-0.04%
2019-12-31,558.75,555.00,559.75,553.00,38.47K,0.49%
2020-01-01,559.50,559.50,559.50,559.50,,0.13%
2020-01-02,560.25,559.50,567.50,558.25,49.93K,0.13%
2020-01-03,554.50,560.75,562.00,551.75,44.18K,-1.03%
2020-01-06,550.00,552.50,555.25,546.75,47.90K,-0.81%
2020-01-07,550.25,549.50,551.00,545.50,41.35K,0.05%
2020-01-08,552.75,549.50,555.75,545.25,51.32K,0.45%
2020-01-09,562.25,553.75,564.00,552.75,66.46K,1.72%
2020-01-10,564.50,562.75,568.50,555.75,92.63K,0.40%
2020-01-13,562.25,565.25,565.75,558.50,51.06K,-0.40%
2020-01-14,568.50,562.25,573.00,559.25,69.29K,1.11%
2020-01-15,573.25,569.00,578.75,568.25,78.78K,0.84%
2020-01-16,565.25,573.50,573.50,560.00,58.19K,-1.40%
2020-01-17,570.50,565.50,572.50,564.25,54.67K,0.93%
2020-01-19,570.75,571.12,571.12,570.75,,0.04%
2020-01-20,569.75,569.50,569.75,569.50,,-0.18%
2020-01-21,581.50,572.50,582.75,566.75,69.90K,2.06%
2020-01-22,577.75,581.50,592.50,574.50,84.47K,-0.64%
2020-01-23,580.50,577.75,583.00,575.25,55.85K,0.48%
2020-01-24,573.50,581.75,581.75,569.50,58.50K,-1.21%
2020-01-27,572.25,567.75,573.25,559.50,78.99K,-0.22%
2020-01-28,569.75,573.00,576.50,565.50,56.86K,-0.44%
2020-01-29,562.25,571.00,573.25,561.00,55.03K,-1.32%
2020-01-30,560.50,562.50,562.50,550.75,77.79K,-0.31%
2020-01-31,553.75,562.50,566.00,552.75,63.92K,-1.20%
2020-02-03,555.50,551.25,558.00,546.50,83.00K,0.32%
2020-02-04,557.25,554.25,564.25,553.50,69.49K,0.32%
2020-02-05,562.00,559.25,563.75,555.50,52.87K,0.85%
2020-02-06,556.25,563.75,565.50,555.75,51.96K,-1.02%
2020-02-07,558.75,557.00,563.00,553.25,64.89K,0.45%
2020-02-10,552.00,558.75,560.75,551.00,100.46K,-1.21%
2020-02-11,542.00,551.50,551.75,539.00,166.63K,-1.81%
2020-02-12,547.50,541.00,549.00,538.25,91.90K,1.01%
2020-02-13,544.25,548.50,550.50,540.75,85.05K,-0.59%
2020-02-14,542.75,544.75,549.50,542.00,63.12K,-0.28%
2020-02-18,566.75,549.25,570.75,548.00,123.53K,4.42%
2020-02-19,565.25,563.00,565.75,553.00,68.27K,-0.26%
2020-02-20,560.00,565.25,567.50,558.25,55.43K,-0.93%
2020-02-21,551.00,559.75,569.00,550.50,81.11K,-1.61%
2020-02-24,536.25,550.25,550.50,534.00,53.34K,-2.68%
2020-02-25,539.00,539.00,541.25,530.75,29.43K,0.51%
2020-02-26,540.25,539.25,542.75,534.75,19.75K,0.23%
2020-02-27,529.25,538.75,539.25,528.25,20.81K,-2.04%
2020-02-28,529.00,531.00,531.25,515.50,2.19K,-0.05%
2020-03-02,526.25,523.50,526.25,521.50,0.67K,-0.52%
2020-03-03,528.75,523.00,534.50,523.00,0.30K,0.48%
2020-03-04,521.50,528.00,528.00,521.25,0.21K,-1.37%
2020-03-05,524.25,521.25,528.50,518.50,0.11K,0.53%
2020-03-06,521.25,520.00,522.75,516.25,0.03K,-0.57%
2020-03-09,522.25,516.00,524.00,513.50,0.12K,0.19%
2020-03-10,526.75,524.25,524.25,519.25,0.06K,0.86%
2020-03-11,517.25,527.25,527.50,521.00,0.03K,-1.80%
2020-03-12,508.25,506.75,508.75,506.75,0.02K,-1.74%
2020-03-13,514.75,509.75,509.75,506.50,0.08K,1.28%
2020-03-16,498.00,503.00,507.25,491.75,78.98K,-3.25%
2020-03-17,499.25,496.25,506.50,494.50,65.54K,0.25%
2020-03-18,508.25,500.75,512.00,494.50,68.78K,1.80%
2020-03-19,535.00,508.50,540.50,508.50,103.08K,5.26%
2020-03-20,539.25,534.50,547.00,533.00,71.44K,0.79%
2020-03-23,562.50,539.50,563.25,537.25,86.81K,4.31%
2020-03-24,561.50,560.50,562.50,549.75,67.26K,-0.18%
2020-03-25,580.00,560.00,583.25,556.75,97.56K,3.29%
2020-03-26,569.00,579.50,583.00,564.50,76.66K,-1.90%
2020-03-27,571.25,569.50,587.00,563.50,87.58K,0.40%
2020-03-30,569.50,572.25,580.75,562.75,59.62K,-0.31%
2020-03-31,568.75,569.75,575.25,564.25,66.20K,-0.13%
2020-04-01,550.25,567.25,571.75,546.50,67.31K,-3.25%
2020-04-02,541.75,550.25,553.25,538.25,46.93K,-1.54%
2020-04-03,549.25,541.75,556.50,541.50,44.94K,1.38%
2020-04-06,555.75,550.00,561.75,549.75,44.55K,1.18%
2020-04-07,549.25,555.25,555.75,545.25,67.15K,-1.17%
2020-04-08,548.25,551.00,554.50,545.00,57.53K,-0.18%
2020-04-09,556.50,549.25,558.75,546.75,63.61K,1.50%
2020-04-10,558.25,558.25,558.25,558.25,,0.31%
2020-04-13,555.00,560.75,564.50,552.50,53.25K,-0.58%
2020-04-14,548.75,555.75,556.75,546.00,53.93K,-1.13%
2020-04-15,540.25,546.50,548.75,529.75,67.69K,-1.55%
2020-04-16,529.75,538.75,545.25,528.00,31.46K,-1.94%
2020-04-17,533.50,528.50,536.00,524.50,23.90K,0.71%
2020-04-20,548.75,536.00,562.00,535.25,40.95K,2.86%
2020-04-21,546.75,551.50,557.00,541.75,18.72K,-0.36%
2020-04-22,543.00,547.75,549.75,538.00,18.84K,-0.69%
2020-04-23,547.00,542.00,551.50,538.50,22.94K,0.74%
2020-04-24,526.75,549.25,550.75,526.00,44.70K,-3.70%
2020-04-27,521.00,529.50,530.00,518.25,12.03K,-1.09%
2020-04-28,526.75,523.00,528.00,517.25,9.16K,1.10%
2020-04-29,519.50,525.00,525.00,512.75,5.25K,-1.38%
2020-04-30,529.75,517.00,527.50,511.00,0.89K,1.97%
2020-05-01,521.50,528.75,528.75,520.50,0.12K,-1.56%
2020-05-04,524.25,516.00,526.75,516.00,0.04K,0.53%
2020-05-05,525.50,519.00,527.00,519.00,0.03K,0.24%
2020-05-06,524.75,521.25,524.00,521.25,0.08K,-0.14%
2020-05-07,529.00,531.00,531.00,531.00,0.04K,0.81%
2020-05-08,529.50,533.00,533.00,533.00,0.02K,0.09%
2020-05-11,524.75,537.75,537.75,529.00,0.01K,-0.90%
2020-05-12,521.75,517.62,518.12,507.88,0.01K,-0.57%
2020-05-13,510.50,513.38,513.50,500.38,0.02K,-2.16%
2020-05-14,510.50,500.12,506.00,496.88,0.01K,0.00%
2020-05-15,500.25,502.50,508.00,497.50,49.77K,-2.01%
2020-05-18,497.00,501.50,502.75,493.75,42.22K,-0.65%
2020-05-19,498.75,496.75,501.50,496.25,43.78K,0.35%
2020-05-20,513.75,499.50,517.75,496.00,87.80K,3.01%
2020-05-21,516.00,515.00,524.00,512.00,75.22K,0.44%
2020-05-22,508.75,515.00,516.25,503.25,59.25K,-1.41%
2020-05-24,508.12,508.25,508.25,508.12,,-0.12%
2020-05-25,504.88,504.88,504.88,504.88,,-0.64%
2020-05-26,506.75,504.25,512.25,504.25,48.96K,0.37%
2020-05-27,504.50,507.75,511.75,501.25,41.18K,-0.44%
2020-05-28,514.50,505.25,518.75,503.75,64.13K,1.98%
2020-05-29,520.75,513.50,522.25,511.75,56.41K,1.21%
2020-06-01,515.25,520.00,520.75,511.50,62.14K,-1.06%
2020-06-02,508.00,517.00,517.25,506.75,76.98K,-1.41%
2020-06-03,512.00,509.75,515.50,506.50,70.05K,0.79%
2020-06-04,523.75,512.25,529.00,512.00,76.24K,2.29%
2020-06-05,515.25,526.75,527.75,513.25,100.26K,-1.62%
2020-06-08,511.50,517.00,517.75,508.50,89.83K,-0.73%
2020-06-09,504.50,512.00,514.00,500.75,105.09K,-1.37%
2020-06-10,506.25,505.00,509.25,502.50,77.13K,0.35%
2020-06-11,499.25,508.75,509.00,498.50,90.88K,-1.38%
2020-06-12,502.00,499.00,504.75,495.25,71.17K,0.55%
2020-06-15,504.75,499.75,505.50,497.50,51.22K,0.55%
2020-06-16,496.00,506.50,507.25,491.00,67.27K,-1.73%
2020-06-17,488.75,494.50,495.75,487.25,60.13K,-1.46%
2020-06-18,483.50,488.50,492.00,480.50,51.88K,-1.07%
2020-06-19,481.25,482.75,485.50,476.00,58.29K,-0.47%
2020-06-22,485.00,480.50,486.00,477.75,35.48K,0.78%
2020-06-23,486.00,485.25,488.75,479.25,38.40K,0.21%
2020-06-24,481.25,486.75,488.00,480.00,22.22K,-0.98%
2020-06-25,486.75,480.00,489.25,478.75,46.25K,1.14%
2020-06-26,474.00,486.50,487.00,468.25,64.06K,-2.62%
2020-06-29,485.50,473.50,488.75,473.00,16.75K,2.43%
2020-06-30,490.00,483.75,495.50,478.50,2.72K,0.93%
2020-07-01,498.75,489.75,498.75,489.75,0.72K,1.79%
2020-07-02,490.00,498.25,499.00,486.50,0.29K,-1.75%
2020-07-06,489.50,489.00,489.25,485.75,0.08K,-0.10%
2020-07-07,492.25,492.75,495.00,491.50,0.10K,0.56%
2020-07-08,517.50,495.25,517.38,494.75,0.08K,5.13%
2020-07-09,526.25,530.00,537.75,520.75,0.02K,1.69%
2020-07-10,535.75,536.75,543.00,536.75,0.02K,1.81%
2020-07-13,524.75,536.00,536.00,528.00,0.06K,-2.05%
2020-07-14,524.75,524.00,533.38,522.88,0.00K,0.00%
2020-07-15,550.75,527.00,551.75,526.75,97.65K,4.95%
2020-07-16,535.25,550.00,551.50,534.00,96.90K,-2.81%
2020-07-17,534.75,535.75,540.00,530.75,52.66K,-0.09%
2020-07-20,522.00,535.00,535.25,517.00,84.62K,-2.38%
2020-07-21,527.75,520.50,531.50,518.50,62.30K,1.10%
2020-07-22,534.50,525.75,540.25,523.75,59.56K,1.28%
2020-07-23,529.50,534.75,536.00,527.00,46.72K,-0.94%
2020-07-24,539.50,530.75,544.00,530.00,63.63K,1.89%
2020-07-27,527.75,538.75,539.00,526.25,47.27K,-2.18%
2020-07-28,523.50,526.50,529.75,519.25,51.35K,-0.81%
2020-07-29,532.75,523.50,533.25,523.50,42.24K,1.77%
2020-07-30,529.50,531.75,534.50,525.00,47.62K,-0.61%
2020-07-31,531.25,528.50,535.25,528.50,48.27K,0.33%
2020-08-03,521.00,527.00,528.25,517.00,71.43K,-1.93%
2020-08-04,508.25,521.00,521.25,507.75,82.32K,-2.45%
2020-08-05,510.75,508.25,512.75,506.00,67.34K,0.49%
2020-08-06,501.25,510.75,515.00,500.75,86.50K,-1.86%
2020-08-07,495.50,501.25,503.75,490.50,93.52K,-1.15%
2020-08-10,491.00,495.25,497.25,490.00,76.70K,-0.91%
2020-08-11,495.00,491.00,498.75,490.50,83.77K,0.81%
2020-08-12,491.25,495.75,498.00,488.00,90.88K,-0.76%
2020-08-13,496.75,490.00,500.75,489.00,82.62K,1.12%
2020-08-14,500.00,495.50,507.75,493.50,75.82K,0.65%
2020-08-17,516.50,500.50,517.50,500.00,66.20K,3.30%
2020-08-18,507.50,516.25,517.50,503.00,50.26K,-1.74%
2020-08-19,512.00,507.25,514.25,506.25,49.51K,0.89%
2020-08-20,519.50,511.75,520.25,506.50,37.92K,1.46%
2020-08-21,527.25,520.00,527.75,515.00,58.90K,1.49%
2020-08-24,520.75,527.75,533.25,516.50,30.51K,-1.23%
2020-08-25,527.25,521.25,533.75,520.75,26.56K,1.25%
2020-08-26,532.00,527.00,532.75,523.25,25.93K,0.90%
2020-08-27,542.50,531.75,543.75,531.00,18.37K,1.97%
2020-08-28,539.25,543.00,547.25,536.75,17.69K,-0.60%
2020-08-31,544.25,539.25,551.75,538.00,1.10K,0.93%
2020-09-01,555.75,542.50,559.25,539.25,0.25K,2.11%
2020-09-02,547.75,554.50,554.50,545.00,0.19K,-1.44%
2020-09-03,543.25,550.25,550.25,542.50,0.12K,-0.82%
2020-09-04,539.75,542.00,544.00,539.00,0.09K,-0.64%
2020-09-08,533.25,536.25,539.50,533.50,0.06K,-1.20%
2020-09-09,534.00,533.50,536.50,533.25,0.03K,0.14%
2020-09-10,540.00,544.75,548.50,539.50,0.03K,1.12%
2020-09-11,533.75,543.00,543.00,535.50,0.01K,-1.16%
2020-09-14,548.50,525.00,549.25,525.00,0.26K,2.76%
2020-09-15,538.25,546.00,547.00,533.75,60.56K,-1.87%
2020-09-16,542.00,535.50,543.00,533.25,47.77K,0.70%
2020-09-17,556.25,542.00,557.25,537.25,76.82K,2.63%
2020-09-18,575.00,555.75,578.00,555.50,96.51K,3.37%
2020-09-21,554.75,576.50,578.25,550.50,96.69K,-3.52%
2020-09-22,558.00,553.50,567.00,550.25,75.82K,0.59%
2020-09-23,549.00,558.50,560.25,547.25,59.47K,-1.61%
2020-09-24,549.75,548.00,554.25,541.00,71.79K,0.14%
2020-09-25,544.25,552.25,552.50,543.75,48.64K,-1.00%
2020-09-28,550.25,545.25,551.75,537.75,60.68K,1.10%
2020-09-29,549.50,551.00,553.25,546.00,45.64K,-0.14%
2020-09-30,578.00,548.75,587.00,547.00,122.16K,5.19%
2020-10-01,570.25,574.00,584.00,568.50,76.22K,-1.34%
2020-10-02,573.25,569.25,576.50,561.25,54.24K,0.53%
2020-10-05,584.25,574.50,587.75,573.00,60.42K,1.92%
2020-10-06,592.75,585.00,601.75,579.75,83.09K,1.45%
2020-10-07,607.50,591.25,611.50,588.50,102.22K,2.49%
2020-10-08,595.25,608.75,616.75,593.25,95.30K,-2.02%
2020-10-09,593.75,594.00,606.75,588.75,88.06K,-0.25%
2020-10-12,594.25,592.50,599.00,587.00,63.84K,0.08%
2020-10-13,594.00,596.25,604.25,590.75,56.42K,-0.04%
2020-10-14,596.75,594.75,600.25,587.25,58.37K,0.46%
2020-10-15,618.25,596.75,619.50,596.50,90.30K,3.60%
2020-10-16,625.25,618.50,630.75,615.50,90.62K,1.13%
2020-10-19,627.00,631.00,636.75,620.25,86.96K,0.28%
2020-10-20,632.00,628.50,638.25,623.50,78.90K,0.80%
2020-10-21,629.75,634.50,637.50,628.75,61.38K,-0.36%
2020-10-22,622.75,628.50,632.25,621.25,63.70K,-1.11%
2020-10-23,632.75,623.00,635.50,619.50,64.24K,1.61%
2020-10-26,620.00,632.75,633.00,616.00,66.90K,-2.02%
2020-10-27,615.75,618.75,627.00,614.75,63.49K,-0.69%
2020-10-28,608.75,614.50,614.50,600.75,72.24K,-1.14%
2020-10-29,603.75,609.75,611.25,598.50,69.89K,-0.82%
2020-10-30,598.50,602.00,607.25,595.25,72.81K,-0.87%
2020-11-02,607.50,593.25,609.50,591.00,75.09K,1.50%
2020-11-03,608.00,607.00,616.50,604.00,70.89K,0.08%
2020-11-04,606.00,607.75,610.50,597.75,66.08K,-0.33%
2020-11-05,609.25,606.50,626.25,606.00,97.07K,0.54%
2020-11-06,602.00,607.75,615.75,601.75,105.36K,-1.19%
2020-11-09,597.50,602.25,607.00,595.00,91.44K,-0.75%
2020-11-10,608.50,597.25,613.00,594.00,134.34K,1.84%
2020-11-11,598.00,607.00,613.50,595.50,107.81K,-1.73%
2020-11-12,588.25,596.25,598.75,587.00,91.05K,-1.63%
2020-11-13,593.50,586.25,596.25,580.25,77.40K,0.89%
2020-11-16,598.00,593.75,601.00,586.00,87.08K,0.76%
2020-11-17,595.25,598.00,603.25,592.50,73.20K,-0.46%
2020-11-18,597.75,595.75,604.25,592.50,61.56K,0.42%
2020-11-19,591.75,598.75,600.25,589.75,42.21K,-1.00%
2020-11-20,593.25,590.00,598.25,590.00,36.85K,0.25%
2020-11-23,598.75,596.00,604.75,595.75,22.14K,0.93%
2020-11-24,611.25,599.50,612.25,594.00,19.74K,2.09%
2020-11-25,588.25,612.75,616.50,587.00,23.90K,-3.76%
2020-11-26,587.88,587.75,587.88,587.62,,-0.06%
2020-11-27,596.50,592.25,600.25,589.25,7.30K,1.47%
2020-11-30,580.25,599.50,600.00,579.50,1.05K,-2.72%
2020-12-01,565.50,580.75,580.75,563.50,0.54K,-2.54%
2020-12-02,578.00,565.50,578.75,565.50,0.08K,2.21%
2020-12-03,571.75,573.50,576.00,568.00,0.16K,-1.08%
2020-12-04,566.50,563.75,564.75,563.75,0.06K,-0.92%
2020-12-07,571.25,560.00,575.75,560.00,0.02K,0.84%
2020-12-08,563.75,566.75,574.00,566.75,0.02K,-1.31%
2020-12-09,577.00,568.50,581.00,568.50,0.01K,2.35%
2020-12-10,590.25,590.00,592.50,587.00,0.01K,2.30%
2020-12-11,608.25,598.12,619.12,590.25,0.01K,3.05%
2020-12-14,593.50,615.50,615.50,615.50,0.02K,-2.42%
2020-12-15,599.75,597.25,605.75,594.25,51.42K,1.05%
2020-12-16,598.50,602.25,607.75,589.75,56.48K,-0.21%
2020-12-17,608.75,599.75,610.00,598.50,43.43K,1.71%
2020-12-18,608.25,611.50,614.75,604.50,42.17K,-0.08%
2020-12-21,611.25,610.25,615.25,596.50,48.42K,0.49%
2020-12-22,617.00,615.50,619.75,603.00,55.03K,0.94%
2020-12-23,629.75,615.25,633.75,610.50,69.51K,2.07%
2020-12-24,627.00,631.00,633.75,623.50,35.66K,-0.44%
2020-12-25,627.10,627.10,627.10,627.10,,0.02%
2020-12-28,614.25,627.00,631.50,607.00,53.53K,-2.05%
2020-12-29,618.50,614.25,623.25,611.50,35.42K,0.69%
2020-12-30,640.75,620.00,643.50,614.00,71.65K,3.60%
2020-12-31,640.50,640.00,644.50,632.50,44.93K,-0.04%
2021-01-01,641.75,641.75,641.75,641.75,,0.20%
2021-01-04,642.00,643.00,650.25,634.00,66.78K,0.04%
2021-01-05,654.00,641.50,664.50,639.50,81.17K,1.87%
2021-01-06,647.50,654.00,660.25,646.00,60.85K,-0.99%
2021-01-07,642.25,646.75,648.25,638.00,47.49K,-0.81%
2021-01-08,638.75,644.75,649.50,634.00,56.14K,-0.54%
2021-01-11,634.75,639.00,651.50,628.75,58.07K,-0.63%
2021-01-12,665.00,636.25,670.00,634.00,80.42K,4.77%
2021-01-13,660.50,665.00,680.75,656.25,80.72K,-0.68%
2021-01-14,670.00,660.00,673.25,653.00,63.30K,1.44%
2021-01-15,675.50,671.00,693.00,664.50,77.45K,0.82%
2021-01-19,672.25,683.75,691.25,668.75,63.50K,-0.48%
2021-01-20,667.75,675.25,676.00,656.50,66.03K,-0.67%
2021-01-21,660.75,666.50,674.75,657.75,50.21K,-1.05%
2021-01-22,634.50,658.50,659.00,633.00,76.81K,-3.97%
2021-01-25,648.50,633.00,651.50,624.25,64.72K,2.21%
2021-01-26,665.25,646.75,667.75,641.25,68.36K,2.58%
2021-01-27,658.25,663.25,672.75,652.50,54.19K,-1.05%
2021-01-28,647.00,655.00,664.50,643.50,65.43K,-1.71%
2021-01-29,663.00,646.25,664.75,643.00,60.15K,2.47%
2021-02-01,651.00,663.50,671.00,646.00,55.80K,-1.81%
2021-02-02,644.75,655.00,656.75,640.50,46.87K,-0.96%
2021-02-03,648.25,646.25,649.75,625.75,77.13K,0.54%
2021-02-04,637.50,647.25,650.50,633.00,66.02K,-1.66%
2021-02-05,641.25,634.75,647.50,632.25,78.45K,0.59%
2021-02-08,655.75,643.00,657.50,642.50,102.71K,2.26%
2021-02-09,649.50,657.75,660.50,639.75,124.15K,-0.95%
2021-02-10,635.50,649.50,650.50,626.75,98.58K,-2.16%
2021-02-11,633.50,636.50,644.75,632.00,79.70K,-0.31%
2021-02-12,636.75,632.50,643.00,632.00,64.75K,0.51%
2021-02-14,637.25,637.50,637.50,637.25,,0.08%
2021-02-15,637.75,637.50,637.75,637.50,,0.08%
2021-02-16,657.50,648.00,660.25,640.50,50.20K,3.10%
2021-02-17,644.00,660.00,661.25,638.50,35.18K,-2.05%
2021-02-18,662.50,644.00,665.75,641.50,56.68K,2.87%
2021-02-19,650.75,665.00,669.00,649.00,51.92K,-1.77%
2021-02-22,664.00,653.75,665.25,651.00,26.46K,2.04%
2021-02-23,665.75,666.50,667.75,656.50,24.55K,0.26%
2021-02-24,680.25,665.50,683.50,665.00,23.40K,2.18%
2021-02-25,671.75,677.25,680.50,658.75,13.33K,-1.25%
2021-02-26,655.00,665.00,665.75,653.00,1.45K,-2.49%
2021-03-01,643.75,661.00,661.00,643.00,0.39K,-1.72%
2021-03-02,663.25,645.50,663.25,640.00,0.24K,3.03%
2021-03-03,652.00,658.25,658.25,645.75,0.18K,-1.70%
2021-03-04,649.75,653.00,658.00,648.75,0.58K,-0.35%
2021-03-05,654.00,649.50,657.50,647.00,0.40K,0.65%
2021-03-08,646.50,659.50,659.50,642.50,0.35K,-1.15%
2021-03-09,656.50,654.75,655.00,650.75,0.01K,1.55%
2021-03-10,650.75,653.25,653.75,643.50,0.13K,-0.88%
2021-03-11,636.25,650.00,650.00,636.75,0.03K,-2.23%
2021-03-12,631.75,642.88,645.60,637.60,0.01K,-0.71%
2021-03-15,645.00,637.75,647.75,636.00,40.09K,2.10%
2021-03-16,647.00,645.50,648.00,631.75,51.10K,0.31%
2021-03-17,640.00,646.25,649.50,639.25,36.15K,-1.08%
2021-03-18,630.50,640.00,641.00,629.00,47.13K,-1.48%
2021-03-19,627.00,629.00,635.50,621.75,51.67K,-0.56%
2021-03-22,627.25,627.50,630.75,621.25,36.12K,0.04%
2021-03-23,634.75,628.00,644.50,621.00,68.77K,1.20%
2021-03-24,624.75,635.00,638.75,624.00,45.58K,-1.58%
2021-03-25,612.50,624.75,625.50,609.00,60.63K,-1.96%
2021-03-26,613.25,611.00,619.00,608.25,45.62K,0.12%
2021-03-29,616.75,615.75,617.75,607.25,38.59K,0.57%
2021-03-30,601.75,616.25,616.75,600.50,52.67K,-2.43%
2021-03-31,618.00,603.25,631.75,593.25,90.27K,2.70%
2021-04-01,611.00,623.00,625.75,601.25,73.41K,-1.13%
2021-04-05,618.00,607.00,625.00,607.00,52.00K,1.15%
2021-04-06,615.50,622.00,627.50,613.75,58.04K,-0.40%
2021-04-07,616.25,615.00,619.75,609.75,73.52K,0.12%
2021-04-08,628.75,618.00,631.50,616.00,87.00K,2.03%
2021-04-09,638.75,628.75,646.50,627.25,113.07K,1.59%
2021-04-12,628.00,638.00,639.00,623.00,101.81K,-1.68%
2021-04-13,629.75,630.25,637.25,628.25,78.36K,0.28%
2021-04-14,648.00,630.75,655.75,630.75,117.77K,2.90%
2021-04-15,653.75,647.25,657.75,639.00,61.43K,0.89%
2021-04-16,652.50,652.50,659.75,648.25,36.53K,-0.19%
2021-04-19,652.25,653.00,660.75,651.00,28.59K,-0.04%
2021-04-20,659.75,651.50,679.00,650.25,43.16K,1.15%
2021-04-21,673.25,662.75,678.75,658.75,30.05K,2.05%
2021-04-22,710.25,673.75,713.25,672.00,45.27K,5.50%
2021-04-23,710.25,709.75,714.75,701.00,29.09K,0.00%
2021-04-26,739.50,712.75,745.25,712.75,34.38K,4.12%
2021-04-27,733.75,737.00,773.00,726.75,16.10K,-0.78%
2021-04-28,725.25,734.25,743.75,713.50,12.76K,-1.16%
2021-04-29,737.50,722.25,738.75,712.75,9.42K,1.69%
2021-04-30,742.50,741.00,745.50,728.50,0.41K,0.68%
2021-05-03,725.50,753.25,753.25,726.75,0.41K,-2.29%
2021-05-04,737.00,731.25,737.50,730.00,0.30K,1.59%
2021-05-05,755.75,737.75,754.50,737.50,0.50K,2.54%
2021-05-06,764.25,761.00,763.50,745.00,0.02K,1.12%
2021-05-07,773.50,771.00,771.00,760.50,0.03K,1.21%
2021-05-10,742.50,768.50,769.00,746.00,0.23K,-4.01%
2021-05-11,759.75,742.75,765.00,742.75,0.06K,2.32%
2021-05-12,754.75,763.00,763.00,746.50,0.08K,-0.66%
2021-05-13,726.50,750.00,756.50,737.00,0.06K,-3.74%
2021-05-14,727.25,730.25,730.25,727.25,0.04K,0.10%
2021-05-17,699.75,704.00,707.50,692.00,53.09K,-3.78%
2021-05-18,698.00,702.50,718.50,692.50,61.42K,-0.25%
2021-05-19,679.25,698.00,699.00,671.50,77.67K,-2.69%
2021-05-20,675.25,682.25,688.00,672.25,55.31K,-0.59%
2021-05-21,674.25,675.50,677.50,665.75,57.46K,-0.15%
2021-05-24,662.25,667.00,668.75,653.25,57.25K,-1.78%
2021-05-25,656.50,663.25,667.50,646.75,64.77K,-0.87%
2021-05-26,648.50,657.00,657.75,639.50,59.95K,-1.22%
2021-05-27,676.25,648.25,679.50,648.00,65.47K,4.28%
2021-05-28,663.50,676.00,679.75,661.25,56.12K,-1.89%
2021-05-30,664.12,664.12,664.12,664.12,,0.09%
2021-05-31,673.62,673.62,673.62,673.62,,1.43%
2021-06-01,693.50,673.25,702.00,672.00,75.70K,2.95%
2021-06-02,687.50,692.00,701.50,681.50,65.96K,-0.87%
2021-06-03,676.25,689.50,699.25,669.25,60.41K,-1.64%
2021-06-04,687.75,678.50,690.25,676.25,55.84K,1.70%
2021-06-07,680.00,694.25,704.00,678.50,103.02K,-1.13%
2021-06-08,685.00,682.50,699.25,680.25,91.99K,0.74%
2021-06-09,682.25,685.00,686.00,673.50,91.32K,-0.40%
2021-06-10,683.75,684.00,689.25,672.75,103.90K,0.22%
2021-06-11,680.75,682.25,688.00,669.50,80.62K,-0.44%
2021-06-14,674.50,680.50,680.75,657.00,67.69K,-0.92%
2021-06-15,661.50,674.50,676.25,649.00,68.47K,-1.93%
2021-06-16,662.75,662.00,672.75,658.75,61.56K,0.19%
2021-06-17,639.00,663.75,667.00,637.25,68.26K,-3.58%
2021-06-18,662.75,639.00,668.50,639.00,53.57K,3.72%
2021-06-21,661.50,657.00,673.50,646.50,38.19K,-0.19%
2021-06-22,651.00,666.25,672.75,650.75,35.94K,-1.59%
2021-06-23,661.25,653.25,668.25,653.25,40.59K,1.57%
2021-06-24,651.25,660.25,660.75,642.00,29.17K,-1.51%
2021-06-25,637.00,650.50,656.75,634.50,38.80K,-2.19%
2021-06-28,646.00,638.00,655.00,637.00,29.18K,1.41%
2021-06-29,639.75,651.00,657.75,638.25,13.02K,-0.97%
2021-06-30,671.50,640.50,673.00,627.50,1.83K,4.96%
2021-07-01,658.50,667.75,683.00,663.00,0.56K,-1.94%
2021-07-02,645.75,661.00,662.00,643.75,0.40K,-1.94%
2021-07-06,620.00,634.75,634.75,611.00,0.09K,-3.99%
2021-07-07,614.75,626.00,626.00,613.75,0.17K,-0.85%
2021-07-08,612.25,615.00,618.00,611.75,0.10K,-0.41%
2021-07-09,608.50,608.00,612.25,606.50,0.10K,-0.61%
2021-07-12,635.00,610.75,634.75,604.50,0.03K,4.35%
2021-07-13,628.75,636.50,639.50,626.00,0.06K,-0.98%
2021-07-14,645.00,635.88,657.50,632.50,0.03K,2.58%
2021-07-15,672.00,653.75,673.50,651.25,56.84K,4.19%
2021-07-16,692.50,671.75,696.25,670.75,75.89K,3.05%
2021-07-19,697.75,702.75,709.50,694.25,74.22K,0.76%
2021-07-20,700.50,698.75,718.00,698.25,64.01K,0.39%
2021-07-21,710.75,701.00,712.00,700.00,52.75K,1.46%
2021-07-22,692.25,708.25,709.00,681.75,63.08K,-2.60%
2021-07-23,684.00,688.00,696.75,677.50,42.54K,-1.19%
2021-07-26,677.00,684.00,684.00,665.50,43.68K,-1.02%
2021-07-27,674.50,680.25,690.00,671.75,50.03K,-0.37%
2021-07-28,688.75,675.00,696.25,673.75,49.23K,2.11%
2021-07-29,705.25,689.75,706.75,689.00,45.52K,2.40%
2021-07-30,703.75,705.00,711.50,695.00,53.64K,-0.21%
2021-08-02,729.50,704.00,731.75,704.00,62.79K,3.66%
2021-08-03,724.50,727.50,734.75,717.75,73.89K,-0.69%
2021-08-04,717.25,724.25,738.75,714.50,75.46K,-1.00%
2021-08-05,712.75,714.75,725.50,709.75,62.60K,-0.63%
2021-08-06,719.00,712.75,724.75,709.25,85.12K,0.88%
2021-08-09,711.25,719.00,723.75,708.25,84.30K,-1.08%
2021-08-10,727.00,711.00,730.00,708.50,85.50K,2.21%
2021-08-11,727.00,726.75,732.25,718.75,98.74K,0.00%
2021-08-12,753.50,724.00,762.00,723.00,109.43K,3.65%
2021-08-13,762.25,753.00,774.75,747.50,87.10K,1.16%
2021-08-16,760.50,762.50,770.25,757.75,62.05K,-0.23%
2021-08-17,734.50,762.50,763.75,732.25,63.61K,-3.42%
2021-08-18,737.25,734.25,740.50,721.75,33.61K,0.37%
2021-08-19,727.50,737.00,737.00,716.00,37.06K,-1.32%
2021-08-20,714.25,727.50,732.75,709.25,37.21K,-1.82%
2021-08-23,719.75,712.75,730.75,710.25,21.09K,0.77%
2021-08-24,718.00,722.75,723.25,710.75,28.50K,-0.24%
2021-08-25,711.25,718.00,719.75,704.25,21.99K,-0.94%
2021-08-26,725.25,712.50,727.00,709.25,17.85K,1.97%
2021-08-27,718.50,725.75,731.25,717.75,24.92K,-0.93%
2021-08-30,708.75,720.50,728.50,707.50,18.32K,-1.36%
2021-08-31,706.75,706.50,707.50,690.25,1.67K,-0.28%
2021-09-01,701.00,708.25,710.25,699.25,0.55K,-0.81%
2021-09-02,704.00,694.00,708.00,694.00,0.37K,0.43%
2021-09-03,714.50,702.00,715.00,701.00,0.43K,1.49%
2021-09-06,724.00,724.00,724.00,724.00,,1.33%
2021-09-07,708.75,718.50,718.50,704.25,0.17K,-2.11%
2021-09-08,698.25,704.50,704.50,698.25,0.06K,-1.48%
2021-09-09,681.50,700.00,700.00,683.50,0.11K,-2.40%
2021-09-10,675.00,682.50,683.75,673.25,0.07K,-0.95%
2021-09-13,674.50,671.50,671.50,671.50,0.01K,-0.07%
2021-09-14,685.00,677.25,677.25,677.25,0.00K,1.56%
2021-09-15,712.25,700.00,714.75,695.25,51.08K,3.98%
2021-09-16,713.00,711.25,716.75,705.00,40.25K,0.11%
2021-09-17,708.75,713.75,716.00,706.50,33.38K,-0.60%
2021-09-20,700.75,708.00,710.75,695.75,37.45K,-1.13%
2021-09-21,690.25,700.25,701.00,686.00,43.20K,-1.50%
2021-09-22,705.75,689.50,706.75,688.00,37.48K,2.25%
2021-09-23,717.75,708.50,719.50,704.00,46.80K,1.70%
2021-09-24,723.75,718.50,725.75,711.50,47.32K,0.84%
2021-09-27,722.25,723.50,728.50,720.25,32.06K,-0.21%
2021-09-28,706.50,722.00,726.75,706.00,54.40K,-2.18%
2021-09-29,710.25,709.25,717.75,708.25,38.93K,0.53%
2021-09-30,725.50,711.25,732.75,701.25,71.33K,2.15%
2021-10-01,755.25,725.00,758.50,722.75,85.70K,4.10%
2021-10-04,756.50,752.25,763.50,748.50,54.75K,0.17%
2021-10-05,744.75,756.25,757.00,743.75,49.15K,-1.55%
2021-10-06,746.00,744.75,756.75,742.25,44.64K,0.17%
2021-10-07,741.25,746.00,752.50,739.50,42.61K,-0.64%
2021-10-08,734.00,739.25,746.50,731.75,47.84K,-0.98%
2021-10-11,731.75,734.00,739.50,731.00,32.21K,-0.31%
2021-10-12,734.00,731.75,743.75,718.00,57.86K,0.31%
2021-10-13,718.75,736.00,737.75,712.75,57.90K,-2.08%
2021-10-14,724.75,718.75,729.50,718.50,39.59K,0.83%
2021-10-15,734.00,725.00,740.50,722.25,40.53K,1.28%
2021-10-18,736.25,734.00,738.75,728.50,31.46K,0.31%
2021-10-19,736.00,736.00,745.25,735.25,37.74K,-0.03%
2021-10-20,749.25,737.00,750.00,736.50,35.08K,1.80%
2021-10-21,741.25,749.75,752.50,738.25,33.63K,-1.07%
2021-10-22,756.00,743.75,759.50,743.50,52.33K,1.99%
2021-10-25,759.50,759.75,767.00,753.25,42.58K,0.46%
2021-10-26,752.25,763.00,765.00,747.50,53.54K,-0.95%
2021-10-27,759.75,750.50,762.75,745.00,49.84K,1.00%
2021-10-28,772.50,760.00,780.00,751.50,57.33K,1.68%
2021-10-29,772.75,773.25,780.00,763.50,48.73K,0.03%
2021-11-01,797.25,774.50,800.50,768.25,73.03K,3.17%
2021-11-02,791.50,798.50,807.00,789.75,65.89K,-0.72%
2021-11-03,781.00,790.50,796.75,777.50,53.18K,-1.33%
2021-11-04,773.75,782.00,794.25,772.25,51.27K,-0.93%
2021-11-05,766.50,774.75,781.50,765.50,83.64K,-0.94%
2021-11-08,768.00,768.25,773.00,762.50,75.81K,0.20%
2021-11-09,778.50,769.25,783.25,764.50,81.30K,1.37%
2021-11-10,803.00,783.00,803.75,778.00,85.82K,3.15%
2021-11-11,812.50,803.00,824.75,798.25,107.50K,1.18%
2021-11-12,817.00,814.25,826.75,805.50,63.15K,0.55%
2021-11-15,826.25,819.75,829.50,813.25,57.38K,1.13%
2021-11-16,810.25,827.50,827.50,810.00,58.36K,-1.94%
2021-11-17,822.25,812.00,835.00,810.50,63.82K,1.48%
2021-11-18,820.00,824.25,843.25,819.25,63.59K,-0.27%
2021-11-19,823.00,821.00,830.75,813.50,42.70K,0.37%
2021-11-22,845.75,827.50,848.50,826.00,40.43K,2.76%
2021-11-23,856.00,846.50,856.50,838.25,29.30K,1.21%
2021-11-24,836.75,856.50,863.25,833.50,46.27K,-2.25%
2021-11-26,825.50,821.25,830.50,810.00,29.47K,-1.34%
2021-11-29,807.50,837.75,840.50,805.00,20.04K,-2.18%
2021-11-30,773.75,808.25,808.25,770.50,2.66K,-4.18%
2021-12-01,778.50,784.00,785.50,774.75,0.48K,0.61%
2021-12-02,806.50,779.50,809.25,779.50,0.19K,3.60%
2021-12-03,794.50,809.50,814.75,799.00,0.10K,-1.49%
2021-12-06,797.00,799.75,799.75,784.50,0.07K,0.31%
2021-12-07,799.25,811.00,812.00,796.00,0.07K,0.28%
2021-12-08,791.25,799.25,800.00,787.75,0.04K,-1.00%
2021-12-09,773.50,793.50,793.50,777.00,0.06K,-2.24%
2021-12-10,782.00,769.25,783.25,769.00,0.03K,1.10%
2021-12-13,785.50,779.25,791.00,779.25,0.07K,0.45%
2021-12-14,785.50,788.75,792.00,778.00,,0.00%
2021-12-15,756.00,787.00,787.00,751.00,77.46K,-3.76%
2021-12-16,770.50,757.50,773.00,751.25,50.77K,1.92%
2021-12-17,775.00,770.00,780.25,765.25,38.05K,0.58%
2021-12-20,777.75,777.50,778.75,757.75,38.68K,0.35%
2021-12-21,799.00,778.50,799.75,772.50,46.15K,2.73%
2021-12-22,814.00,796.75,817.00,792.00,48.74K,1.88%
2021-12-23,814.75,812.50,820.50,808.25,36.62K,0.09%
2021-12-24,815.80,815.25,815.80,815.25,,0.13%
2021-12-27,804.00,817.50,824.00,802.50,30.21K,-1.45%
2021-12-28,783.50,805.75,808.00,781.75,41.88K,-2.55%
2021-12-29,787.75,785.25,793.00,774.00,40.94K,0.54%
2021-12-30,779.75,789.50,791.75,776.00,29.56K,-1.02%
2021-12-31,770.75,782.50,787.75,769.50,25.06K,-1.15%
2022-01-03,758.00,774.00,782.25,752.75,42.12K,-1.65%
2022-01-04,770.00,758.00,771.50,756.25,43.22K,1.58%
2022-01-05,760.75,771.00,771.50,756.00,40.24K,-1.20%
2022-01-06,746.00,761.75,762.00,736.00,64.43K,-1.94%
2022-01-07,758.50,748.00,760.75,735.50,58.46K,1.68%
2022-01-10,762.00,760.75,767.50,748.00,46.68K,0.46%
2022-01-11,770.25,761.75,770.50,758.25,43.84K,1.08%
2022-01-12,757.75,768.00,770.00,753.50,51.64K,-1.62%
2022-01-13,746.75,757.00,757.75,741.00,49.46K,-1.45%
2022-01-14,741.50,746.00,747.25,737.00,44.59K,-0.70%
2022-01-18,769.00,742.25,771.50,741.25,70.56K,3.71%
2022-01-19,796.50,772.00,797.25,769.50,68.43K,3.58%
2022-01-20,790.25,794.00,802.75,783.75,58.58K,-0.78%
2022-01-21,780.00,788.00,791.00,778.00,47.70K,-1.30%
2022-01-24,800.50,794.00,802.50,775.75,58.62K,2.63%
2022-01-25,818.00,801.00,831.50,800.50,76.14K,2.19%
2022-01-26,795.00,817.25,817.50,787.00,73.39K,-2.81%
2022-01-27,777.00,794.25,795.50,774.00,60.15K,-2.26%
2022-01-28,786.25,777.25,793.50,774.75,49.08K,1.19%
2022-01-31,761.25,793.00,798.50,756.75,71.47K,-3.18%
2022-02-01,769.00,762.50,776.75,760.50,52.16K,1.02%
2022-02-02,755.00,770.00,778.50,749.25,67.58K,-1.82%
2022-02-03,751.75,754.00,756.50,740.00,52.59K,-0.43%
2022-02-04,763.25,754.75,767.25,748.25,50.59K,1.53%
2022-02-07,768.75,776.00,776.50,760.00,81.45K,0.72%
2022-02-08,778.75,771.25,782.00,754.00,99.52K,1.30%
2022-02-09,785.00,779.50,788.25,770.50,100.11K,0.80%
2022-02-10,771.50,785.50,801.75,765.75,95.10K,-1.72%
2022-02-11,797.75,770.25,806.25,764.75,101.60K,3.40%
2022-02-14,799.25,801.50,813.50,780.75,69.68K,0.19%
2022-02-15,779.75,801.25,801.75,773.00,55.71K,-2.44%
2022-02-16,780.50,779.75,786.75,773.25,33.01K,0.10%
2022-02-17,798.00,780.00,799.25,775.50,47.68K,2.24%
2022-02-18,797.00,797.50,812.25,790.00,43.50K,-0.13%
2022-02-22,844.25,815.00,846.25,803.00,47.22K,5.93%
2022-02-23,876.00,841.00,880.00,834.00,28.03K,3.76%
2022-02-24,926.00,882.75,926.00,877.25,26.66K,5.71%
2022-02-25,843.00,923.25,951.25,841.50,8.87K,-8.96%
2022-02-28,928.00,920.25,930.50,885.50,1.09K,10.08%
2022-03-01,"1,001.75",951.00,"1,004.50",951.00,0.51K,7.95%
2022-03-02,"1,058.50","1,009.25","1,132.00",997.50,0.46K,5.67%
2022-03-03,"1,289.00","1,124.25","1,221.00","1,119.00",0.37K,21.78%
2022-03-04,"1,348.00","1,340.00","1,340.00","1,201.50",0.15K,4.58%
2022-03-07,"1,425.25","1,311.25","1,311.25","1,311.25",0.08K,5.73%
2022-03-08,"1,273.00","1,319.25","1,319.25","1,275.50",0.03K,-10.68%
2022-03-09,"1,199.50","1,284.38","1,284.38","1,200.75",0.01K,-5.77%
2022-03-10,"1,073.75","1,142.50","1,220.62","1,080.10",0.01K,-10.48%
2022-03-11,"1,090.00","1,035.75","1,044.75","1,030.75",0.01K,1.51%
2022-03-14,"1,090.00","1,123.50","1,147.30","1,064.25",0.02K,0.00%
2022-03-15,"1,154.25","1,106.00","1,160.75","1,088.25",30.96K,5.89%
2022-03-16,"1,069.25","1,157.25","1,159.50","1,069.25",37.91K,-7.36%
2022-03-17,"1,098.00","1,051.00","1,108.25","1,031.75",31.16K,2.69%
2022-03-18,"1,063.75","1,095.00","1,106.00","1,055.75",19.39K,-3.12%
2022-03-21,"1,119.25","1,075.00","1,148.75","1,061.75",37.04K,5.22%
2022-03-22,"1,118.25","1,119.25","1,169.25","1,102.25",29.01K,-0.09%
2022-03-23,"1,105.75","1,119.25","1,139.00","1,101.00",24.46K,-1.12%
2022-03-24,"1,085.75","1,105.75","1,115.00","1,080.50",22.42K,-1.81%
2022-03-25,"1,102.25","1,089.50","1,109.00","1,064.75",27.91K,1.52%
2022-03-28,"1,057.00","1,092.75","1,096.00","1,047.00",26.16K,-4.11%
2022-03-29,"1,014.25","1,047.00","1,068.25",972.00,45.99K,-4.04%
2022-03-30,"1,027.25","1,015.00","1,041.75","1,002.25",26.34K,1.28%
2022-03-31,"1,006.00","1,030.25","1,075.00","1,003.50",36.85K,-2.07%
2022-04-01,984.50,"1,007.25","1,032.75",982.50,33.85K,-2.14%
2022-04-04,"1,010.25",989.50,"1,014.50",984.75,26.35K,2.62%
2022-04-05,"1,045.25","1,020.50","1,074.00","1,020.00",26.92K,3.46%
2022-04-06,"1,038.25","1,049.50","1,056.25","1,023.50",27.91K,-0.67%
2022-04-07,"1,020.00","1,040.25","1,044.50","1,017.75",50.50K,-1.76%
2022-04-08,"1,051.50","1,020.00","1,054.25","1,017.00",47.60K,3.09%
2022-04-11,"1,081.25","1,056.00","1,091.75","1,055.00",55.25K,2.83%
2022-04-12,"1,103.75","1,077.75","1,117.50","1,075.00",50.43K,2.08%
2022-04-13,"1,113.50","1,102.50","1,124.25","1,078.00",53.46K,0.88%
2022-04-14,"1,096.50","1,113.00","1,127.50","1,094.25",20.65K,-1.53%
2022-04-15,"1,095.75","1,095.75","1,095.75","1,095.75",,-0.07%
2022-04-18,"1,120.50","1,099.25","1,134.75","1,098.25",13.17K,2.26%
2022-04-19,"1,099.00","1,123.25","1,135.00","1,096.00",18.10K,-1.92%
2022-04-20,"1,088.00","1,094.75","1,109.75","1,066.75",15.11K,-1.00%
2022-04-21,"1,068.00","1,094.25","1,094.25","1,052.50",11.17K,-1.84%
2022-04-22,"1,065.50","1,070.00","1,076.00","1,052.50",15.26K,-0.23%
2022-04-25,"1,062.00","1,065.75","1,080.00","1,045.75",12.08K,-0.33%
2022-04-26,"1,083.25","1,069.75","1,096.00","1,066.75",9.54K,2.00%
2022-04-27,"1,080.00","1,081.25","1,087.00","1,067.75",7.09K,-0.30%
2022-04-28,"1,074.00","1,082.50","1,094.00","1,070.00",6.97K,-0.56%
2022-04-29,"1,043.75","1,071.25","1,085.00","1,043.75",0.58K,-2.82%
2022-05-02,"1,043.50","1,037.50","1,050.25","1,029.25",0.34K,-0.02%
2022-05-03,"1,033.75","1,045.00","1,056.00","1,039.50",0.18K,-0.93%
2022-05-04,"1,066.00","1,042.25","1,069.75","1,042.25",0.29K,3.12%
2022-05-05,"1,096.00","1,084.50","1,087.25","1,084.50",0.18K,2.81%
2022-05-06,"1,097.00","1,098.50","1,098.50","1,098.50",0.07K,0.09%
2022-05-09,"1,083.25","1,084.00","1,086.00","1,081.50",0.09K,-1.25%
2022-05-10,"1,083.25","1,096.75","1,098.50","1,092.00",0.04K,0.00%
2022-05-11,"1,108.75","1,109.25","1,115.00","1,100.00",0.05K,2.35%
2022-05-12,"1,174.50","1,107.75","1,128.75","1,103.25",0.16K,5.93%
2022-05-13,"1,167.25","1,172.75","1,198.50","1,158.50",0.00K,-0.62%
2022-05-16,"1,247.50","1,234.25","1,247.50","1,222.25",53.77K,6.88%
2022-05-17,"1,277.50","1,268.00","1,284.00","1,200.75",73.67K,2.40%
2022-05-18,"1,230.75","1,278.50","1,280.00","1,211.50",57.09K,-3.66%
2022-05-19,"1,200.50","1,222.00","1,247.75","1,193.50",54.78K,-2.46%
2022-05-20,"1,168.75","1,208.00","1,208.00","1,168.00",40.07K,-2.64%
2022-05-23,"1,190.00","1,181.75","1,196.75","1,174.75",38.14K,1.82%
2022-05-24,"1,154.75","1,196.00","1,208.75","1,138.00",52.75K,-2.96%
2022-05-25,"1,148.25","1,154.50","1,158.50","1,114.50",51.66K,-0.56%
2022-05-26,"1,143.25","1,133.00","1,160.25","1,115.00",38.51K,-0.44%
2022-05-27,"1,157.50","1,143.25","1,170.25","1,133.50",25.54K,1.25%
2022-05-30,"1,155.38","1,157.50","1,157.50","1,155.38",,-0.18%
2022-05-31,"1,087.50","1,157.00","1,157.25","1,087.50",68.16K,-5.88%
2022-06-01,"1,041.25","1,091.00","1,098.00","1,027.25",81.45K,-4.25%
2022-06-02,"1,058.25","1,043.25","1,075.00","1,037.25",58.14K,1.63%
2022-06-03,"1,040.00","1,061.50","1,069.25","1,036.25",40.84K,-1.72%
2022-06-06,"1,093.00","1,060.00","1,108.75","1,060.00",60.71K,5.10%
2022-06-07,"1,071.75","1,093.00","1,101.00","1,058.50",84.92K,-1.94%
2022-06-08,"1,074.75","1,073.00","1,089.00","1,061.75",68.01K,0.28%
2022-06-09,"1,071.25","1,076.25","1,082.00","1,044.25",70.95K,-0.33%
2022-06-10,"1,070.75","1,074.50","1,081.25","1,053.00",62.71K,-0.05%
2022-06-13,"1,071.00","1,073.00","1,093.50","1,053.50",62.61K,0.02%
2022-06-14,"1,050.25","1,071.00","1,072.75","1,046.50",34.01K,-1.94%
2022-06-15,"1,050.00","1,055.00","1,058.75","1,036.50",32.82K,-0.02%
2022-06-16,"1,078.25","1,050.25","1,084.75","1,047.00",38.17K,2.69%
2022-06-17,"1,034.25","1,078.25","1,083.75","1,030.25",42.37K,-4.08%
2022-06-21,975.25,"1,032.00","1,033.25",973.50,54.69K,-5.70%
2022-06-22,976.50,977.25,"1,007.25",960.00,35.05K,0.13%
2022-06-23,937.25,973.25,974.50,934.50,32.88K,-4.02%
2022-06-24,923.75,936.25,962.50,921.75,28.75K,-1.44%
2022-06-27,904.00,922.00,940.00,900.50,26.82K,-2.14%
2022-06-28,921.25,908.00,935.00,907.25,23.64K,1.91%
2022-06-29,915.50,922.00,940.00,913.75,12.31K,-0.62%
2022-06-30,868.75,914.25,917.75,869.50,2.29K,-5.11%
2022-07-01,831.25,876.00,878.00,832.75,0.42K,-4.32%
2022-07-05,793.75,829.00,829.00,797.50,0.08K,-4.51%
2022-07-06,792.25,791.00,813.00,779.00,0.38K,-0.19%
2022-07-07,824.50,816.00,825.25,816.00,0.19K,4.07%
2022-07-08,879.25,843.50,872.25,841.75,0.11K,6.64%
2022-07-11,843.75,888.00,888.00,849.25,0.10K,-4.04%
2022-07-12,801.50,835.00,839.25,807.25,0.07K,-5.01%
2022-07-13,798.25,810.00,819.25,810.00,0.03K,-0.41%
2022-07-14,794.25,812.75,829.50,792.00,0.04K,-0.50%
2022-07-15,776.75,798.00,804.75,765.75,44.62K,-2.20%
2022-07-18,812.75,787.25,825.00,778.50,42.33K,4.63%
2022-07-19,812.25,808.50,822.25,792.50,45.98K,-0.06%
2022-07-20,819.50,810.25,843.50,801.00,38.89K,0.89%
2022-07-21,806.25,819.50,834.00,795.50,43.05K,-1.62%
2022-07-22,759.00,803.25,807.25,754.00,66.19K,-5.86%
2022-07-25,770.00,787.00,793.50,760.50,47.49K,1.45%
2022-07-26,803.75,773.00,806.00,772.25,43.80K,4.38%
2022-07-27,790.25,802.50,818.75,782.00,41.49K,-1.68%
2022-07-28,817.00,786.25,824.25,786.25,37.42K,3.39%
2022-07-29,807.75,817.00,845.75,801.00,47.27K,-1.13%
2022-08-01,800.25,812.75,820.25,781.25,41.08K,-0.93%
2022-08-02,774.75,795.00,795.75,772.75,47.23K,-3.19%
2022-08-03,763.75,774.00,790.25,752.00,51.39K,-1.42%
2022-08-04,782.50,768.00,789.50,758.25,46.77K,2.45%
2022-08-05,775.75,782.00,796.75,769.75,51.60K,-0.86%
2022-08-08,779.75,776.50,793.75,760.75,64.41K,0.52%
2022-08-09,781.50,785.75,801.25,772.75,59.02K,0.22%
2022-08-10,799.75,781.50,808.50,780.25,68.23K,2.34%
2022-08-11,810.75,800.00,820.75,794.50,63.67K,1.38%
2022-08-12,806.00,811.25,811.25,782.25,40.65K,-0.59%
2022-08-15,800.75,802.00,804.50,778.00,29.78K,-0.65%
2022-08-16,786.00,799.00,810.50,782.50,25.48K,-1.84%
2022-08-17,763.25,785.25,797.00,759.50,29.95K,-2.89%
2022-08-18,731.50,764.75,766.50,725.75,38.27K,-4.16%
2022-08-19,753.25,733.00,756.75,727.25,18.90K,2.97%
2022-08-22,770.50,754.00,774.00,744.50,22.52K,2.29%
2022-08-23,782.75,770.00,802.50,767.25,26.88K,1.59%
2022-08-24,795.00,782.25,799.75,775.00,23.60K,1.56%
2022-08-25,769.75,794.75,803.50,766.50,18.25K,-3.18%
2022-08-26,784.75,764.50,792.25,764.00,28.06K,1.95%
2022-08-29,820.00,785.75,827.00,774.75,23.87K,4.49%
2022-08-30,798.25,818.50,824.00,794.00,12.22K,-2.65%
2022-08-31,809.00,794.75,812.25,788.75,1.71K,1.35%
2022-09-01,775.50,802.75,806.00,773.00,1.05K,-4.14%
2022-09-02,793.00,793.75,795.25,790.00,0.44K,2.26%
2022-09-04,808.00,808.00,808.00,808.00,,1.89%
2022-09-05,812.25,812.25,812.25,812.25,,0.53%
2022-09-06,800.00,795.50,800.75,794.25,0.39K,-1.51%
2022-09-07,826.50,802.25,855.00,802.25,0.39K,3.31%
2022-09-08,810.50,815.00,816.50,805.50,0.31K,-1.94%
2022-09-09,853.25,810.00,849.75,810.00,0.04K,5.27%
2022-09-12,841.25,852.50,852.50,837.00,0.05K,-1.41%
2022-09-13,842.75,850.00,850.00,839.00,0.03K,0.18%
2022-09-14,853.75,862.50,874.75,849.25,0.03K,1.31%
2022-09-15,845.00,874.00,884.75,843.25,52.97K,-1.02%
2022-09-16,859.75,846.75,866.50,830.75,47.24K,1.75%
2022-09-19,830.50,857.25,861.25,819.25,46.38K,-3.40%
2022-09-20,893.75,827.75,896.75,825.50,72.77K,7.62%
2022-09-21,903.75,886.50,919.50,873.00,91.30K,1.12%
2022-09-22,910.75,896.50,922.50,891.00,59.59K,0.77%
2022-09-23,880.50,908.75,913.00,876.00,54.24K,-3.32%
2022-09-26,858.00,877.00,890.75,854.25,48.79K,-2.56%
2022-09-27,871.50,857.50,894.50,857.00,48.80K,1.57%
2022-09-28,903.25,874.25,905.00,862.00,51.30K,3.64%
2022-09-29,896.25,902.50,914.50,887.75,41.36K,-0.77%
2022-09-30,921.50,899.75,945.75,892.75,78.14K,2.82%
2022-10-03,912.00,930.00,938.75,908.50,52.40K,-1.03%
2022-10-04,903.00,916.25,927.00,897.50,50.52K,-0.99%
2022-10-05,902.00,903.25,919.75,894.25,39.96K,-0.11%
2022-10-06,879.00,905.75,907.75,873.25,46.42K,-2.55%
2022-10-07,880.25,883.25,896.75,872.50,38.14K,0.14%
2022-10-10,938.00,895.25,949.75,891.50,77.24K,6.56%
2022-10-11,901.00,934.00,936.75,898.00,65.15K,-3.94%
2022-10-12,882.25,902.00,903.75,876.25,44.74K,-2.08%
2022-10-13,892.25,883.75,906.25,863.00,63.57K,1.13%
2022-10-14,859.75,894.25,898.75,857.25,45.07K,-3.64%
2022-10-17,861.00,860.00,877.75,855.25,42.65K,0.15%
2022-10-18,849.50,862.00,866.00,832.75,46.28K,-1.34%
2022-10-19,841.25,847.00,862.75,835.50,39.81K,-0.97%
2022-10-20,849.25,844.50,855.75,836.75,34.08K,0.95%
2022-10-21,850.75,850.25,863.00,833.00,41.91K,0.18%
2022-10-24,838.75,853.75,856.50,833.50,38.01K,-1.41%
2022-10-25,834.75,840.00,844.75,826.75,40.78K,-0.48%
2022-10-26,840.50,836.25,846.50,824.00,39.25K,0.69%
2022-10-27,838.50,843.50,858.00,833.50,36.09K,-0.24%
2022-10-28,829.25,839.75,840.25,822.50,33.95K,-1.10%
2022-10-31,882.25,884.50,893.25,853.75,98.98K,6.39%
2022-11-01,902.50,878.50,904.00,867.75,74.35K,2.30%
2022-11-02,846.00,898.50,902.00,837.75,96.13K,-6.26%
2022-11-03,840.50,844.75,849.00,827.75,48.03K,-0.65%
2022-11-04,847.75,842.00,855.50,834.00,43.97K,0.86%
2022-11-07,845.75,851.00,863.75,834.00,76.86K,-0.24%
2022-11-08,827.75,847.75,855.00,824.75,72.92K,-2.13%
2022-11-09,806.50,829.25,834.00,805.25,95.23K,-2.57%
2022-11-10,803.50,806.75,815.75,795.50,77.22K,-0.37%
2022-11-11,813.75,804.25,819.50,799.50,75.49K,1.28%
2022-11-14,818.50,813.00,828.75,804.75,45.11K,0.58%
2022-11-15,828.25,818.50,843.00,799.25,73.69K,1.19%
2022-11-16,817.50,829.50,829.75,801.50,48.02K,-1.30%
2022-11-17,806.75,818.25,818.25,793.75,40.77K,-1.31%
2022-11-18,803.25,806.75,816.50,800.25,30.56K,-0.43%
2022-11-21,799.25,805.25,808.75,786.00,32.91K,-0.50%
2022-11-22,791.50,799.00,806.75,790.00,22.21K,-0.97%
2022-11-23,793.50,791.75,797.50,781.25,21.45K,0.25%
2022-11-24,792.38,793.25,793.25,791.62,,-0.14%
2022-11-25,775.50,790.75,799.75,771.00,22.50K,-2.13%
2022-11-28,756.75,771.25,774.25,750.25,41.78K,-2.42%
2022-11-29,757.75,755.50,769.00,753.75,16.74K,0.13%
2022-11-30,771.50,760.00,772.75,757.25,2.25K,1.81%
2022-12-01,758.75,767.50,767.50,757.25,0.84K,-1.65%
2022-12-02,737.25,750.00,750.00,738.50,0.52K,-2.83%
2022-12-05,715.50,730.50,730.50,722.25,0.13K,-2.95%
2022-12-06,705.50,715.75,715.75,702.50,0.24K,-1.40%
2022-12-07,727.00,727.25,728.75,727.25,0.41K,3.05%
2022-12-08,724.25,721.00,726.75,721.00,0.23K,-0.38%
2022-12-09,712.75,749.75,752.50,730.75,0.05K,-1.59%
2022-12-12,733.00,741.75,760.00,738.25,0.26K,2.84%
2022-12-13,728.75,741.00,742.50,741.00,0.10K,-0.58%
2022-12-14,728.25,750.00,751.75,737.75,0.07K,-0.07%
2022-12-15,757.25,749.75,767.00,745.00,51.21K,3.98%
2022-12-16,753.50,758.25,764.25,750.75,32.61K,-0.50%
2022-12-19,748.50,755.00,759.75,738.75,39.78K,-0.66%
2022-12-20,750.50,747.25,761.50,744.75,38.34K,0.27%
2022-12-21,767.75,750.00,774.50,748.75,52.90K,2.30%
2022-12-22,762.25,766.75,777.00,758.00,34.65K,-0.72%
2022-12-23,776.00,762.00,778.00,758.00,25.95K,1.80%
2022-12-27,774.50,781.25,784.50,769.00,28.36K,-0.19%
2022-12-28,785.50,774.50,787.50,770.75,33.18K,1.42%
2022-12-29,774.00,785.00,786.50,765.50,35.94K,-1.46%
2022-12-30,792.00,775.50,799.00,771.50,34.78K,2.33%
2023-01-03,775.50,786.00,794.50,769.75,50.14K,-2.08%
2023-01-04,745.50,780.50,780.50,744.25,51.98K,-3.87%
2023-01-05,746.75,746.00,752.00,736.00,36.79K,0.17%
2023-01-06,743.50,748.50,756.75,742.50,28.67K,-0.44%
2023-01-09,741.50,748.00,758.00,740.25,45.49K,-0.27%
2023-01-10,731.00,741.25,742.50,720.50,59.34K,-1.42%
2023-01-11,740.00,730.25,742.25,724.50,37.16K,1.23%
2023-01-12,742.75,739.00,747.25,723.00,64.69K,0.37%
2023-01-13,743.75,743.50,748.50,737.25,34.23K,0.13%
2023-01-17,751.75,742.50,755.75,728.75,48.65K,1.08%
2023-01-18,742.50,749.00,760.25,740.25,45.15K,-1.23%
2023-01-19,734.50,741.75,748.75,733.50,39.22K,-1.08%
2023-01-20,741.50,735.00,743.00,727.75,35.44K,0.95%
2023-01-23,720.00,738.00,740.50,712.50,64.00K,-2.90%
2023-01-24,734.50,720.50,739.00,719.75,44.24K,2.01%
2023-01-25,741.25,735.00,746.50,734.75,41.25K,0.92%
2023-01-26,752.50,741.00,758.00,738.00,47.21K,1.52%
2023-01-27,750.00,752.25,753.25,744.25,41.13K,-0.33%
2023-01-30,752.50,753.00,762.50,743.50,43.81K,0.33%
2023-01-31,761.25,752.50,766.75,742.00,59.64K,1.16%
2023-02-01,759.75,760.75,762.50,744.50,60.03K,-0.20%
2023-02-02,761.00,757.50,770.75,750.50,59.11K,0.16%
2023-02-03,756.75,759.75,776.50,750.75,72.37K,-0.56%
2023-02-06,750.25,758.00,766.50,745.50,56.43K,-0.86%
2023-02-07,749.75,750.00,757.00,744.25,70.66K,-0.07%
2023-02-08,764.75,750.00,766.00,747.75,90.20K,2.00%
2023-02-09,757.25,764.75,770.50,754.75,75.20K,-0.98%
2023-02-10,786.00,755.00,790.00,755.00,109.95K,3.80%
2023-02-13,792.00,789.00,796.00,776.00,88.27K,0.76%
2023-02-14,786.00,790.00,797.50,783.50,64.64K,-0.76%
2023-02-15,769.25,786.00,787.25,766.75,55.48K,-2.13%
2023-02-16,765.00,767.50,771.50,762.25,34.05K,-0.55%
2023-02-17,765.50,765.00,771.50,759.50,32.06K,0.07%
2023-02-19,764.75,764.75,764.75,764.75,,-0.10%
2023-02-20,764.75,764.75,764.75,764.75,,0.00%
2023-02-21,750.50,765.75,773.25,749.50,49.78K,-1.86%
2023-02-22,736.50,751.75,754.00,733.00,38.93K,-1.87%
2023-02-23,738.25,735.50,745.00,734.25,29.84K,0.24%
2023-02-24,708.25,740.50,741.00,703.00,29.66K,-4.06%
2023-02-27,696.00,708.25,710.00,691.25,24.59K,-1.73%
2023-02-28,691.50,694.00,699.50,687.00,1.97K,-0.65%
2023-03-01,697.00,691.25,698.75,691.25,0.21K,0.80%
2023-03-02,701.25,702.50,706.50,702.50,0.17K,0.61%
2023-03-03,695.75,698.75,698.75,696.75,0.13K,-0.78%
2023-03-06,682.50,690.75,692.25,684.75,0.02K,-1.90%
2023-03-07,684.75,696.50,703.50,689.50,0.06K,0.33%
2023-03-08,674.50,698.00,699.50,684.25,0.03K,-1.50%
2023-03-09,653.50,689.00,691.50,664.25,0.04K,-3.11%
2023-03-10,666.75,662.25,662.25,662.25,0.04K,2.03%
2023-03-13,672.25,660.50,660.75,660.50,0.03K,0.82%
2023-03-14,686.50,683.00,699.75,677.50,0.04K,2.12%
2023-03-15,702.75,697.25,706.00,692.75,50.73K,2.37%
2023-03-16,699.00,704.00,704.00,691.50,43.89K,-0.53%
2023-03-17,710.50,697.25,712.50,697.25,58.01K,1.65%
2023-03-20,700.75,708.50,708.50,695.25,61.28K,-1.37%
2023-03-21,683.25,700.00,705.50,680.25,68.06K,-2.50%
2023-03-22,663.50,682.50,684.00,654.00,89.22K,-2.89%
2023-03-23,662.00,663.00,675.50,657.25,56.07K,-0.23%
2023-03-24,688.50,660.25,700.50,656.25,114.50K,4.00%
2023-03-27,698.00,691.00,706.50,680.25,58.96K,1.38%
2023-03-28,699.75,698.50,704.75,691.50,51.08K,0.25%
2023-03-29,704.75,698.25,724.00,696.50,77.19K,0.71%
2023-03-30,692.25,705.25,710.00,690.25,45.51K,-1.77%
2023-03-31,692.25,692.50,701.25,681.00,58.01K,0.00%
2023-04-03,693.50,697.00,710.00,691.50,51.07K,0.18%
2023-04-04,691.50,697.00,701.50,688.00,44.90K,-0.29%
2023-04-05,682.00,693.00,693.25,675.00,56.29K,-1.37%
2023-04-06,675.50,682.25,685.00,671.25,55.62K,-0.95%
2023-04-07,675.50,675.50,675.50,675.50,,0.00%
2023-04-10,678.50,684.50,687.50,668.25,67.55K,0.44%
2023-04-11,674.00,680.25,686.00,666.25,114.95K,-0.66%
2023-04-12,679.50,673.00,683.75,673.00,111.54K,0.82%
2023-04-13,667.00,680.75,680.75,664.50,91.66K,-1.84%
2023-04-14,682.50,668.75,685.25,661.25,81.45K,2.32%
2023-04-17,696.50,686.25,697.00,674.50,71.09K,2.05%
2023-04-18,698.00,693.50,707.00,689.25,44.59K,0.22%
2023-04-19,681.75,699.00,699.00,680.75,31.37K,-2.33%
2023-04-20,667.75,683.00,684.75,666.50,36.94K,-2.05%
2023-04-21,661.75,667.75,673.25,658.00,34.37K,-0.90%
2023-04-24,643.50,669.25,669.50,643.25,25.97K,-2.76%
2023-04-25,638.75,643.50,646.75,628.25,26.65K,-0.74%
2023-04-26,627.25,639.75,643.00,626.50,18.04K,-1.80%
2023-04-27,614.75,628.75,630.75,610.50,18.40K,-1.99%
2023-04-28,619.75,611.75,623.00,610.25,1.02K,0.81%
2023-05-01,603.75,620.00,620.00,599.50,1.11K,-2.58%
2023-05-02,595.50,612.00,612.75,596.50,0.41K,-1.37%
2023-05-03,626.25,596.00,620.75,596.00,0.35K,5.16%
2023-05-04,631.50,624.00,625.25,624.00,0.19K,0.84%
2023-05-05,647.00,646.00,663.50,643.75,0.08K,2.45%
2023-05-08,641.00,647.50,647.50,641.00,0.02K,-0.93%
2023-05-09,630.50,628.00,628.00,628.00,0.01K,-1.64%
2023-05-10,628.25,643.75,647.75,629.75,0.04K,-0.36%
2023-05-11,614.25,617.50,617.50,617.50,0.02K,-2.23%
2023-05-12,624.50,628.00,654.00,626.00,0.07K,1.67%
2023-05-15,660.75,635.00,663.75,632.50,67.50K,5.80%
2023-05-16,647.50,661.75,664.25,640.00,62.56K,-2.01%
2023-05-17,625.50,646.75,654.25,616.00,98.46K,-3.40%
2023-05-18,611.75,626.25,626.50,605.50,59.51K,-2.20%
2023-05-19,605.00,611.00,620.75,602.00,62.74K,-1.10%
2023-05-22,606.25,607.75,613.75,596.25,60.94K,0.21%
2023-05-23,622.25,607.50,624.75,594.25,57.43K,2.64%
2023-05-24,606.25,621.00,624.50,602.25,61.47K,-2.57%
2023-05-25,604.25,607.00,616.50,599.00,53.31K,-0.33%
2023-05-26,616.00,606.00,618.50,602.50,48.35K,1.94%
2023-05-30,591.00,616.75,616.75,588.75,74.48K,-4.06%
2023-05-31,594.25,591.50,595.00,573.25,73.77K,0.55%
2023-06-01,610.75,594.25,617.50,593.00,80.03K,2.78%
2023-06-02,619.00,610.25,622.50,602.25,69.36K,1.35%
2023-06-05,624.00,621.50,631.50,615.50,69.49K,0.81%
2023-06-06,627.75,624.25,648.00,621.25,113.88K,0.60%
2023-06-07,616.75,626.50,635.50,613.25,89.27K,-1.75%
2023-06-08,626.25,616.00,629.00,611.25,98.91K,1.54%
2023-06-09,630.25,624.50,632.25,618.50,113.04K,0.64%
2023-06-12,633.75,629.75,638.75,622.25,91.97K,0.56%
2023-06-13,636.25,634.50,649.25,626.75,106.16K,0.39%
2023-06-14,630.25,638.00,639.00,625.00,70.76K,-0.94%
2023-06-15,661.50,629.00,665.25,628.25,72.09K,4.96%
2023-06-16,688.00,659.75,697.00,656.00,99.94K,4.01%
2023-06-20,695.75,687.00,700.00,676.25,76.04K,1.13%
2023-06-21,734.50,700.50,735.50,699.25,59.23K,5.57%
2023-06-22,739.00,730.25,747.00,725.50,49.75K,0.61%
2023-06-23,733.25,737.00,737.75,718.75,52.47K,-0.78%
2023-06-26,724.25,734.25,756.75,719.00,37.36K,-1.23%
2023-06-27,685.00,724.25,725.75,681.50,21.84K,-5.42%
2023-06-28,655.75,684.75,692.50,653.25,19.74K,-4.27%
2023-06-29,653.00,655.50,663.75,650.75,13.94K,-0.42%
2023-06-30,636.25,654.00,663.75,634.25,1.37K,-2.57%
2023-07-03,628.50,630.00,642.25,628.25,0.69K,-1.22%
2023-07-05,662.00,640.00,658.00,635.00,0.29K,5.33%
2023-07-06,647.00,654.50,654.75,640.75,0.19K,-2.27%
2023-07-07,639.50,642.75,646.75,642.75,0.06K,-1.16%
2023-07-10,636.25,641.75,645.75,637.50,0.02K,-0.51%
2023-07-11,649.50,645.00,650.00,642.75,0.12K,2.08%
2023-07-12,621.25,645.00,645.00,625.00,0.01K,-4.35%
2023-07-13,627.50,614.25,625.00,614.25,0.02K,1.01%
2023-07-14,641.50,639.50,663.25,637.75,0.05K,2.23%
2023-07-17,653.75,666.00,689.25,651.00,73.58K,1.91%
2023-07-18,670.75,649.25,675.00,642.25,54.95K,2.60%
2023-07-19,727.75,669.00,730.75,664.00,148.75K,8.50%
2023-07-20,727.00,725.00,750.75,711.25,136.38K,-0.10%
2023-07-21,697.50,724.75,733.25,693.50,95.07K,-4.06%
2023-07-24,757.50,702.00,757.50,698.75,96.76K,8.60%
2023-07-25,760.25,754.25,777.25,736.50,107.92K,0.36%
2023-07-26,720.00,757.00,757.50,709.00,105.76K,-5.29%
2023-07-27,712.75,723.25,740.00,711.75,75.10K,-1.01%
2023-07-28,704.25,714.75,720.25,689.00,74.61K,-1.19%
2023-07-31,665.75,702.50,703.00,660.25,104.58K,-5.47%
2023-08-01,652.25,670.00,675.00,643.25,69.42K,-2.03%
2023-08-02,640.00,654.50,684.00,636.00,90.38K,-1.88%
2023-08-03,627.00,639.25,648.25,626.25,65.70K,-2.03%
2023-08-04,633.00,627.75,653.75,627.25,70.99K,0.96%
2023-08-07,657.50,646.00,663.75,636.00,104.53K,3.87%
2023-08-08,656.25,657.50,662.25,643.00,81.63K,-0.19%
2023-08-09,635.00,655.50,658.25,633.50,70.50K,-3.24%
2023-08-10,637.75,637.25,644.00,635.00,67.43K,0.43%
2023-08-11,626.75,638.00,639.75,624.25,72.25K,-1.72%
2023-08-14,616.00,632.75,635.00,605.25,56.04K,-1.72%
2023-08-15,598.50,618.50,619.00,595.75,52.40K,-2.84%
2023-08-16,597.75,598.75,607.50,591.50,41.34K,-0.13%
2023-08-17,589.50,599.75,601.25,586.25,31.44K,-1.38%
2023-08-18,613.25,589.00,615.75,588.50,32.90K,4.03%
2023-08-21,599.25,618.00,620.75,595.75,24.48K,-2.28%
2023-08-22,601.75,599.00,610.75,594.50,26.01K,0.42%
2023-08-23,612.50,604.25,617.00,598.25,22.59K,1.79%
2023-08-24,604.00,614.75,615.00,598.25,21.79K,-1.39%
2023-08-25,593.25,604.50,609.75,587.50,29.00K,-1.78%
2023-08-28,588.00,593.50,599.25,584.00,21.64K,-0.88%
2023-08-29,569.75,588.00,589.00,568.75,27.77K,-3.10%
2023-08-30,576.75,572.75,579.50,564.50,12.82K,1.23%
2023-08-31,573.00,574.00,582.75,566.00,1.70K,-0.65%
2023-09-01,567.50,574.00,585.00,571.00,0.73K,-0.96%
2023-09-05,572.50,569.25,575.00,567.00,0.10K,0.88%
2023-09-06,581.00,577.50,587.00,576.50,0.31K,1.48%
2023-09-07,571.50,578.25,585.00,578.25,0.15K,-1.64%
2023-09-08,567.25,600.00,602.75,590.50,0.05K,-0.74%
2023-09-11,556.00,561.50,561.50,558.00,0.19K,-1.98%
2023-09-12,560.25,557.25,557.25,548.00,0.17K,0.76%
2023-09-13,569.00,562.50,565.50,562.50,0.04K,1.56%
2023-09-14,567.50,595.50,597.75,583.50,0.10K,-0.26%
2023-09-15,604.25,594.25,607.50,591.75,65.39K,6.48%
2023-09-18,591.25,604.00,604.25,587.00,64.92K,-2.15%
2023-09-19,584.00,588.00,592.75,581.00,58.59K,-1.23%
2023-09-20,588.75,585.25,596.25,581.50,63.64K,0.81%
2023-09-21,575.75,589.00,590.25,575.00,50.33K,-2.21%
2023-09-22,579.50,576.50,582.50,572.75,45.56K,0.65%
2023-09-25,589.00,577.00,590.00,573.75,44.70K,1.64%
2023-09-26,589.00,589.00,596.75,583.25,48.88K,0.00%
2023-09-27,579.50,589.25,594.50,578.50,55.81K,-1.61%
2023-09-28,578.75,580.50,583.50,575.25,43.97K,-0.13%
2023-09-29,541.50,579.50,585.50,540.00,123.78K,-6.44%
2023-10-02,564.75,545.00,567.00,541.25,96.36K,4.29%
2023-10-03,568.50,568.25,575.00,562.75,75.41K,0.66%
2023-10-04,560.00,567.50,569.75,551.75,66.48K,-1.50%
2023-10-05,578.25,559.75,580.25,559.00,69.81K,3.26%
2023-10-06,568.25,576.00,580.25,566.50,50.14K,-1.73%
2023-10-09,572.75,573.25,581.50,570.00,46.09K,0.79%
2023-10-10,558.50,573.75,574.75,555.50,48.42K,-2.49%
2023-10-11,556.00,559.00,560.75,551.00,43.90K,-0.45%
2023-10-12,571.50,557.25,574.50,547.25,83.01K,2.79%
2023-10-13,579.75,572.00,586.25,569.50,87.48K,1.44%
2023-10-16,577.25,580.00,588.50,575.25,56.77K,-0.43%
2023-10-17,570.50,577.00,582.25,568.50,53.41K,-1.17%
2023-10-18,580.25,572.50,584.00,571.25,52.74K,1.71%
2023-10-19,594.00,579.75,594.50,576.50,65.38K,2.37%
2023-10-20,586.00,594.00,604.50,583.25,81.52K,-1.35%
2023-10-23,587.25,586.50,595.25,582.00,48.39K,0.21%
2023-10-24,580.50,587.75,588.00,572.75,47.63K,-1.15%
2023-10-25,568.50,580.00,586.25,567.00,57.95K,-2.07%
2023-10-26,579.50,569.25,580.50,563.25,72.44K,1.93%
2023-10-27,575.50,580.25,582.50,571.00,48.61K,-0.69%
2023-10-30,566.00,576.00,577.00,565.25,60.51K,-1.65%
2023-10-31,556.25,568.25,568.50,554.50,72.02K,-1.72%
2023-11-01,561.75,557.50,564.75,554.75,58.78K,0.99%
2023-11-02,565.50,562.25,569.50,557.25,53.49K,0.67%
2023-11-03,572.50,565.75,574.50,563.75,41.97K,1.24%
2023-11-06,575.75,573.00,577.75,566.50,68.70K,0.57%
2023-11-07,570.25,574.00,582.25,564.50,106.30K,-0.96%
2023-11-08,592.25,571.50,598.75,570.25,144.37K,3.86%
2023-11-09,580.75,590.00,592.50,573.00,85.08K,-1.94%
2023-11-10,575.25,581.75,583.00,570.75,68.74K,-0.95%
2023-11-13,579.00,575.00,582.00,567.25,80.61K,0.65%
2023-11-14,572.00,581.00,585.00,570.25,65.17K,-1.21%
2023-11-15,560.50,572.75,579.25,557.00,83.31K,-2.01%
2023-11-16,553.50,562.25,562.50,547.00,57.40K,-1.25%
2023-11-17,550.75,555.75,557.75,547.00,51.40K,-0.50%
2023-11-20,543.50,550.75,554.00,541.00,42.77K,-1.32%
2023-11-21,555.00,544.00,557.00,541.75,43.24K,2.12%
2023-11-22,555.75,556.00,563.50,554.50,29.11K,0.14%
2023-11-24,548.75,555.00,555.75,546.50,26.20K,-1.26%
2023-11-27,534.25,550.00,552.75,527.50,41.48K,-2.64%
2023-11-28,543.75,534.00,545.50,528.00,31.63K,1.78%
2023-11-29,556.00,544.50,559.00,542.75,19.77K,2.25%
2023-11-30,570.25,557.50,570.25,555.50,1.56K,2.56%
2023-12-01,577.00,569.25,577.50,569.25,0.67K,1.18%
2023-12-04,595.75,583.00,583.00,583.00,0.37K,3.25%
2023-12-05,620.75,601.00,619.25,597.75,0.58K,4.20%
2023-12-06,615.75,625.75,634.00,621.75,0.05K,-0.81%
2023-12-07,626.00,622.75,622.75,622.75,0.09K,1.66%
2023-12-08,615.00,618.75,619.00,618.00,0.02K,-1.76%
2023-12-11,591.25,632.00,633.25,607.25,0.20K,-3.86%
2023-12-12,607.00,609.75,628.75,608.25,0.15K,2.66%
2023-12-13,585.25,624.25,626.50,602.50,0.21K,-3.58%
2023-12-14,594.00,608.00,619.50,606.50,0.15K,1.50%
2023-12-15,629.25,616.00,630.00,610.75,52.71K,5.93%
2023-12-18,617.00,629.75,632.00,614.75,43.59K,-1.95%
2023-12-19,622.75,618.25,624.25,611.25,42.92K,0.93%
2023-12-20,610.00,622.50,625.25,609.00,39.37K,-2.05%
2023-12-21,612.50,611.50,617.25,610.25,33.65K,0.41%
2023-12-22,616.25,612.50,618.25,610.75,26.13K,0.61%
2023-12-26,636.25,615.00,639.75,611.50,40.67K,3.25%
2023-12-27,623.00,636.00,637.50,619.25,38.06K,-2.08%
2023-12-28,631.50,624.25,636.25,621.75,32.25K,1.36%
2023-12-29,628.00,631.00,633.50,621.50,34.75K,-0.55%
2024-01-02,606.75,628.75,628.75,604.75,61.47K,-3.38%
2024-01-03,600.25,608.00,609.75,598.25,64.00K,-1.07%
2024-01-04,613.50,601.50,614.50,591.25,63.69K,2.21%
2024-01-05,616.00,613.00,621.50,611.50,43.10K,0.41%
2024-01-08,596.25,617.00,617.25,593.00,70.38K,-3.21%
2024-01-09,610.00,596.00,613.75,594.00,57.13K,2.31%
2024-01-10,610.75,610.25,612.00,603.75,40.39K,0.12%
2024-01-11,603.75,610.00,614.75,602.00,38.91K,-1.15%
2024-01-12,596.00,604.00,611.75,587.25,82.71K,-1.28%
2024-01-16,582.00,596.00,602.25,576.75,61.37K,-2.35%
2024-01-17,582.50,581.50,595.75,577.75,69.55K,0.09%
2024-01-18,585.50,583.50,587.00,573.25,50.95K,0.52%
2024-01-19,593.25,586.25,598.00,584.75,48.39K,1.32%
2024-01-22,596.50,593.50,600.25,587.00,36.37K,0.55%
2024-01-23,596.50,596.00,606.75,593.75,42.18K,0.00%
2024-01-24,610.75,598.00,612.25,596.50,56.70K,2.39%
2024-01-25,612.25,611.50,617.25,606.50,54.71K,0.25%
2024-01-26,600.25,612.00,614.00,592.25,69.59K,-1.96%
2024-01-29,593.50,601.25,601.75,587.50,41.48K,-1.12%
2024-01-30,605.50,593.50,606.75,584.50,51.99K,2.02%
2024-01-31,595.25,605.00,605.00,591.75,43.15K,-1.69%
2024-02-01,601.50,595.25,603.00,587.00,62.58K,1.05%
2024-02-02,599.75,601.50,611.50,595.75,66.72K,-0.29%
2024-02-05,590.25,600.00,601.75,586.75,51.24K,-1.58%
2024-02-06,595.00,590.50,597.50,588.00,47.58K,0.80%
2024-02-07,602.00,594.75,606.75,590.75,79.58K,1.18%
2024-02-08,588.50,601.25,602.00,583.75,78.67K,-2.24%
2024-02-09,596.75,591.25,605.50,588.00,100.82K,1.40%
2024-02-12,597.50,596.25,603.00,588.50,69.03K,0.13%
2024-02-13,597.50,597.00,603.50,592.25,82.48K,0.00%
2024-02-14,585.50,597.25,597.75,577.50,84.59K,-2.01%
2024-02-15,567.00,585.75,585.75,565.25,79.70K,-3.16%
2024-02-16,560.50,566.00,571.75,556.75,53.03K,-1.15%
2024-02-20,582.75,558.50,585.00,555.25,53.10K,3.97%
2024-02-21,583.25,581.75,584.75,574.00,35.04K,0.09%
2024-02-22,583.25,582.00,600.00,579.75,40.23K,0.00%
2024-02-23,573.50,584.75,592.50,572.50,30.81K,-1.67%
2024-02-26,577.25,573.50,578.75,562.00,23.80K,0.65%
2024-02-27,586.00,576.00,591.75,575.50,15.96K,1.52%
2024-02-28,571.00,586.50,588.00,569.75,13.39K,-2.56%
2024-02-29,577.50,570.00,582.00,567.00,1.25K,1.14%
2024-03-01,560.00,577.75,577.75,558.25,0.55K,-3.03%
2024-03-04,563.50,564.00,564.00,564.00,0.11K,0.63%
2024-03-05,545.75,554.75,554.75,547.50,0.03K,-3.15%
2024-03-06,521.25,519.75,519.75,519.75,0.21K,-4.49%
2024-03-07,520.75,526.50,526.50,523.25,0.25K,-0.10%
2024-03-08,526.75,528.50,528.50,528.50,0.02K,1.15%
2024-03-11,537.50,526.75,526.75,526.00,0.03K,2.04%
2024-03-12,535.50,541.00,544.75,538.00,0.04K,-0.37%
2024-03-13,532.25,534.50,535.25,534.00,0.02K,-0.61%
2024-03-14,519.50,519.50,519.50,519.50,0.02K,-2.40%
2024-03-15,528.50,532.00,537.50,526.75,40.45K,1.73%
2024-03-18,542.75,531.25,544.00,527.00,57.98K,2.70%
2024-03-19,552.50,542.75,553.75,539.00,52.07K,1.80%
2024-03-20,545.00,551.75,553.00,537.00,52.84K,-1.36%
2024-03-21,546.75,546.00,552.50,540.25,43.72K,0.32%
2024-03-22,554.75,548.50,559.25,539.50,58.44K,1.46%
2024-03-25,555.00,559.00,567.00,549.50,63.15K,0.05%
2024-03-26,543.50,555.00,557.50,542.75,39.84K,-2.07%
2024-03-27,547.50,543.25,549.50,538.50,40.13K,0.74%
2024-03-28,560.25,546.50,568.50,544.50,72.67K,2.33%
2024-03-29,561.50,561.50,561.50,561.50,,0.22%
2024-04-01,557.00,562.00,562.75,547.25,43.70K,-0.80%
2024-04-02,545.25,557.50,562.75,543.50,64.53K,-2.11%
2024-04-03,556.00,545.00,559.75,540.25,58.69K,1.97%
2024-04-04,556.25,556.00,562.50,549.50,61.30K,0.04%
2024-04-05,567.25,556.00,574.75,555.00,106.58K,1.98%
2024-04-08,565.75,570.25,573.75,559.50,90.13K,-0.26%
2024-04-09,557.75,563.00,564.25,553.50,73.16K,-1.41%
2024-04-10,558.50,558.50,567.25,555.75,68.51K,0.13%
2024-04-11,551.75,558.00,559.75,548.25,73.57K,-1.21%
2024-04-12,556.00,552.50,562.50,549.50,63.72K,0.77%
2024-04-15,551.75,555.25,556.00,544.25,46.71K,-0.76%
2024-04-16,549.75,550.75,557.00,542.50,53.01K,-0.36%
2024-04-17,537.00,550.50,555.00,536.00,38.90K,-2.32%
2024-04-18,536.75,538.00,544.00,534.25,35.42K,-0.05%
2024-04-19,550.25,536.75,558.75,536.00,29.39K,2.52%
2024-04-22,570.25,549.00,579.50,548.75,50.92K,3.63%
2024-04-23,585.00,572.00,586.00,565.75,42.55K,2.59%
2024-04-24,594.50,583.25,598.50,578.75,27.55K,1.62%
2024-04-25,602.25,594.00,605.00,593.50,25.97K,1.30%
2024-04-26,603.25,602.00,614.50,598.25,28.60K,0.17%
2024-04-29,590.25,595.75,604.75,582.75,17.08K,-2.15%
2024-04-30,585.00,587.00,587.00,577.75,1.41K,-0.89%
2024-05-01,581.50,580.25,582.25,579.00,0.51K,-0.60%
2024-05-02,586.50,592.75,592.75,580.75,0.07K,0.86%
2024-05-03,606.00,603.25,632.50,603.00,0.23K,3.32%
2024-05-06,632.25,627.50,630.00,627.50,0.15K,4.33%
2024-05-07,624.75,635.00,635.00,632.75,0.05K,-1.19%
2024-05-08,616.00,616.00,616.00,616.00,0.02K,-1.40%
2024-05-09,619.75,624.25,624.25,624.00,0.13K,0.61%
2024-05-10,645.75,645.25,647.00,645.25,0.06K,4.20%
2024-05-13,670.25,648.00,648.00,645.75,0.03K,3.79%
2024-05-14,657.00,657.00,657.00,657.00,0.02K,-1.98%
2024-05-15,665.75,674.25,697.00,662.25,89.54K,1.33%
2024-05-16,663.25,664.25,681.50,656.75,68.48K,-0.38%
2024-05-17,651.25,662.50,676.50,650.25,62.41K,-1.81%
2024-05-20,688.75,654.00,691.25,654.00,93.31K,5.76%
2024-05-21,697.50,687.50,700.75,682.00,88.26K,1.27%
2024-05-22,693.00,697.25,716.75,688.50,89.82K,-0.65%
2024-05-23,698.00,694.00,702.50,682.50,68.18K,0.72%
2024-05-24,697.25,701.25,706.00,689.00,70.62K,-0.11%
2024-05-28,700.25,713.00,720.00,693.75,73.68K,0.43%
2024-05-29,692.75,701.50,706.25,688.50,63.29K,-1.07%
2024-05-30,681.00,692.75,693.75,673.25,68.98K,-1.70%
2024-05-31,678.50,680.50,691.50,673.75,54.29K,-0.37%
2024-06-03,672.75,678.00,697.75,667.50,84.11K,-0.85%
2024-06-04,658.25,672.50,681.25,657.75,82.16K,-2.16%
2024-06-05,646.75,659.25,664.25,642.75,84.83K,-1.75%
2024-06-06,639.50,649.75,654.00,638.25,83.05K,-1.12%
2024-06-07,627.50,639.50,639.50,618.25,131.16K,-1.88%
2024-06-10,607.50,626.00,627.00,606.25,119.71K,-3.19%
2024-06-11,626.50,606.75,633.00,605.50,132.29K,3.13%
2024-06-12,617.00,626.00,627.75,610.50,84.29K,-1.52%
2024-06-13,620.00,614.50,627.25,612.50,77.15K,0.49%
2024-06-14,612.75,618.25,622.50,611.00,73.73K,-1.17%
2024-06-17,591.50,607.75,610.25,590.25,71.03K,-3.47%
2024-06-18,582.00,590.00,595.25,580.00,59.96K,-1.61%
2024-06-20,572.75,582.00,582.75,565.50,66.90K,-1.59%
2024-06-21,561.50,571.25,579.25,557.75,67.57K,-1.96%
2024-06-24,552.50,562.00,563.00,546.50,36.64K,-1.60%
2024-06-25,541.75,552.50,556.00,539.75,29.81K,-1.95%
2024-06-26,541.25,539.75,552.75,538.00,19.70K,-0.09%
2024-06-27,559.75,540.50,562.50,539.50,18.21K,3.42%
2024-06-28,553.50,559.25,565.00,547.00,1.45K,-1.12%
2024-07-01,569.25,556.50,568.00,552.75,0.34K,2.85%
2024-07-02,561.50,562.00,562.00,562.00,0.28K,-1.36%
2024-07-03,554.50,563.75,563.75,558.50,0.19K,-1.25%
2024-07-05,572.25,573.00,573.00,573.00,0.13K,3.20%
2024-07-08,553.00,552.25,553.00,552.25,0.07K,-3.36%
2024-07-09,554.25,554.25,554.25,554.25,0.05K,0.23%
2024-07-10,543.50,542.00,547.25,542.00,0.08K,-1.94%
2024-07-11,554.25,543.50,561.25,543.50,0.03K,1.98%
2024-07-12,538.00,538.00,538.00,538.00,0.09K,-2.93%
2024-07-15,532.50,551.00,552.50,531.00,76.57K,-1.02%
2024-07-16,530.75,531.25,537.50,525.25,63.37K,-0.33%
2024-07-17,539.25,530.50,546.50,528.00,52.56K,1.60%
2024-07-18,535.25,540.75,546.50,533.00,50.52K,-0.74%
2024-07-19,542.75,534.75,556.25,530.50,67.05K,1.40%
2024-07-22,548.00,545.25,553.50,540.25,48.55K,0.97%
2024-07-23,542.75,547.75,552.00,540.50,41.16K,-0.96%
2024-07-24,547.00,542.50,555.50,537.25,51.66K,0.78%
2024-07-25,537.75,546.75,549.75,536.25,44.81K,-1.69%
2024-07-26,523.50,537.00,541.25,522.00,56.59K,-2.65%
2024-07-29,531.00,523.50,532.75,514.25,53.53K,1.43%
2024-07-30,524.00,528.75,529.50,517.00,50.33K,-1.32%
2024-07-31,527.25,523.00,534.00,515.50,60.81K,0.62%
2024-08-01,532.00,526.75,534.75,519.75,56.99K,0.90%
2024-08-02,539.00,532.00,540.50,528.50,51.48K,1.32%
2024-08-05,539.50,540.25,541.50,519.75,60.22K,0.09%
2024-08-06,543.25,540.00,548.75,531.50,59.18K,0.70%
2024-08-07,538.25,544.00,548.75,534.75,79.91K,-0.92%
2024-08-08,537.50,537.75,544.50,532.50,67.63K,-0.14%
2024-08-09,542.50,537.25,552.00,536.25,82.40K,0.93%
2024-08-12,536.75,542.75,547.00,528.00,84.75K,-1.06%
2024-08-13,528.75,538.00,538.25,525.00,67.77K,-1.49%
2024-08-14,534.75,529.25,537.25,524.00,84.25K,1.13%
2024-08-15,528.25,535.75,547.75,527.00,69.56K,-1.22%
2024-08-16,530.00,527.25,533.50,523.25,52.85K,0.33%
2024-08-19,528.25,530.50,531.25,521.75,46.03K,-0.33%
2024-08-20,533.00,528.00,535.50,525.75,43.75K,0.90%
2024-08-21,519.75,533.75,536.50,519.00,35.07K,-2.49%
2024-08-22,511.00,521.25,524.00,502.50,44.56K,-1.68%
2024-08-23,502.25,512.00,513.75,501.25,48.97K,-1.71%
2024-08-26,498.00,505.25,506.00,495.50,39.32K,-0.85%
2024-08-27,508.25,497.25,510.75,493.50,31.51K,2.06%
2024-08-28,514.25,507.00,516.00,505.50,19.34K,1.18%
2024-08-29,525.00,513.00,524.00,508.25,12.49K,2.09%
2024-08-30,532.75,522.50,534.75,522.50,0.83K,1.48%
2024-09-03,552.00,531.50,551.75,530.50,0.43K,3.61%
2024-09-04,565.25,551.50,568.75,551.50,0.16K,2.40%
2024-09-05,561.00,565.50,565.50,557.00,0.12K,-0.75%
2024-09-06,553.25,565.75,565.75,552.25,0.43K,-1.38%
2024-09-09,555.50,555.50,555.50,555.50,0.00K,0.41%
2024-09-10,558.75,554.75,554.75,554.75,0.01K,0.59%
2024-09-11,563.75,563.75,563.75,563.75,0.01K,0.89%
2024-09-12,563.00,563.00,563.00,563.00,0.00K,-0.13%
2024-09-13,571.25,571.25,571.25,571.25,,1.47%
2024-09-16,578.50,594.75,596.00,574.25,80.58K,1.27%
2024-09-17,575.75,578.50,584.25,571.25,45.71K,-0.48%
2024-09-18,575.75,576.00,582.75,573.00,47.04K,0.00%
2024-09-19,565.50,575.75,577.25,564.00,51.65K,-1.78%
2024-09-20,568.50,566.25,575.75,565.25,60.49K,0.53%
2024-09-23,582.50,570.50,586.50,569.00,63.33K,2.46%
2024-09-24,578.00,581.25,589.25,575.25,52.27K,-0.77%
2024-09-25,589.25,579.00,591.25,573.75,52.96K,1.95%
2024-09-26,584.25,590.50,596.25,582.75,69.06K,-0.85%
2024-09-27,580.00,583.00,583.50,575.50,46.19K,-0.73%
2024-09-30,584.00,579.75,590.75,575.50,58.87K,0.69%
2024-10-01,599.00,584.00,602.50,577.00,84.58K,2.57%
2024-10-02,615.25,596.25,617.25,596.25,116.43K,2.71%
2024-10-03,603.50,614.25,617.25,601.25,78.99K,-1.91%
2024-10-04,589.75,603.75,604.25,587.00,76.33K,-2.28%
2024-10-07,592.50,590.25,595.25,584.00,55.58K,0.47%
2024-10-08,594.75,593.75,599.00,587.50,59.04K,0.38%
2024-10-09,599.00,594.75,604.75,594.25,55.19K,0.71%
2024-10-10,603.75,600.75,609.25,598.50,60.99K,0.79%
2024-10-11,599.00,603.75,611.25,592.50,75.59K,-0.79%
2024-10-14,585.25,598.50,601.00,584.25,55.97K,-2.30%
2024-10-15,579.50,585.50,586.75,578.00,69.76K,-0.98%
2024-10-16,585.00,581.25,587.50,575.25,57.51K,0.95%
2024-10-17,589.50,584.25,591.75,576.25,75.30K,0.77%
2024-10-18,572.75,590.00,595.50,570.25,82.03K,-2.84%
2024-10-21,572.25,572.75,584.25,570.75,74.09K,-0.09%
2024-10-22,576.00,574.00,578.75,565.75,49.87K,0.66%
2024-10-23,578.50,575.75,582.75,566.25,57.25K,0.43%
2024-10-24,581.50,579.00,584.25,575.00,49.88K,0.52%
2024-10-25,569.00,581.25,585.50,566.00,75.99K,-2.15%
2024-10-28,558.75,564.25,571.50,557.75,61.30K,-1.80%
2024-10-29,570.50,559.00,572.75,558.00,67.42K,2.10%
2024-10-30,573.25,571.25,580.50,564.00,68.18K,0.48%
2024-10-31,570.50,572.75,573.75,563.50,61.59K,-0.48%
2024-11-01,568.00,571.50,577.75,564.25,54.16K,-0.44%
2024-11-04,568.75,569.00,575.75,565.00,55.48K,0.13%
2024-11-05,572.50,569.50,574.50,565.25,58.64K,0.66%
2024-11-06,573.25,571.00,577.75,562.00,67.95K,0.13%
2024-11-07,571.50,574.50,579.50,565.00,105.86K,-0.31%
2024-11-08,572.50,572.50,578.75,566.50,112.15K,0.17%
2024-11-11,565.50,572.75,572.75,551.75,125.71K,-1.22%
2024-11-12,552.25,564.75,568.75,549.00,105.73K,-2.34%
2024-11-13,541.00,553.25,553.75,536.25,113.24K,-2.04%
2024-11-14,530.25,540.00,544.25,528.00,89.91K,-1.99%
2024-11-15,536.50,532.00,541.25,530.50,73.59K,1.18%
2024-11-18,547.25,541.00,551.00,536.75,68.14K,2.00%
2024-11-19,549.75,547.75,558.75,545.50,57.49K,0.46%
2024-11-20,552.50,549.50,555.25,543.50,41.28K,0.50%
2024-11-21,548.75,552.50,557.50,547.75,34.97K,-0.68%
2024-11-22,544.25,548.00,550.50,542.50,36.56K,-0.82%
2024-11-25,535.75,544.75,547.50,529.50,30.01K,-1.56%
2024-11-26,539.50,535.75,543.50,532.75,34.12K,0.70%
2024-11-27,537.75,538.25,542.75,531.00,18.86K,-0.32%
2024-11-29,532.25,535.00,545.25,531.75,1.25K,-1.02%
2024-12-02,537.50,536.25,539.50,531.25,0.06K,0.99%
2024-12-03,536.75,539.00,544.75,539.00,0.05K,-0.14%
2024-12-04,538.00,537.25,541.00,535.75,0.04K,0.23%
2024-12-05,546.75,537.50,537.50,535.50,0.02K,1.63%
2024-12-06,542.50,544.75,546.00,544.75,0.03K,-0.78%
2024-12-09,541.25,541.25,541.25,541.25,0.01K,-0.23%
2024-12-10,542.00,545.00,545.00,545.00,0.00K,0.14%
2024-12-11,543.50,544.00,552.50,544.00,0.06K,0.28%
2024-12-12,538.75,535.00,538.25,533.25,0.02K,-0.87%
2024-12-13,526.50,526.50,526.50,526.50,0.01K,-2.27%
2024-12-16,550.00,552.25,559.25,548.50,68.01K,4.46%
2024-12-17,545.00,550.75,552.50,542.50,72.66K,-0.91%
2024-12-18,541.25,545.00,554.25,540.00,63.25K,-0.69%
2024-12-19,533.00,541.00,541.75,530.50,87.29K,-1.52%
2024-12-20,533.00,532.50,537.25,529.25,55.08K,0.00%
2024-12-23,540.50,533.00,544.00,533.00,57.51K,1.41%
2024-12-24,534.75,539.50,541.50,533.50,25.22K,-1.06%
2024-12-26,541.00,534.75,544.00,533.75,28.46K,1.17%
2024-12-27,546.50,542.00,547.75,537.25,43.05K,1.02%
2024-12-30,548.25,547.25,554.75,544.50,46.87K,0.32%
2024-12-31,551.50,548.75,552.75,546.75,33.83K,0.59%
2025-01-02,545.75,551.75,552.75,542.5,44.33K,-1.04%
2025-01-03,529.25,545.5,547.0,527.5,87.54K,-3.02%
2025-01-06,540.5,530.25,543.75,530.25,64.94K,2.13%
2025-01-07,542.5,540.5,544.25,535.25,46.90K,0.37%
2025-01-08,536.25,542.75,544.75,534.5,58.10K,-1.15%
2025-01-09,534.0,535.5,539.25,529.25,45.71K,-0.42%
2025-01-10,530.75,533.0,541.25,526.0,104.60K,-0.61%
2025-01-13,545.0,530.5,545.75,528.5,84.28K,2.68%
2025-01-14,546.25,546.25,552.25,542.75,70.10K,0.23%
2025-01-15,547.0,546.75,551.5,542.0,56.05K,0.14%
2025-01-16,537.5,547.0,547.0,536.75,52.99K,-1.74%
2025-01-17,538.75,537.5,542.0,533.25,50.29K,0.23%
2025-01-21,558.75,542.0,561.75,542.0,112.88K,3.71%
2025-01-22,554.0,558.5,566.75,551.5,91.51K,-0.85%
2025-01-23,554.0,554.0,559.0,548.0,64.14K,0.00%
2025-01-24,544.0,550.0,552.25,541.25,81.68K,-1.81%
2025-01-27,535.5,543.0,543.0,532.0,68.35K,-1.56%
2025-01-28,545.25,535.75,548.5,533.5,77.12K,1.82%
2025-01-29,562.5,544.5,564.75,544.5,90.60K,3.16%
2025-01-30,566.5,560.75,569.75,559.0,96.80K,0.71%
2025-01-31,559.5,569.0,569.0,551.75,87.92K,-1.24%
2025-02-03,566.75,555.0,573.75,550.5,90.75K,1.30%
2025-02-04,577.0,566.5,579.0,558.0,89.54K,1.81%
2025-02-05,572.25,577.25,584.25,569.5,108.67K,-0.82%
2025-02-06,587.75,572.25,588.75,566.5,109.41K,2.71%
2025-02-07,582.75,587.75,592.5,579.75,106.33K,-0.85%
2025-02-10,579.5,581.25,586.0,576.25,105.43K,-0.56%
2025-02-11,577.0,579.0,588.0,575.75,110.23K,-0.43%
2025-02-12,574.25,576.25,584.5,572.75,113.05K,-0.48%
2025-02-13,577.75,574.0,581.0,571.5,91.31K,0.61%
2025-02-14,600.0,577.25,602.75,577.25,103.50K,3.85%
2025-02-18,617.75,612.0,621.75,606.5,95.07K,2.96%
2025-02-19,606.5,617.75,621.25,603.5,77.01K,-1.82%
2025-02-20,600.25,607.0,609.75,598.25,56.78K,-1.03%
2025-02-21,604.0,600.0,608.0,599.75,60.21K,0.62%
2025-02-24,593.5,603.75,604.0,589.25,73.40K,-1.74%
2025-02-25,587.75,593.75,595.75,579.5,84.45K,-0.97%
2025-02-26,579.75,588.75,592.75,577.5,75.49K,-1.36%
2025-02-27,562.5,579.25,580.25,560.0,87.52K,-2.98%
2025-02-28,555.75,563.0,570.25,555.0,74.06K,-1.20%
2025-03-03,547.75,557.5,563.5,545.25,89.70K,-1.44%
2025-03-04,536.75,547.75,551.75,530.0,112.38K,-2.01%
2025-03-05,548.25,539.0,551.0,537.0,84.23K,2.14%
2025-03-06,554.0,550.25,562.0,544.75,84.19K,1.05%
2025-03-07,551.25,554.0,555.5,544.5,62.47K,-0.50%
2025-03-10,545.25,548.25,548.25,545.0,0.01K,-1.09%
2025-03-11,541.0,543.75,544.0,542.5,0.02K,-0.78%
2025-03-12,538.75,534.0,534.0,534.0,0.00K,-0.42%
2025-03-13,547.25,549.0,551.25,549.0,0.02K,1.58%
2025-03-14,545.75,545.75,545.75,545.75,0.01K,-0.27%
2025-03-17,568.5,559.0,575.25,559.0,78.72K,4.17%
2025-03-18,565.0,568.75,574.75,563.5,64.45K,-0.62%
2025-03-19,563.5,564.25,568.5,558.0,62.18K,-0.27%
2025-03-20,557.25,565.25,568.0,552.25,62.33K,-1.11%
2025-03-21,558.25,557.75,563.0,553.25,47.01K,0.18%
2025-03-24,548.25,561.25,563.0,545.25,53.65K,-1.79%
2025-03-25,543.25,548.0,549.5,541.0,57.05K,-0.91%
2025-03-26,535.25,544.0,545.75,535.0,57.62K,-1.47%
2025-03-27,532.0,536.25,537.25,526.5,73.56K,-0.61%
2025-03-28,528.25,531.75,533.0,517.5,81.82K,-0.70%
2025-03-31,537.0,529.5,539.25,523.5,83.02K,1.66%
2025-04-01,540.5,539.0,544.0,533.25,62.41K,0.65%
2025-04-02,539.25,541.75,543.0,532.5,58.99K,-0.23%
2025-04-03,536.0,526.75,542.0,525.25,80.92K,-0.60%
2025-04-04,529.0,536.75,539.5,520.5,82.63K,-1.31%
2025-04-07,536.5,530.75,546.5,525.75,96.85K,1.42%
2025-04-08,540.0,537.5,545.75,533.75,92.72K,0.65%
2025-04-09,542.25,539.75,546.0,536.5,85.23K,0.42%
2025-04-10,538.0,543.75,547.5,534.5,112.11K,-0.78%
2025-04-11,555.75,537.5,556.75,536.5,123.04K,3.30%
2025-04-14,561.75,568.75,570.0,557.75,75.76K,1.08%
2025-04-15,556.0,561.25,565.0,554.5,68.27K,-1.02%
2025-04-16,561.0,556.5,564.5,550.75,70.93K,0.90%
2025-04-17,562.25,562.0,569.25,561.25,52.32K,0.22%
2025-04-21,552.25,562.0,566.5,551.25,41.09K,-1.78%
2025-04-22,550.25,554.25,555.25,545.5,62.53K,-0.36%
2025-04-23,543.5,550.75,552.25,543.0,51.82K,-1.23%
2025-04-24,544.5,545.0,545.5,539.25,61.55K,0.18%
2025-04-25,545.0,545.25,549.75,542.5,54.39K,0.09%
2025-04-28,531.0,544.0,544.0,527.25,99.54K,-2.57%
2025-04-29,525.5,533.0,537.0,523.75,77.07K,-1.04%
2025-04-30,530.75,526.25,539.75,523.25,87.62K,1.00%
2025-05-01,531.0,532.5,537.75,528.5,55.49K,0.05%
2025-05-02,543.0,530.75,546.75,530.5,67.58K,2.26%
2025-05-05,531.25,545.25,548.0,530.75,63.84K,-2.16%
2025-05-06,536.0,533.25,538.75,528.25,54.83K,0.89%
2025-05-07,534.25,536.0,545.0,533.0,58.19K,-0.33%
2025-05-08,529.25,532.5,538.5,525.5,53.54K,-0.94%
2025-05-09,521.75,531.5,533.75,520.75,57.37K,-1.42%
2025-05-12,499.0,499.0,499.0,499.0,0.02K,-4.36%
2025-05-13,501.5,501.5,501.5,501.5,0.02K,0.50%
2025-05-14,508.75,508.75,508.75,508.75,0.03K,1.45%
2025-05-15,532.75,524.5,533.25,521.75,69.75K,4.72%
2025-05-16,525.0,533.5,533.5,523.5,49.36K,-1.45%
2025-05-19,529.0,527.0,536.0,524.5,64.29K,0.76%
2025-05-20,546.0,530.0,547.5,528.75,86.59K,3.21%
2025-05-21,549.25,546.0,556.25,545.0,85.81K,0.60%
2025-05-22,544.5,548.25,552.0,541.25,85.21K,-0.86%
2025-05-23,542.5,545.0,548.5,538.5,61.67K,-0.37%
2025-05-26,543.5,544.0,544.0,543.5,61.67K,0.18%
2025-05-27,528.5,543.5,544.0,527.5,66.90K,-2.76%
2025-05-28,530.25,531.0,535.75,526.75,60.15K,0.33%
2025-05-29,534.0,533.0,534.75,527.25,48.25K,0.71%
2025-05-30,534.0,534.25,538.5,531.25,49.02K,0.00%
2025-06-02,539.0,534.0,549.5,533.25,82.57K,0.94%
2025-06-03,536.0,538.0,545.5,531.75,80.64K,-0.56%
2025-06-04,543.25,535.5,547.5,533.5,73.11K,1.35%
2025-06-05,545.5,543.5,549.25,540.5,68.30K,0.41%
2025-06-06,554.75,545.25,555.75,540.25,97.20K,1.70%
2025-06-09,542.0,556.0,557.75,540.0,102.60K,-2.30%
2025-06-10,534.5,540.0,542.0,530.75,90.16K,-1.38%
2025-06-11,534.25,535.0,539.25,532.0,72.45K,-0.05%
2025-06-12,526.5,534.25,537.0,526.0,93.65K,-1.45%
2025-06-13,543.75,526.75,544.75,522.25,102.19K,3.28%
2025-06-16,536.5,545.0,546.75,531.75,77.42K,-1.33%
2025-06-17,549.0,536.25,552.25,536.25,71.24K,2.33%
2025-06-18,574.25,549.0,575.0,547.0,105.22K,4.60%
2025-06-19,573.5,573.25,573.5,572.0,,-0.13%
2025-06-20,567.75,573.0,578.25,565.5,49.12K,-1.00%
2025-06-23,569.5,583.0,585.75,566.25,95.61K,0.31%
2025-06-24,552.0,569.5,569.5,551.5,91.12K,-3.07%
2025-06-25,544.5,551.75,553.5,542.5,68.31K,-1.36%
2025-06-26,536.75,543.75,547.75,536.25,73.66K,-1.42%
2025-06-27,540.75,537.0,545.25,536.5,59.26K,0.75%
2025-06-30,538.25,540.25,545.25,534.75,65.97K,-0.46%
2025-07-01,549.0,537.25,550.25,535.75,96.79K,2.00%
2025-07-02,564.0,549.75,565.5,544.75,86.57K,2.73%
2025-07-03,556.75,563.0,568.75,556.25,77.29K,-1.29%
2025-07-07,548.5,553.0,553.75,541.5,65.51K,-1.48%
2025-07-08,547.75,548.5,550.0,542.0,57.57K,-0.14%
2025-07-09,547.0,547.0,551.25,541.75,46.11K,-0.14%
2025-07-10,554.5,547.0,555.5,541.0,52.22K,1.37%
2025-07-11,545.0,554.5,557.5,544.0,67.75K,-1.71%
2025-07-14,534.0,534.0,534.0,534.0,0.01K,-2.02%
2025-07-15,538.0,541.5,545.25,535.5,56.17K,0.75%
2025-07-16,541.25,538.25,543.5,533.5,59.09K,0.60%
2025-07-17,533.5,541.0,542.75,532.0,55.43K,-1.43%
2025-07-18,546.25,533.5,550.25,533.0,82.55K,2.39%
2025-07-21,542.25,546.0,549.5,541.0,43.97K,-0.73%
2025-07-22,549.5,541.75,552.75,536.75,62.60K,1.34%
2025-07-23,540.5,548.25,552.25,540.0,49.14K,-1.64%
2025-07-24,541.5,540.75,546.0,535.0,56.77K,0.19%
2025-07-25,538.25,541.0,544.0,534.0,37.48K,-0.60%
2025-07-28,538.5,536.5,540.0,532.25,45.18K,0.05%
2025-07-29,529.75,538.25,539.0,526.0,80.22K,-1.62%
2025-07-30,523.75,529.75,532.0,523.25,64.99K,-1.13%
2025-07-31,523.25,523.25,525.75,516.75,77.08K,-0.10%
2025-08-01,516.75,523.0,526.0,516.25,62.48K,-1.24%
2025-08-04,516.75,517.5,523.0,513.0,71.05K,0.00%
2025-08-05,508.25,516.75,517.5,507.0,67.61K,-1.64%
2025-08-06,508.5,508.25,509.5,504.0,65.19K,0.05%
2025-08-07,518.25,508.5,520.0,508.5,81.83K,1.92%
2025-08-08,514.5,518.0,521.75,513.75,78.25K,-0.72%
2025-08-11,535.5,536.5,542.75,533.75,69.68K,4.08%
2025-08-12,526.0,534.5,535.5,524.0,104.88K,-1.77%
2025-08-13,528.25,525.5,531.0,523.25,78.03K,0.43%
2025-08-14,524.5,527.0,529.75,521.5,72.67K,-0.71%
2025-08-15,527.0,525.0,529.0,523.0,61.36K,0.48%
2025-08-18,525.0,526.5,530.0,521.75,80.76K,-0.38%
2025-08-19,521.25,525.0,525.0,519.5,71.07K,-0.71%
2025-08-20,528.25,521.0,530.75,517.25,94.30K,1.34%
2025-08-21,529.75,529.0,534.25,525.25,96.78K,0.28%
2025-08-22,527.25,529.25,532.0,526.5,72.52K,-0.47%
2025-08-25,529.75,527.75,535.5,526.75,70.07K,0.47%
2025-08-26,531.75,529.75,534.5,527.0,71.02K,0.38%
2025-08-27,524.25,531.25,532.75,523.25,82.27K,-1.41%
2025-08-28,529.0,524.25,530.0,520.25,68.52K,0.91%
2025-08-29,534.25,529.0,534.75,527.0,68.84K,0.99%
2025-09-01,530.25,533.75,533.75,529.75,,-0.75%
2025-09-02,528.25,530.5,532.0,522.25,83.34K,-0.38%
2025-09-03,522.0,528.25,530.0,521.75,62.62K,-1.18%
2025-09-04,519.5,522.0,522.5,514.5,70.09K,-0.48%
2025-09-05,519.25,520.25,523.5,518.0,41.62K,-0.05%
2025-09-08,505.5,503.25,503.25,502.0,0.01K,-2.65%
2025-09-09,500.75,503.75,506.75,503.0,0.03K,-0.94%
2025-09-10,495.0,498.0,498.0,498.0,0.02K,-1.15%
2025-09-11,503.0,501.75,501.75,496.25,0.00K,1.62%
2025-09-12,503.0,503.0,503.0,503.0,0.00K,0.00%
2025-09-15,525.0,522.75,529.25,520.25,55.50K,4.37%
2025-09-16,534.0,525.0,534.5,524.0,46.74K,1.71%
2025-09-17,528.25,533.5,535.75,526.0,49.32K,-1.08%
2025-09-18,524.25,528.25,532.25,523.0,39.93K,-0.76%
2025-09-19,522.5,525.0,526.75,520.25,45.05K,-0.33%
2025-09-22,510.75,522.25,523.0,508.5,86.79K,-2.25%
2025-09-23,520.5,511.0,521.0,507.25,71.97K,1.91%
2025-09-24,519.5,520.5,524.5,519.0,53.33K,-0.19%
2025-09-25,527.0,520.5,527.5,518.25,56.45K,1.44%
2025-09-26,519.75,526.25,527.75,518.75,52.73K,-1.38%
2025-09-29,519.5,519.0,522.5,516.75,44.89K,-0.05%
2025-09-30,508.0,519.5,519.75,506.75,85.75K,-2.21%
2025-10-01,509.25,508.0,510.25,502.0,82.92K,0.25%
2025-10-02,514.75,509.0,516.0,508.25,57.22K,1.08%
2025-10-03,515.25,514.0,518.5,512.75,47.46K,0.10%
2025-10-06,512.75,515.25,518.25,512.0,49.99K,-0.49%
2025-10-07,506.75,513.0,514.25,505.75,53.56K,-1.17%
2025-10-08,507.25,507.0,508.75,503.75,44.07K,0.10%
2025-10-09,506.5,508.0,513.5,506.5,79.09K,-0.15%
2025-10-10,498.5,508.5,509.5,496.75,63.51K,-1.58%
2025-10-13,496.75,499.25,501.75,494.5,,-0.35%
2025-10-14,500.25,498.5,501.75,492.25,65.74K,0.70%
2025-10-15,498.75,501.0,501.25,494.75,57.00K,-0.30%
2025-10-16,502.5,500.0,503.75,495.25,53.29K,0.75%
2025-10-17,503.75,502.25,505.0,500.25,38.18K,0.25%
2025-10-20,504.75,505.0,507.25,502.0,37.58K,0.20%
2025-10-21,500.25,504.75,506.25,498.0,41.04K,-0.89%
2025-10-22,503.75,501.75,505.5,498.25,45.47K,0.70%
2025-10-23,513.0,504.75,513.5,502.5,58.19K,1.84%
2025-10-24,512.5,512.0,515.5,509.75,59.01K,-0.10%
2025-10-27,526.0,517.0,530.5,516.75,109.47K,2.63%
2025-10-28,529.0,524.0,535.0,524.0,105.30K,0.57%
2025-10-29,532.25,528.5,533.75,526.75,90.09K,0.61%
2025-10-30,524.25,533.25,535.5,520.25,101.55K,-1.50%
2025-10-31,534.0,524.25,534.25,517.25,111.38K,1.86%
2025-11-03,543.5,534.0,545.0,531.25,145.87K,1.78%
2025-11-04,550.25,542.75,550.5,539.75,116.42K,1.24%
2025-11-05,554.75,549.5,555.0,546.25,72.20K,0.82%
2025-11-06,535.5,552.75,554.5,534.5,119.14K,-3.47%
2025-11-07,527.75,535.5,537.5,526.25,127.66K,-1.45%
2025-11-10,535.75,528.0,537.25,527.5,92.41K,1.52%
2025-11-11,536.0,535.75,539.0,531.25,80.36K,0.05%
2025-11-12,536.0,536.0,536.75,527.5,95.69K,0.00%
2025-11-13,535.75,536.25,539.25,530.75,92.76K,-0.05%
2025-11-14,527.25,535.75,544.5,524.5,85.22K,-1.59%
2025-11-17,558.5,541.0,559.75,540.5,91.65K,5.93%
2025-11-18,559.0,558.0,563.25,554.5,75.64K,0.09%
2025-11-19,549.5,558.75,562.5,548.5,68.04K,-1.70%
2025-11-20,540.75,549.25,555.25,539.75,76.65K,-1.59%
2025-11-21,539.75,541.5,545.0,535.75,69.72K,-0.18%
2025-11-24,534.75,540.75,541.75,531.75,61.42K,-0.93%
2025-11-25,539.25,534.75,540.5,532.5,69.58K,0.84%
2025-11-26,540.5,538.5,544.75,535.75,72.21K,0.23%
2025-11-27,541.0,541.0,541.25,541.0,,0.09%
2025-11-28,538.5,540.5,542.75,534.75,23.91K,-0.46%
2025-12-01,535.0,539.0,541.75,532.5,61.05K,-0.65%
2025-12-02,541.0,535.0,544.5,529.75,75.31K,1.12%
2025-12-03,538.25,541.0,542.5,537.25,46.73K,-0.51%
2025-12-04,540.25,538.75,541.75,531.5,57.14K,0.37%
2025-12-05,535.75,539.75,541.75,534.25,48.90K,-0.83%
2025-12-08,536.0,536.0,541.25,536.0,0.03K,0.05%
2025-12-09,536.25,535.5,535.5,535.0,0.01K,0.05%
2025-12-10,531.25,526.5,530.25,526.5,0.03K,-0.93%
2025-12-11,534.5,534.5,534.5,534.5,0.01K,0.61%
2025-12-12,534.5,534.5,534.5,534.5,0.00K,0.00%
2025-12-15,520.75,529.5,529.5,519.5,79.49K,-2.57%
2025-12-16,509.5,521.0,522.25,507.5,116.62K,-2.16%
2025-12-17,506.25,510.75,511.5,504.0,93.08K,-0.64%
2025-12-18,507.75,507.75,510.75,505.5,82.03K,0.30%
2025-12-19,509.75,507.75,511.25,505.5,58.22K,0.39%
2025-12-22,515.5,511.0,518.25,510.0,43.61K,1.13%
2025-12-23,517.0,514.25,518.75,513.75,41.46K,0.29%
2025-12-24,521.75,518.5,525.0,518.0,33.00K,0.92%
2025-12-26,519.0,522.5,524.5,517.0,38.02K,-0.53%
2025-12-29,513.0,518.0,521.0,512.0,43.20K,-1.16%
2025-12-30,510.75,512.75,515.5,510.0,36.30K,-0.44%
2025-12-31,507.0,510.25,512.0,506.0,40.23K,-0.73%
